plato,MAE_naive7,RMSE_naive7,MAE_mm7,RMSE_mm7
Arroz Chaufa,10.330275229357799,12.805711168541562,8.30570117955439,10.27345408457812
Ceviche Clásico,13.674311926605505,16.925768856277898,10.868610747051113,13.68748917971939
Lomo Saltado,18.63302752293578,23.48354879953589,15.142201834862385,18.773322884483452
Pollo a la Brasa,15.672018348623853,19.72883839003664,12.61173001310616,15.709425258096227
Tallarines Verdes,7.302752293577981,9.250836808169094,6.034403669724771,7.459379482101988
