fecha,cantidad,predicho,error_abs,error_%
2025-01-09,2.0,2.0991414,0.09914135932922363,4.957067966461182
2025-01-09,21.0,22.785515,1.7855148315429688,8.502451578776041
2025-01-09,2.0,2.345513,0.34551310539245605,17.275655269622803
2025-01-09,5.0,4.0631614,0.9368386268615723,18.736772537231445
2025-01-09,2.0,2.6378334,0.6378333568572998,31.89166784286499
2025-01-09,7.0,7.795954,0.7959542274475098,11.370774677821569
2025-01-09,24.0,20.231089,3.768911361694336,15.703797340393066
2025-01-09,14.0,13.723976,0.27602386474609375,1.9715990339006697
2025-01-09,7.0,8.460376,1.4603757858276367,20.862511226109095
2025-01-09,26.0,25.840374,0.15962600708007812,0.6139461810772235
2025-01-10,20.0,19.811289,0.18871116638183594,0.9435558319091797
2025-01-10,7.0,7.795954,0.7959542274475098,11.370774677821569
2025-01-10,7.0,6.155451,0.8445491790771484,12.064988272530693
2025-01-10,8.0,8.831167,0.8311672210693359,10.3895902633667
2025-01-10,5.0,6.023812,1.0238118171691895,20.47623634338379
2025-01-10,6.0,6.023812,0.023811817169189453,0.3968636194864909
2025-01-10,14.0,15.059639,1.0596389770507812,7.568849836077009
2025-01-10,1.0,1.3308711,0.3308711051940918,33.08711051940918
2025-01-10,12.0,11.023711,0.9762887954711914,8.135739962259928
2025-01-10,21.0,22.785515,1.7855148315429688,8.502451578776041
2025-01-10,3.0,2.9072974,0.09270262718200684,3.090087572733561
2025-01-11,3.0,3.7227473,0.7227473258972168,24.091577529907227
2025-01-11,14.0,15.096238,1.096238136291504,7.830272402082171
2025-01-11,2.0,2.1152318,0.11523175239562988,5.761587619781494
2025-01-11,10.0,9.878982,0.1210184097290039,1.210184097290039
2025-01-11,7.0,6.1739883,0.8260116577148438,11.800166538783483
2025-01-11,15.0,17.13134,2.1313400268554688,14.208933512369791
2025-01-11,4.0,5.228891,1.2288908958435059,30.722272396087646
2025-01-11,10.0,9.375706,0.6242942810058594,6.242942810058594
2025-01-11,4.0,5.0825644,1.082564353942871,27.064108848571777
2025-01-11,22.0,21.663109,0.33689117431640625,1.5313235196200283
2025-01-11,6.0,6.0461144,0.046114444732666016,0.768574078877767
2025-01-11,3.0,2.9267466,0.07325339317321777,2.4417797724405923
2025-01-12,5.0,4.085464,0.9145359992980957,18.290719985961914
2025-01-12,24.0,20.312141,3.6878585815429688,15.366077423095703
2025-01-12,2.0,2.6539235,0.653923511505127,32.69617557525635
2025-01-12,5.0,4.9974823,0.0025177001953125,0.05035400390625
2025-01-12,10.0,7.9080963,2.0919036865234375,20.919036865234375
2025-01-12,36.0,35.97461,0.025390625,0.0705295138888889
2025-01-12,34.0,32.811317,1.1886825561523438,3.496125165153952
2025-01-12,25.0,22.594936,2.4050636291503906,9.620254516601562
2025-01-12,27.0,27.529877,0.529876708984375,1.9625063295717593
2025-01-12,15.0,14.09953,0.9004697799682617,6.003131866455078
2025-01-12,11.0,9.946789,1.0532112121582031,9.574647383256393
2025-01-12,7.0,7.818257,0.8182568550109863,11.689383643014091
2025-01-13,6.0,6.9771433,0.9771432876586914,16.28572146097819
2025-01-13,2.0,2.3417482,0.3417482376098633,17.087411880493164
2025-01-13,7.0,8.460376,1.4603757858276367,20.862511226109095
2025-01-13,15.0,13.16496,1.8350400924682617,12.233600616455078
2025-01-13,1.0,1.3308711,0.3308711051940918,33.08711051940918
2025-01-13,12.0,13.888381,1.888381004333496,15.7365083694458
2025-01-13,3.0,3.866878,0.8668780326843262,28.89593442281087
2025-01-13,16.0,14.899431,1.1005687713623047,6.878554821014404
2025-01-13,1.0,1.3308711,0.3308711051940918,33.08711051940918
2025-01-13,19.0,19.101206,0.10120582580566406,0.5326622410824424
2025-01-13,12.0,11.730755,0.2692451477050781,2.2437095642089844
2025-01-13,2.0,2.3139675,0.3139674663543701,15.698373317718506
2025-01-14,23.0,24.31145,1.3114490509033203,5.701952395231827
2025-01-14,11.0,10.690027,0.30997276306152344,2.817934209650213
2025-01-14,23.0,23.748411,0.7484111785888672,3.253961646038553
2025-01-14,11.0,10.78242,0.21757984161376953,1.9779985601251775
2025-01-14,16.0,14.098142,1.9018583297729492,11.886614561080933
2025-01-14,12.0,10.78242,1.2175798416137695,10.146498680114746
2025-01-14,3.0,2.9072974,0.09270262718200684,3.090087572733561
2025-01-14,5.0,6.0154266,1.0154266357421875,20.30853271484375
2025-01-14,3.0,2.9035325,0.09646749496459961,3.215583165486654
2025-01-14,3.0,3.703805,0.7038049697875977,23.46016565958659
2025-01-14,4.0,3.798889,0.2011110782623291,5.0277769565582275
2025-01-14,21.0,21.289272,0.2892723083496094,1.3774871826171875
2025-01-15,11.0,9.92449,1.075510025024414,9.77736386385831
2025-01-15,6.0,6.694987,0.6949868202209473,11.583113670349121
2025-01-15,14.0,15.059639,1.0596389770507812,7.568849836077009
2025-01-15,2.0,2.0991414,0.09914135932922363,4.957067966461182
2025-01-15,14.0,13.723976,0.27602386474609375,1.9715990339006697
2025-01-15,18.0,16.369427,1.6305732727050781,9.058740403917101
2025-01-15,12.0,11.730755,0.2692451477050781,2.2437095642089844
2025-01-15,8.0,9.006882,1.0068817138671875,12.586021423339844
2025-01-15,27.0,27.909208,0.9092082977294922,3.36743813973886
2025-01-15,5.0,5.32525,0.32525014877319336,6.505002975463867
2025-01-15,3.0,2.9072974,0.09270262718200684,3.090087572733561
2025-01-15,23.0,22.300272,0.6997280120849609,3.0422957047172217
2025-01-16,5.0,5.213567,0.21356678009033203,4.271335601806641
2025-01-16,11.0,10.78242,0.21757984161376953,1.9779985601251775
2025-01-16,2.0,2.0991414,0.09914135932922363,4.957067966461182
2025-01-16,20.0,19.811289,0.18871116638183594,0.9435558319091797
2025-01-16,2.0,2.6378334,0.6378333568572998,31.89166784286499
2025-01-16,15.0,13.31762,1.6823797225952148,11.215864817301432
2025-01-16,19.0,17.935461,1.0645389556884766,5.602836608886719
2025-01-16,17.0,18.402813,1.4028129577636719,8.251840928021599
2025-01-16,6.0,5.3290153,0.6709847450256348,11.18307908376058
2025-01-16,2.0,2.3417482,0.3417482376098633,17.087411880493164
2025-01-16,13.0,14.090008,1.0900077819824219,8.38467524601863
2025-01-16,4.0,5.0602617,1.0602617263793945,26.506543159484863
2025-01-17,2.0,2.6378334,0.6378333568572998,31.89166784286499
2025-01-17,7.0,7.795954,0.7959542274475098,11.370774677821569
2025-01-17,2.0,2.0991414,0.09914135932922363,4.957067966461182
2025-01-17,12.0,13.888381,1.888381004333496,15.7365083694458
2025-01-17,7.0,7.0170484,0.017048358917236328,0.24354798453194754
2025-01-17,3.0,2.9072974,0.09270262718200684,3.090087572733561
2025-01-17,4.0,3.9682593,0.031740665435791016,0.7935166358947754
2025-01-17,15.0,13.643414,1.3565864562988281,9.043909708658854
2025-01-17,16.0,17.306314,1.306314468383789,8.164465427398682
2025-01-17,26.0,25.833338,0.16666221618652344,0.6410085237943209
2025-01-17,7.0,6.9771433,0.022856712341308594,0.3265244620186942
2025-01-17,7.0,6.9771433,0.022856712341308594,0.3265244620186942
2025-01-18,1.0,1.3469616,0.3469616174697876,34.69616174697876
2025-01-18,14.0,15.096238,1.096238136291504,7.830272402082171
2025-01-18,23.0,24.45893,1.4589290618896484,6.343169834302819
2025-01-18,2.0,2.1152318,0.11523175239562988,5.761587619781494
2025-01-18,14.0,13.791554,0.20844554901123047,1.4888967786516463
2025-01-18,11.0,10.712326,0.2876739501953125,2.6152177290482954
2025-01-18,21.0,18.949768,2.05023193359375,9.763009207589286
2025-01-18,6.0,6.999446,0.999445915222168,16.657431920369465
2025-01-18,6.0,5.3631663,0.636833667755127,10.61389446258545
2025-01-18,9.0,8.9056835,0.09431648254394531,1.047960917154948
2025-01-18,9.0,9.029181,0.029180526733398438,0.32422807481553817
2025-01-18,3.0,2.9267466,0.07325339317321777,2.4417797724405923
2025-01-19,24.0,21.196026,2.803974151611328,11.683225631713867
2025-01-19,8.0,7.1040087,0.895991325378418,11.199891567230225
2025-01-19,17.0,16.662733,0.3372669219970703,1.9839230705710018
2025-01-19,24.0,24.790659,0.7906589508056641,3.2944122950236
2025-01-19,12.0,11.845447,0.15455341339111328,1.2879451115926106
2025-01-19,7.0,7.818257,0.8182568550109863,11.689383643014091
2025-01-19,7.0,6.999446,0.0005540847778320312,0.007915496826171875
2025-01-19,25.0,24.829975,0.17002487182617188,0.6800994873046875
2025-01-19,5.0,4.9974823,0.0025177001953125,0.05035400390625
2025-01-19,32.0,32.286583,0.28658294677734375,0.8955717086791992
2025-01-19,1.0,1.3469616,0.3469616174697876,34.69616174697876
2025-01-19,4.0,3.9877088,0.012291193008422852,0.3072798252105713
2025-01-20,3.0,3.703805,0.7038049697875977,23.46016565958659
2025-01-20,14.0,15.059639,1.0596389770507812,7.568849836077009
2025-01-20,5.0,5.32525,0.32525014877319336,6.505002975463867
2025-01-20,10.0,9.800808,0.19919204711914062,1.9919204711914062
2025-01-20,11.0,12.838138,1.8381376266479492,16.710342060435902
2025-01-20,8.0,8.831167,0.8311672210693359,10.3895902633667
2025-01-20,14.0,13.362556,0.6374435424804688,4.553168160574777
2025-01-20,4.0,5.0602617,1.0602617263793945,26.506543159484863
2025-01-20,1.0,1.495237,0.49523699283599854,49.52369928359985
2025-01-20,11.0,11.665165,0.6651649475097656,6.046954068270597
2025-01-20,2.0,2.3139675,0.3139674663543701,15.698373317718506
2025-01-21,14.0,15.059639,1.0596389770507812,7.568849836077009
2025-01-21,1.0,1.495237,0.49523699283599854,49.52369928359985
2025-01-21,5.0,5.213567,0.21356678009033203,4.271335601806641
2025-01-21,2.0,2.3417482,0.3417482376098633,17.087411880493164
2025-01-21,21.0,22.785515,1.7855148315429688,8.502451578776041
2025-01-21,1.0,1.3308711,0.3308711051940918,33.08711051940918
2025-01-21,3.0,2.9072974,0.09270262718200684,3.090087572733561
2025-01-21,12.0,11.730755,0.2692451477050781,2.2437095642089844
2025-01-21,12.0,12.3490715,0.3490715026855469,2.908929189046224
2025-01-21,2.0,2.7828245,0.7828245162963867,39.141225814819336
2025-01-21,3.0,2.6609256,0.33907437324523926,11.302479108174643
2025-01-21,9.0,8.692674,0.3073263168334961,3.414736853705512
2025-01-22,5.0,5.32525,0.32525014877319336,6.505002975463867
2025-01-22,1.0,1.3308711,0.3308711051940918,33.08711051940918
2025-01-22,6.0,5.3290153,0.6709847450256348,11.18307908376058
2025-01-22,30.0,26.58974,3.410259246826172,11.367530822753906
2025-01-22,8.0,7.795954,0.20404577255249023,2.550572156906128
2025-01-22,8.0,6.688271,1.3117289543151855,16.39661192893982
2025-01-22,15.0,14.740364,0.25963592529296875,1.7309061686197917
2025-01-22,10.0,9.006882,0.9931182861328125,9.931182861328125
2025-01-22,35.0,35.642467,0.6424674987792969,1.8356214250837053
2025-01-22,7.0,7.795954,0.7959542274475098,11.370774677821569
2025-01-22,19.0,17.89659,1.1034107208251953,5.807424846448396
2025-01-22,16.0,17.306314,1.306314468383789,8.164465427398682
2025-01-23,24.0,25.566801,1.5668010711669922,6.528337796529134
2025-01-23,32.0,27.84204,4.157960891723633,12.993627786636353
2025-01-23,6.0,6.9771433,0.9771432876586914,16.28572146097819
2025-01-23,2.0,2.6378334,0.6378333568572998,31.89166784286499
2025-01-23,22.0,19.544533,2.4554672241210938,11.16121465509588
2025-01-23,18.0,16.626127,1.3738727569580078,7.632626427544488
2025-01-23,6.0,5.3370986,0.6629014015197754,11.048356691996256
2025-01-23,11.0,9.92449,1.075510025024414,9.77736386385831
2025-01-23,19.0,20.267496,1.267496109008789,6.671032152677837
2025-01-23,3.0,2.6609256,0.33907437324523926,11.302479108174643
2025-01-23,7.0,5.3408637,1.6591362953186035,23.70194707598005
2025-01-23,12.0,11.823148,0.17685222625732422,1.4737685521443684
2025-01-24,3.0,3.703805,0.7038049697875977,23.46016565958659
2025-01-24,8.0,9.006882,1.0068817138671875,12.586021423339844
2025-01-24,4.0,3.9682593,0.031740665435791016,0.7935166358947754
2025-01-24,6.0,6.023812,0.023811817169189453,0.3968636194864909
2025-01-24,8.0,7.795954,0.20404577255249023,2.550572156906128
2025-01-24,19.0,18.758593,0.2414073944091797,1.2705652337325246
2025-01-24,16.0,17.504246,1.5042457580566406,9.401535987854004
2025-01-24,19.0,20.38414,1.3841400146484375,7.2849474455180925
2025-01-24,15.0,14.740364,0.25963592529296875,1.7309061686197917
2025-01-24,4.0,3.798889,0.2011110782623291,5.0277769565582275
2025-01-24,5.0,5.32525,0.32525014877319336,6.505002975463867
2025-01-24,23.0,21.812643,1.187356948852539,5.16242151675017
2025-01-25,16.0,17.661438,1.66143798828125,10.383987426757812
2025-01-25,22.0,21.27287,0.7271308898925781,3.305140408602628
2025-01-25,2.0,2.3334167,0.3334167003631592,16.67083501815796
2025-01-25,12.0,13.534787,1.5347871780395508,12.78989315032959
2025-01-25,2.0,2.6539235,0.653923511505127,32.69617557525635
2025-01-25,6.0,6.999446,0.999445915222168,16.657431920369465
2025-01-25,15.0,13.883127,1.116872787475586,7.445818583170573
2025-01-25,12.0,11.753054,0.2469463348388672,2.0578861236572266
2025-01-25,10.0,9.029181,0.9708194732666016,9.708194732666016
2025-01-25,5.0,5.351318,0.3513178825378418,7.026357650756836
2025-01-25,9.0,9.029181,0.029180526733398438,0.32422807481553817
2025-01-26,20.0,21.57192,1.571920394897461,7.859601974487305
2025-01-26,4.0,3.9877088,0.012291193008422852,0.3072798252105713
2025-01-26,4.0,3.8178313,0.18216872215270996,4.554218053817749
2025-01-26,5.0,5.351318,0.3513178825378418,7.026357650756836
2025-01-26,16.0,15.763995,0.23600482940673828,1.4750301837921143
2025-01-26,15.0,14.232823,0.767176628112793,5.114510854085286
2025-01-26,4.0,4.7934704,0.7934703826904297,19.836759567260742
2025-01-26,13.0,12.691077,0.30892276763916016,2.3763289818396935
2025-01-26,15.0,16.011393,1.011392593383789,6.742617289225261
2025-01-26,6.0,6.999446,0.999445915222168,16.657431920369465
2025-01-26,9.0,8.9056835,0.09431648254394531,1.047960917154948
2025-01-26,37.0,33.60119,3.3988113403320312,9.185976595491976
2025-01-27,38.0,35.990288,2.0097122192382812,5.28871636641653
2025-01-27,10.0,10.78242,0.7824201583862305,7.824201583862305
2025-01-27,13.0,12.580136,0.4198637008666992,3.2297207758976865
2025-01-27,4.0,4.7745266,0.7745265960693359,19.3631649017334
2025-01-27,18.0,16.892038,1.107961654663086,6.155342525906033
2025-01-27,6.0,6.023812,0.023811817169189453,0.3968636194864909
2025-01-27,11.0,10.78242,0.21757984161376953,1.9779985601251775
2025-01-27,5.0,5.32525,0.32525014877319336,6.505002975463867
2025-01-27,28.0,28.324583,0.3245830535888672,1.1592251913888114
2025-01-27,1.0,1.3308711,0.3308711051940918,33.08711051940918
2025-01-27,14.0,15.059639,1.0596389770507812,7.568849836077009
2025-01-27,7.0,5.3408637,1.6591362953186035,23.70194707598005
2025-01-28,10.0,10.78242,0.7824201583862305,7.824201583862305
2025-01-28,2.0,2.0991414,0.09914135932922363,4.957067966461182
2025-01-28,11.0,9.92449,1.075510025024414,9.77736386385831
2025-01-28,4.0,3.9682593,0.031740665435791016,0.7935166358947754
2025-01-28,20.0,18.663727,1.336273193359375,6.681365966796875
2025-01-28,20.0,20.762114,0.7621135711669922,3.810567855834961
2025-01-28,41.0,39.360367,1.6396331787109375,3.9991053139291157
2025-01-28,11.0,10.78242,0.21757984161376953,1.9779985601251775
2025-01-28,19.0,17.935461,1.0645389556884766,5.602836608886719
2025-01-28,26.0,27.24209,1.2420902252197266,4.777270096998948
2025-01-28,3.0,3.703805,0.7038049697875977,23.46016565958659
2025-01-28,9.0,7.088422,1.9115781784057617,21.239757537841797
2025-01-29,11.0,10.78242,0.21757984161376953,1.9779985601251775
2025-01-29,5.0,5.213567,0.21356678009033203,4.271335601806641
2025-01-29,2.0,2.0991414,0.09914135932922363,4.957067966461182
2025-01-29,16.0,15.727396,0.27260398864746094,1.7037749290466309
2025-01-29,6.0,5.3290153,0.6709847450256348,11.18307908376058
2025-01-29,19.0,18.253,0.7469997406005859,3.931577582108347
2025-01-29,9.0,9.92449,0.9244899749755859,10.272110833062065
2025-01-29,10.0,11.160241,1.1602411270141602,11.602411270141602
2025-01-29,22.0,21.640673,0.3593273162841797,1.6333059831099077
2025-01-29,19.0,20.38414,1.3841400146484375,7.2849474455180925
2025-01-29,3.0,2.9072974,0.09270262718200684,3.090087572733561
2025-01-30,17.0,17.7822,0.7821998596191406,4.601175644818475
2025-01-30,4.0,4.0653863,0.06538629531860352,1.634657382965088
2025-01-30,2.0,2.6378334,0.6378333568572998,31.89166784286499
2025-01-30,5.0,4.0631614,0.9368386268615723,18.736772537231445
2025-01-30,18.0,16.8666,1.1333999633789062,6.2966664632161455
2025-01-30,13.0,14.045132,1.0451316833496094,8.039474487304688
2025-01-30,11.0,10.78242,0.21757984161376953,1.9779985601251775
2025-01-30,17.0,16.626127,0.3738727569580078,2.199251511517693
2025-01-30,2.0,2.345513,0.34551310539245605,17.275655269622803
2025-01-30,3.0,2.6609256,0.33907437324523926,11.302479108174643
2025-01-30,19.0,20.38414,1.3841400146484375,7.2849474455180925
2025-01-30,24.0,22.66567,1.334329605102539,5.559706687927246
2025-01-31,23.0,21.612247,1.3877525329589844,6.0337066650390625
2025-01-31,5.0,6.0154266,1.0154266357421875,20.30853271484375
2025-01-31,2.0,2.3139675,0.3139674663543701,15.698373317718506
2025-01-31,1.0,1.3308711,0.3308711051940918,33.08711051940918
2025-01-31,6.0,6.023812,0.023811817169189453,0.3968636194864909
2025-01-31,23.0,21.912807,1.0871925354003906,4.72692406695822
2025-01-31,11.0,10.78242,0.21757984161376953,1.9779985601251775
2025-01-31,2.0,2.0991414,0.09914135932922363,4.957067966461182
2025-01-31,18.0,20.072315,2.072315216064453,11.512862311469185
2025-01-31,7.0,6.155451,0.8445491790771484,12.064988272530693
2025-01-31,10.0,9.856683,0.14331722259521484,1.4331722259521484
2025-01-31,18.0,18.577156,0.5771560668945312,3.206422593858507
2025-02-01,14.0,15.3217745,1.3217744827270508,9.44124630519322
2025-02-01,16.0,14.93603,1.063969612121582,6.649810075759888
2025-02-01,30.0,28.420652,1.5793476104736328,5.264492034912109
2025-02-01,21.0,19.173834,1.8261661529541016,8.696029299781436
2025-02-01,1.0,1.6089832,0.6089831590652466,60.89831590652466
2025-02-01,9.0,9.946789,0.9467887878417969,10.519875420464409
2025-02-01,32.0,32.46735,0.4673500061035156,1.4604687690734863
2025-02-01,10.0,9.029181,0.9708194732666016,9.708194732666016
2025-02-01,13.0,12.602435,0.3975648880004883,3.0581914461576023
2025-02-01,4.0,3.8178313,0.18216872215270996,4.554218053817749
2025-02-01,8.0,7.1040087,0.895991325378418,11.199891567230225
2025-02-02,1.0,1.3469616,0.3469616174697876,34.69616174697876
2025-02-02,23.0,21.485071,1.5149288177490234,6.586647033691406
2025-02-02,17.0,16.685614,0.31438636779785156,1.8493315752814798
2025-02-02,9.0,9.052487,0.05248737335205078,0.5831930372450087
2025-02-02,4.0,3.8178313,0.18216872215270996,4.554218053817749
2025-02-02,8.0,7.818257,0.18174314498901367,2.271789312362671
2025-02-02,4.0,5.0825644,1.082564353942871,27.064108848571777
2025-02-02,13.0,15.10649,2.106490135192871,16.203770270714394
2025-02-02,17.0,18.05305,1.053049087524414,6.194406397202435
2025-02-02,1.0,1.6089832,0.6089831590652466,60.89831590652466
2025-02-02,6.0,6.0461144,0.046114444732666016,0.768574078877767
2025-02-03,28.0,28.538069,0.5380687713623047,1.9216741834368025
2025-02-03,7.0,5.3408637,1.6591362953186035,23.70194707598005
2025-02-03,12.0,13.723976,1.7239761352539062,14.366467793782553
2025-02-03,2.0,2.6378334,0.6378333568572998,31.89166784286499
2025-02-03,32.0,28.556343,3.4436569213867188,10.761427879333496
2025-02-03,14.0,15.6630745,1.6630744934082031,11.879103524344307
2025-02-03,16.0,15.727396,0.27260398864746094,1.7037749290466309
2025-02-03,20.0,17.504246,2.4957542419433594,12.478771209716797
2025-02-03,6.0,4.990387,1.009613037109375,16.826883951822918
2025-02-03,13.0,12.668778,0.3312215805053711,2.5478583115797777
2025-02-03,10.0,7.889559,2.110441207885742,21.104412078857422
2025-02-03,12.0,10.78242,1.2175798416137695,10.146498680114746
2025-02-04,15.0,14.740364,0.25963592529296875,1.7309061686197917
2025-02-04,3.0,2.6609256,0.33907437324523926,11.302479108174643
2025-02-04,23.0,20.537825,2.4621753692626953,10.705110301142154
2025-02-04,21.0,22.785515,1.7855148315429688,8.502451578776041
2025-02-04,4.0,3.9682593,0.031740665435791016,0.7935166358947754
2025-02-04,8.0,7.795954,0.20404577255249023,2.550572156906128
2025-02-04,7.0,7.795954,0.7959542274475098,11.370774677821569
2025-02-04,6.0,5.3408637,0.6591362953186035,10.985604921976725
2025-02-04,30.0,29.106113,0.8938865661621094,2.9796218872070312
2025-02-04,1.0,1.3308711,0.3308711051940918,33.08711051940918
2025-02-04,9.0,9.006882,0.0068817138671875,0.07646348741319445
2025-02-04,37.0,35.938927,1.0610733032226562,2.8677656843855575
2025-02-05,14.0,13.702252,0.2977476119995117,2.1267686571393694
2025-02-05,19.0,19.101206,0.10120582580566406,0.5326622410824424
2025-02-05,3.0,3.703805,0.7038049697875977,23.46016565958659
2025-02-05,10.0,9.800808,0.19919204711914062,1.9919204711914062
2025-02-05,2.0,2.3139675,0.3139674663543701,15.698373317718506
2025-02-05,6.0,6.9771433,0.9771432876586914,16.28572146097819
2025-02-05,3.0,2.6609256,0.33907437324523926,11.302479108174643
2025-02-05,7.0,7.1511126,0.15111255645751953,2.1587508065359935
2025-02-05,10.0,11.666219,1.6662187576293945,16.662187576293945
2025-02-05,13.0,14.822286,1.8222856521606445,14.017581939697266
2025-02-05,11.0,9.92449,1.075510025024414,9.77736386385831
2025-02-05,2.0,2.3417482,0.3417482376098633,17.087411880493164
2025-02-06,12.0,11.823148,0.17685222625732422,1.4737685521443684
2025-02-06,27.0,26.197098,0.8029022216796875,2.973711932146991
2025-02-06,23.0,24.452234,1.4522342681884766,6.314062035602072
2025-02-06,12.0,11.730755,0.2692451477050781,2.2437095642089844
2025-02-06,2.0,2.6378334,0.6378333568572998,31.89166784286499
2025-02-06,20.0,17.293535,2.7064647674560547,13.532323837280273
2025-02-06,6.0,4.990387,1.009613037109375,16.826883951822918
2025-02-06,8.0,7.077941,0.9220590591430664,11.52573823928833
2025-02-06,2.0,2.7828245,0.7828245162963867,39.141225814819336
2025-02-06,4.0,4.0653863,0.06538629531860352,1.634657382965088
2025-02-06,25.0,25.904228,0.9042282104492188,3.616912841796875
2025-02-06,2.0,2.3139675,0.3139674663543701,15.698373317718506
2025-02-07,10.0,9.856683,0.14331722259521484,1.4331722259521484
2025-02-07,22.0,23.361673,1.361673355102539,6.189424341375178
2025-02-07,6.0,6.023812,0.023811817169189453,0.3968636194864909
2025-02-07,5.0,5.32525,0.32525014877319336,6.505002975463867
2025-02-07,7.0,6.9771433,0.022856712341308594,0.3265244620186942
2025-02-07,6.0,4.990387,1.009613037109375,16.826883951822918
2025-02-07,21.0,21.607481,0.6074810028076172,2.892766680036272
2025-02-07,20.0,19.811289,0.18871116638183594,0.9435558319091797
2025-02-07,5.0,6.0154266,1.0154266357421875,20.30853271484375
2025-02-07,15.0,13.301997,1.698002815246582,11.320018768310547
2025-02-07,4.0,4.7745266,0.7745265960693359,19.3631649017334
2025-02-07,7.0,5.3408637,1.6591362953186035,23.70194707598005
2025-02-08,4.0,4.0763655,0.07636547088623047,1.9091367721557617
2025-02-08,21.0,22.925383,1.9253826141357422,9.16848863874163
2025-02-08,9.0,9.946789,0.9467887878417969,10.519875420464409
2025-02-08,2.0,2.1152318,0.11523175239562988,5.761587619781494
2025-02-08,3.0,2.9267466,0.07325339317321777,2.4417797724405923
2025-02-08,11.0,10.288216,0.7117843627929688,6.470766934481534
2025-02-08,14.0,13.724551,0.2754487991333008,1.9674914223807198
2025-02-08,4.0,4.7934704,0.7934703826904297,19.836759567260742
2025-02-08,4.0,4.087689,0.08768892288208008,2.192223072052002
2025-02-08,13.0,14.113829,1.1138286590576172,8.56791276198167
2025-02-08,8.0,7.818257,0.18174314498901367,2.271789312362671
2025-02-08,26.0,25.905394,0.09460639953613281,0.3638707674466647
2025-02-09,11.0,12.212098,1.2120981216430664,11.019073833118785
2025-02-09,5.0,5.7627087,0.7627086639404297,15.254173278808594
2025-02-09,23.0,24.45893,1.4589290618896484,6.343169834302819
2025-02-09,30.0,28.860777,1.1392230987548828,3.797410329182943
2025-02-09,19.0,18.114561,0.8854389190673828,4.660204837196751
2025-02-09,1.0,1.3469616,0.3469616174697876,34.69616174697876
2025-02-09,9.0,7.1069593,1.893040657043457,21.033785078260635
2025-02-09,25.0,20.798843,4.2011566162109375,16.80462646484375
2025-02-09,20.0,18.739147,1.2608528137207031,6.304264068603516
2025-02-09,10.0,9.029181,0.9708194732666016,9.708194732666016
2025-02-09,33.0,32.247154,0.7528457641601562,2.281350800485322
2025-02-09,2.0,2.3334167,0.3334167003631592,16.67083501815796
2025-02-10,8.0,7.077941,0.9220590591430664,11.52573823928833
2025-02-10,9.0,6.155451,2.8445491790771484,31.606101989746094
2025-02-10,23.0,20.287012,2.7129878997802734,11.795599564262059
2025-02-10,5.0,6.0154266,1.0154266357421875,20.30853271484375
2025-02-10,2.0,2.6378334,0.6378333568572998,31.89166784286499
2025-02-10,10.0,9.800808,0.19919204711914062,1.9919204711914062
2025-02-10,18.0,16.626127,1.3738727569580078,7.632626427544488
2025-02-10,6.0,6.023812,0.023811817169189453,0.3968636194864909
2025-02-10,15.0,15.9620075,0.9620075225830078,6.413383483886719
2025-02-10,28.0,28.366728,0.3667278289794922,1.3097422463553292
2025-02-10,31.0,30.904749,0.09525108337402344,0.30726155927104337
2025-02-10,1.0,1.3308711,0.3308711051940918,33.08711051940918
2025-02-11,22.0,21.640673,0.3593273162841797,1.6333059831099077
2025-02-11,10.0,9.006882,0.9931182861328125,9.931182861328125
2025-02-11,19.0,17.935461,1.0645389556884766,5.602836608886719
2025-02-11,5.0,5.32525,0.32525014877319336,6.505002975463867
2025-02-11,22.0,22.85339,0.8533897399902344,3.8790442726828833
2025-02-11,10.0,10.78242,0.7824201583862305,7.824201583862305
2025-02-11,3.0,2.6609256,0.33907437324523926,11.302479108174643
2025-02-11,9.0,9.006882,0.0068817138671875,0.07646348741319445
2025-02-11,20.0,17.504246,2.4957542419433594,12.478771209716797
2025-02-11,5.0,5.743765,0.7437648773193359,14.875297546386719
2025-02-11,25.0,26.080944,1.0809440612792969,4.3237762451171875
2025-02-11,6.0,5.3290153,0.6709847450256348,11.18307908376058
2025-02-12,5.0,6.0154266,1.0154266357421875,20.30853271484375
2025-02-12,20.0,21.464794,1.4647941589355469,7.323970794677734
2025-02-12,4.0,5.2065883,1.2065882682800293,30.164706707000732
2025-02-12,9.0,9.065807,0.06580734252929688,0.7311926947699653
2025-02-12,9.0,7.0846567,1.9153432846069336,21.281592051188152
2025-02-12,1.0,1.3308711,0.3308711051940918,33.08711051940918
2025-02-12,10.0,9.856683,0.14331722259521484,1.4331722259521484
2025-02-12,18.0,18.253489,0.25348854064941406,1.4082696702745225
2025-02-12,2.0,2.0991414,0.09914135932922363,4.957067966461182
2025-02-12,18.0,18.566483,0.5664825439453125,3.147125244140625
2025-02-12,2.0,2.3139675,0.3139674663543701,15.698373317718506
2025-02-12,3.0,3.866878,0.8668780326843262,28.89593442281087
2025-02-13,17.0,18.402813,1.4028129577636719,8.251840928021599
2025-02-13,9.0,9.030189,0.030188560485839844,0.33542844984266496
2025-02-13,6.0,6.023812,0.023811817169189453,0.3968636194864909
2025-02-13,9.0,9.006882,0.0068817138671875,0.07646348741319445
2025-02-13,2.0,2.3139675,0.3139674663543701,15.698373317718506
2025-02-13,19.0,19.101206,0.10120582580566406,0.5326622410824424
2025-02-13,5.0,6.0154266,1.0154266357421875,20.30853271484375
2025-02-13,1.0,1.3308711,0.3308711051940918,33.08711051940918
2025-02-13,10.0,11.147463,1.1474628448486328,11.474628448486328
2025-02-13,16.0,14.282165,1.7178354263305664,10.73647141456604
2025-02-13,3.0,2.6609256,0.33907437324523926,11.302479108174643
2025-02-14,4.0,4.7745266,0.7745265960693359,19.3631649017334
2025-02-14,11.0,9.92449,1.075510025024414,9.77736386385831
2025-02-14,28.0,28.332811,0.3328113555908203,1.1886119842529297
2025-02-14,19.0,17.935461,1.0645389556884766,5.602836608886719
2025-02-14,23.0,23.735632,0.7356319427490234,3.1983997510827105
2025-02-14,21.0,18.254843,2.745157241821289,13.072177342006139
2025-02-14,11.0,12.189799,1.1897993087768555,10.816357352516867
2025-02-14,14.0,13.723976,0.27602386474609375,1.9715990339006697
2025-02-14,4.0,4.054063,0.054062843322753906,1.3515710830688477
2025-02-14,2.0,2.0991414,0.09914135932922363,4.957067966461182
2025-02-14,25.0,24.771992,0.22800827026367188,0.9120330810546875
2025-02-14,3.0,2.9072974,0.09270262718200684,3.090087572733561
2025-02-15,1.0,1.3469616,0.3469616174697876,34.69616174697876
2025-02-15,12.0,13.967913,1.9679126739501953,16.399272282918293
2025-02-15,14.0,15.08346,1.0834598541259766,7.73899895804269
2025-02-15,21.0,18.463905,2.5360946655273438,12.076641264415922
2025-02-15,5.0,5.2358694,0.2358694076538086,4.717388153076172
2025-02-15,6.0,6.999446,0.999445915222168,16.657431920369465
2025-02-15,3.0,2.9229817,0.07701826095581055,2.567275365193685
2025-02-15,5.0,4.085464,0.9145359992980957,18.290719985961914
2025-02-15,4.0,3.8178313,0.18216872215270996,4.554218053817749
2025-02-15,23.0,22.32901,0.670989990234375,2.9173477836277173
2025-02-15,14.0,13.724551,0.2754487991333008,1.9674914223807198
2025-02-15,4.0,5.228891,1.2288908958435059,30.722272396087646
2025-02-16,1.0,1.3469616,0.3469616174697876,34.69616174697876
2025-02-16,4.0,5.0825644,1.082564353942871,27.064108848571777
2025-02-16,4.0,3.8178313,0.18216872215270996,4.554218053817749
2025-02-16,15.0,15.998614,0.9986143112182617,6.657428741455078
2025-02-16,21.0,18.463905,2.5360946655273438,12.076641264415922
2025-02-16,14.0,15.800498,1.8004980087280273,12.860700062343053
2025-02-16,5.0,5.347553,0.3475527763366699,6.951055526733398
2025-02-16,10.0,9.823107,0.1768932342529297,1.7689323425292969
2025-02-16,13.0,12.602435,0.3975648880004883,3.0581914461576023
2025-02-16,17.0,16.836773,0.16322708129882812,0.9601593017578125
2025-02-16,3.0,2.9267466,0.07325339317321777,2.4417797724405923
2025-02-16,8.0,7.818257,0.18174314498901367,2.271789312362671
2025-02-17,24.0,20.530825,3.469175338745117,14.454897244771322
2025-02-17,22.0,21.633636,0.366363525390625,1.6652887517755681
2025-02-17,5.0,6.0154266,1.0154266357421875,20.30853271484375
2025-02-17,3.0,3.703805,0.7038049697875977,23.46016565958659
2025-02-17,5.0,4.0631614,0.9368386268615723,18.736772537231445
2025-02-17,18.0,18.566483,0.5664825439453125,3.147125244140625
2025-02-17,11.0,10.690027,0.30997276306152344,2.817934209650213
2025-02-17,27.0,28.054392,1.054391860961914,3.9051550405996815
2025-02-17,2.0,2.0991414,0.09914135932922363,4.957067966461182
2025-02-17,6.0,6.9704275,0.9704275131225586,16.173791885375977
2025-02-17,6.0,6.023812,0.023811817169189453,0.3968636194864909
2025-02-17,4.0,4.054063,0.054062843322753906,1.3515710830688477
2025-02-18,9.0,9.92449,0.9244899749755859,10.272110833062065
2025-02-18,13.0,12.668778,0.3312215805053711,2.5478583115797777
2025-02-18,15.0,17.051802,2.0518016815185547,13.678677876790365
2025-02-18,7.0,5.3408637,1.6591362953186035,23.70194707598005
2025-02-18,3.0,2.6609256,0.33907437324523926,11.302479108174643
2025-02-18,4.0,4.7745266,0.7745265960693359,19.3631649017334
2025-02-18,18.0,16.626127,1.3738727569580078,7.632626427544488
2025-02-18,25.0,24.764956,0.2350444793701172,0.9401779174804688
2025-02-18,5.0,5.32525,0.32525014877319336,6.505002975463867
2025-02-18,8.0,7.795954,0.20404577255249023,2.550572156906128
2025-02-18,15.0,15.9620075,0.9620075225830078,6.413383483886719
2025-02-18,20.0,18.284143,1.7158565521240234,8.579282760620117
2025-02-19,18.0,16.626127,1.3738727569580078,7.632626427544488
2025-02-19,4.0,5.0602617,1.0602617263793945,26.506543159484863
2025-02-19,17.0,15.958661,1.0413389205932617,6.125523062313304
2025-02-19,28.0,28.332811,0.3328113555908203,1.1886119842529297
2025-02-19,22.0,21.633636,0.366363525390625,1.6652887517755681
2025-02-19,13.0,12.668778,0.3312215805053711,2.5478583115797777
2025-02-19,4.0,3.9682593,0.031740665435791016,0.7935166358947754
2025-02-19,10.0,11.147463,1.1474628448486328,11.474628448486328
2025-02-19,4.0,3.798889,0.2011110782623291,5.0277769565582275
2025-02-19,7.0,6.9771433,0.022856712341308594,0.3265244620186942
2025-02-19,10.0,7.8857937,2.114206314086914,21.14206314086914
2025-02-19,2.0,2.6378334,0.6378333568572998,31.89166784286499
2025-02-20,9.0,9.006882,0.0068817138671875,0.07646348741319445
2025-02-20,23.0,24.452234,1.4522342681884766,6.314062035602072
2025-02-20,18.0,18.566483,0.5664825439453125,3.147125244140625
2025-02-20,20.0,18.638288,1.3617115020751953,6.808557510375977
2025-02-20,3.0,2.9072974,0.09270262718200684,3.090087572733561
2025-02-20,20.0,18.69594,1.3040599822998047,6.520299911499023
2025-02-20,6.0,6.023812,0.023811817169189453,0.3968636194864909
2025-02-20,4.0,4.054063,0.054062843322753906,1.3515710830688477
2025-02-20,6.0,6.9771433,0.9771432876586914,16.28572146097819
2025-02-20,21.0,21.289272,0.2892723083496094,1.3774871826171875
2025-02-21,14.0,15.046861,1.046860694885254,7.477576392037528
2025-02-21,13.0,12.580136,0.4198637008666992,3.2297207758976865
2025-02-21,9.0,8.883385,0.11661529541015625,1.2957255045572917
2025-02-21,22.0,19.988947,2.0110530853271484,9.141150387850674
2025-02-21,4.0,4.7745266,0.7745265960693359,19.3631649017334
2025-02-21,3.0,2.9072974,0.09270262718200684,3.090087572733561
2025-02-21,29.0,29.866419,0.8664188385009766,2.9876511672447466
2025-02-21,25.0,24.764956,0.2350444793701172,0.9401779174804688
2025-02-21,4.0,3.798889,0.2011110782623291,5.0277769565582275
2025-02-21,7.0,6.1516857,0.8483142852783203,12.118775503976005
2025-02-21,21.0,18.80836,2.191640853881836,10.436385018484932
2025-02-21,10.0,10.78242,0.7824201583862305,7.824201583862305
2025-02-22,32.0,30.945698,1.0543022155761719,3.294694423675537
2025-02-22,25.0,25.670166,0.670166015625,2.6806640625
2025-02-22,8.0,9.029181,1.0291805267333984,12.86475658416748
2025-02-22,13.0,11.845447,1.1545534133911133,8.881180103008564
2025-02-22,8.0,7.1002436,0.8997564315795898,11.246955394744873
2025-02-22,24.0,21.796389,2.203611373901367,9.181714057922363
2025-02-22,3.0,3.7227473,0.7227473258972168,24.091577529907227
2025-02-22,14.0,13.724551,0.2754487991333008,1.9674914223807198
2025-02-22,5.0,4.085464,0.9145359992980957,18.290719985961914
2025-02-22,4.0,3.8178313,0.18216872215270996,4.554218053817749
2025-02-22,14.0,13.746275,0.2537250518798828,1.8123217991420202
2025-02-22,32.0,32.29481,0.2948112487792969,0.9212851524353027
2025-02-23,11.0,11.106982,0.10698223114013672,0.9725657376376066
2025-02-23,13.0,12.602435,0.3975648880004883,3.0581914461576023
2025-02-23,8.0,7.09644,0.9035601615905762,11.294502019882202
2025-02-23,2.0,2.1152318,0.11523175239562988,5.761587619781494
2025-02-23,12.0,13.324296,1.324295997619629,11.035799980163574
2025-02-23,12.0,13.746275,1.7462749481201172,14.55229123433431
2025-02-23,10.0,9.029181,0.9708194732666016,9.708194732666016
2025-02-23,3.0,3.7227473,0.7227473258972168,24.091577529907227
2025-02-23,11.0,10.804719,0.1952810287475586,1.77528207952326
2025-02-23,1.0,1.6089832,0.6089831590652466,60.89831590652466
2025-02-23,20.0,21.57192,1.571920394897461,7.859601974487305
2025-02-23,20.0,19.853498,0.1465015411376953,0.7325077056884766
2025-02-24,15.0,17.051802,2.0518016815185547,13.678677876790365
2025-02-24,4.0,5.0602617,1.0602617263793945,26.506543159484863
2025-02-24,12.0,13.301997,1.301997184753418,10.849976539611816
2025-02-24,3.0,2.8856206,0.1143794059753418,3.8126468658447266
2025-02-24,11.0,10.78242,0.21757984161376953,1.9779985601251775
2025-02-24,4.0,3.9682593,0.031740665435791016,0.7935166358947754
2025-02-24,3.0,2.6609256,0.33907437324523926,11.302479108174643
2025-02-24,6.0,6.96099,0.9609899520874023,16.016499201456707
2025-02-24,2.0,2.2463176,0.24631762504577637,12.315881252288818
2025-02-24,19.0,18.227562,0.7724380493164062,4.06546341745477
2025-02-24,1.0,1.3308711,0.3308711051940918,33.08711051940918
2025-02-24,18.0,18.253489,0.25348854064941406,1.4082696702745225
2025-02-25,3.0,2.6609256,0.33907437324523926,11.302479108174643
2025-02-25,15.0,14.740364,0.25963592529296875,1.7309061686197917
2025-02-25,2.0,2.3139675,0.3139674663543701,15.698373317718506
2025-02-25,8.0,7.795954,0.20404577255249023,2.550572156906128
2025-02-25,9.0,9.006882,0.0068817138671875,0.07646348741319445
2025-02-25,16.0,17.293535,1.2935352325439453,8.084595203399658
2025-02-25,24.0,25.566801,1.5668010711669922,6.528337796529134
2025-02-25,5.0,5.304271,0.30427122116088867,6.085424423217773
2025-02-25,31.0,30.816038,0.1839618682861328,0.5934253815681704
2025-02-25,25.0,22.472597,2.527402877807617,10.109611511230469
2025-02-25,6.0,6.9771433,0.9771432876586914,16.28572146097819
2025-02-25,2.0,2.6378334,0.6378333568572998,31.89166784286499
2025-02-26,17.0,18.402813,1.4028129577636719,8.251840928021599
2025-02-26,5.0,6.0154266,1.0154266357421875,20.30853271484375
2025-02-26,27.0,25.521524,1.478475570678711,5.475835446958189
2025-02-26,4.0,4.033084,0.03308391571044922,0.8270978927612305
2025-02-26,7.0,7.0170484,0.017048358917236328,0.24354798453194754
2025-02-26,11.0,10.78242,0.21757984161376953,1.9779985601251775
2025-02-26,3.0,2.9072974,0.09270262718200684,3.090087572733561
2025-02-26,5.0,5.213567,0.21356678009033203,4.271335601806641
2025-02-26,12.0,13.301997,1.301997184753418,10.849976539611816
2025-02-26,19.0,18.253,0.7469997406005859,3.931577582108347
2025-02-26,3.0,3.703805,0.7038049697875977,23.46016565958659
2025-02-27,18.0,16.892038,1.107961654663086,6.155342525906033
2025-02-27,9.0,8.883385,0.11661529541015625,1.2957255045572917
2025-02-27,5.0,4.0499835,0.9500164985656738,19.000329971313477
2025-02-27,6.0,6.694987,0.6949868202209473,11.583113670349121
2025-02-27,7.0,7.795954,0.7959542274475098,11.370774677821569
2025-02-27,3.0,2.6609256,0.33907437324523926,11.302479108174643
2025-02-27,10.0,7.88199,2.1180100440979004,21.180100440979004
2025-02-27,10.0,9.856683,0.14331722259521484,1.4331722259521484
2025-02-27,22.0,22.85339,0.8533897399902344,3.8790442726828833
2025-02-27,9.0,9.006882,0.0068817138671875,0.07646348741319445
2025-02-27,16.0,17.575298,1.5752983093261719,9.845614433288574
2025-02-27,22.0,21.246172,0.7538280487060547,3.426491130482067
2025-02-28,3.0,2.8941195,0.1058804988861084,3.52934996287028
2025-02-28,3.0,3.703805,0.7038049697875977,23.46016565958659
2025-02-28,6.0,6.023812,0.023811817169189453,0.3968636194864909
2025-02-28,10.0,9.800808,0.19919204711914062,1.9919204711914062
2025-02-28,25.0,26.080944,1.0809440612792969,4.3237762451171875
2025-02-28,21.0,21.596807,0.5968074798583984,2.841940380278088
2025-02-28,12.0,13.723976,1.7239761352539062,14.366467793782553
2025-02-28,7.0,6.130707,0.869293212890625,12.418474469866071
2025-02-28,32.0,30.430792,1.5692081451416016,4.903775453567505
2025-02-28,4.0,3.798889,0.2011110782623291,5.0277769565582275
2025-02-28,16.0,15.727396,0.27260398864746094,1.7037749290466309
2025-02-28,14.0,13.851232,0.14876842498779297,1.062631607055664
2025-03-01,33.0,32.609222,0.390777587890625,1.1841745087594697
2025-03-01,29.0,25.700634,3.299365997314453,11.377124128670529
2025-03-01,9.0,8.9056835,0.09431648254394531,1.047960917154948
2025-03-01,5.0,4.072286,0.9277138710021973,18.554277420043945
2025-03-01,37.0,36.0327,0.9673004150390625,2.61432544605152
2025-03-01,9.0,9.946789,0.9467887878417969,10.519875420464409
2025-03-01,2.0,2.1152318,0.11523175239562988,5.761587619781494
2025-03-01,32.0,30.31434,1.685659408569336,5.267685651779175
2025-03-01,10.0,7.864878,2.1351218223571777,21.351218223571777
2025-03-01,21.0,19.359268,1.6407318115234375,7.813008626302083
2025-03-01,5.0,5.7627087,0.7627086639404297,15.254173278808594
2025-03-01,13.0,12.691077,0.30892276763916016,2.3763289818396935
2025-03-02,26.0,25.905394,0.09460639953613281,0.3638707674466647
2025-03-02,2.0,2.6539235,0.653923511505127,32.69617557525635
2025-03-02,19.0,20.443216,1.443216323852539,7.595875388697574
2025-03-02,9.0,7.0241203,1.9758796691894531,21.95421854654948
2025-03-02,23.0,23.832567,0.8325672149658203,3.619857456373132
2025-03-02,3.0,2.677016,0.322983980178833,10.766132672627768
2025-03-02,3.0,3.8863275,0.8863275051116943,29.544250170389812
2025-03-02,4.0,3.9877088,0.012291193008422852,0.3072798252105713
2025-03-02,11.0,11.106982,0.10698223114013672,0.9725657376376066
2025-03-02,13.0,12.602435,0.3975648880004883,3.0581914461576023
2025-03-02,6.0,6.999446,0.999445915222168,16.657431920369465
2025-03-02,11.0,10.804719,0.1952810287475586,1.77528207952326
2025-03-03,5.0,6.0143743,1.0143742561340332,20.287485122680664
2025-03-03,19.0,20.38414,1.3841400146484375,7.2849474455180925
2025-03-03,5.0,6.023812,1.0238118171691895,20.47623634338379
2025-03-03,5.0,4.0631614,0.9368386268615723,18.736772537231445
2025-03-03,1.0,1.495237,0.49523699283599854,49.52369928359985
2025-03-03,3.0,3.703805,0.7038049697875977,23.46016565958659
2025-03-03,2.0,2.2962139,0.29621386528015137,14.810693264007568
2025-03-03,20.0,19.811289,0.18871116638183594,0.9435558319091797
2025-03-03,7.0,7.3013134,0.3013134002685547,4.304477146693638
2025-03-03,6.0,6.023812,0.023811817169189453,0.3968636194864909
2025-03-03,2.0,2.0991414,0.09914135932922363,4.957067966461182
2025-03-03,8.0,9.512677,1.5126771926879883,18.908464908599854
2025-03-04,19.0,17.935461,1.0645389556884766,5.602836608886719
2025-03-04,27.0,26.197098,0.8029022216796875,2.973711932146991
2025-03-04,29.0,29.832502,0.8325023651123047,2.8706978107320853
2025-03-04,17.0,15.289557,1.7104425430297852,10.061426723704619
2025-03-04,6.0,6.694987,0.6949868202209473,11.583113670349121
2025-03-04,19.0,20.254717,1.2547168731689453,6.60377301667866
2025-03-04,4.0,4.0653863,0.06538629531860352,1.634657382965088
2025-03-04,6.0,5.2771797,0.7228202819824219,12.047004699707031
2025-03-04,3.0,2.9072974,0.09270262718200684,3.090087572733561
2025-03-04,3.0,2.6609256,0.33907437324523926,11.302479108174643
2025-03-04,18.0,16.789936,1.2100639343261719,6.722577412923177
2025-03-04,7.0,7.795954,0.7959542274475098,11.370774677821569
2025-03-05,8.0,7.0347238,0.9652762413024902,12.065953016281128
2025-03-05,2.0,2.0991414,0.09914135932922363,4.957067966461182
2025-03-05,9.0,9.030189,0.030188560485839844,0.33542844984266496
2025-03-05,11.0,10.434666,0.5653343200683594,5.139402909712358
2025-03-05,7.0,7.795954,0.7959542274475098,11.370774677821569
2025-03-05,13.0,14.0772295,1.0772294998168945,8.286380767822266
2025-03-05,3.0,2.9072974,0.09270262718200684,3.090087572733561
2025-03-05,18.0,20.072315,2.072315216064453,11.512862311469185
2025-03-05,23.0,21.912807,1.0871925354003906,4.72692406695822
2025-03-05,6.0,6.023812,0.023811817169189453,0.3968636194864909
2025-03-05,5.0,6.023812,1.0238118171691895,20.47623634338379
2025-03-05,4.0,4.7745266,0.7745265960693359,19.3631649017334
2025-03-06,6.0,5.2771797,0.7228202819824219,12.047004699707031
2025-03-06,12.0,10.78242,1.2175798416137695,10.146498680114746
2025-03-06,4.0,4.7745266,0.7745265960693359,19.3631649017334
2025-03-06,6.0,6.9704275,0.9704275131225586,16.173791885375977
2025-03-06,7.0,6.8468347,0.15316534042358398,2.1880762917654857
2025-03-06,5.0,6.0154266,1.0154266357421875,20.30853271484375
2025-03-06,2.0,2.3139675,0.3139674663543701,15.698373317718506
2025-03-06,2.0,2.0991414,0.09914135932922363,4.957067966461182
2025-03-06,19.0,20.38414,1.3841400146484375,7.2849474455180925
2025-03-06,19.0,17.935461,1.0645389556884766,5.602836608886719
2025-03-06,21.0,21.274446,0.2744464874267578,1.3068880353655135
2025-03-06,9.0,10.265917,1.2659168243408203,14.065742492675781
2025-03-07,24.0,20.280012,3.7199878692626953,15.49994945526123
2025-03-07,3.0,3.866878,0.8668780326843262,28.89593442281087
2025-03-07,26.0,27.24209,1.2420902252197266,4.777270096998948
2025-03-07,9.0,9.006882,0.0068817138671875,0.07646348741319445
2025-03-07,10.0,7.802953,2.197047233581543,21.97047233581543
2025-03-07,41.0,39.315037,1.6849632263183594,4.109666405654535
2025-03-07,6.0,5.3290153,0.6709847450256348,11.18307908376058
2025-03-07,6.0,6.9771433,0.9771432876586914,16.28572146097819
2025-03-07,3.0,2.6609256,0.33907437324523926,11.302479108174643
2025-03-07,16.0,15.727396,0.27260398864746094,1.7037749290466309
2025-03-07,16.0,17.293535,1.2935352325439453,8.084595203399658
2025-03-07,2.0,2.6378334,0.6378333568572998,31.89166784286499
2025-03-08,11.0,8.912683,2.08731746673584,18.97561333396218
2025-03-08,33.0,32.61745,0.3825492858886719,1.1592402602687026
2025-03-08,38.0,36.292027,1.7079734802246094,4.494667053222656
2025-03-08,25.0,21.5079,3.4920997619628906,13.968399047851562
2025-03-08,9.0,6.1777534,2.822246551513672,31.358295016818577
2025-03-08,22.0,18.940283,3.0597171783447266,13.907805356112393
2025-03-08,9.0,9.946789,0.9467887878417969,10.519875420464409
2025-03-08,4.0,4.7934704,0.7934703826904297,19.836759567260742
2025-03-08,11.0,10.712326,0.2876739501953125,2.6152177290482954
2025-03-08,4.0,3.8178313,0.18216872215270996,4.554218053817749
2025-03-08,12.0,10.804719,1.1952810287475586,9.960675239562988
2025-03-08,24.0,24.77788,0.7778797149658203,3.2411654790242515
2025-03-09,14.0,13.746275,0.2537250518798828,1.8123217991420202
2025-03-09,2.0,2.3334167,0.3334167003631592,16.67083501815796
2025-03-09,19.0,20.297924,1.2979240417480469,6.831179167094984
2025-03-09,2.0,2.2861505,0.2861504554748535,14.307522773742676
2025-03-09,9.0,9.946789,0.9467887878417969,10.519875420464409
2025-03-09,19.0,17.972067,1.027933120727539,5.410174319618626
2025-03-09,8.0,7.818257,0.18174314498901367,2.271789312362671
2025-03-09,34.0,34.422745,0.4227447509765625,1.2433669146369486
2025-03-09,3.0,2.677016,0.322983980178833,10.766132672627768
2025-03-09,21.0,18.993847,2.006153106689453,9.553110031854539
2025-03-09,21.0,21.331482,0.33148193359375,1.5784853980654763
2025-03-09,4.0,4.7934704,0.7934703826904297,19.836759567260742
2025-03-10,8.0,7.795954,0.20404577255249023,2.550572156906128
2025-03-10,3.0,2.9072974,0.09270262718200684,3.090087572733561
2025-03-10,3.0,3.863627,0.8636269569396973,28.787565231323242
2025-03-10,19.0,18.077955,0.9220447540283203,4.852867126464844
2025-03-10,24.0,20.683006,3.3169937133789062,13.820807139078775
2025-03-10,4.0,4.7745266,0.7745265960693359,19.3631649017334
2025-03-10,16.0,17.293535,1.2935352325439453,8.084595203399658
2025-03-10,3.0,2.8481598,0.1518402099609375,5.06134033203125
2025-03-10,20.0,21.464794,1.4647941589355469,7.323970794677734
2025-03-10,1.0,1.3308711,0.3308711051940918,33.08711051940918
2025-03-10,14.0,13.702252,0.2977476119995117,2.1267686571393694
2025-03-10,25.0,24.771992,0.22800827026367188,0.9120330810546875
2025-03-11,4.0,5.0602617,1.0602617263793945,26.506543159484863
2025-03-11,26.0,22.317324,3.682676315307617,14.164139674260067
2025-03-11,4.0,4.7745266,0.7745265960693359,19.3631649017334
2025-03-11,18.0,18.566483,0.5664825439453125,3.147125244140625
2025-03-11,3.0,2.8558133,0.14418673515319824,4.806224505106608
2025-03-11,22.0,23.361673,1.361673355102539,6.189424341375178
2025-03-11,1.0,1.3308711,0.3308711051940918,33.08711051940918
2025-03-11,13.0,12.668778,0.3312215805053711,2.5478583115797777
2025-03-11,18.0,16.626127,1.3738727569580078,7.632626427544488
2025-03-11,8.0,6.155451,1.8445491790771484,23.056864738464355
2025-03-11,27.0,26.197098,0.8029022216796875,2.973711932146991
2025-03-11,10.0,9.006882,0.9931182861328125,9.931182861328125
2025-03-12,4.0,3.9682593,0.031740665435791016,0.7935166358947754
2025-03-12,21.0,19.121822,1.8781776428222656,8.943703061058407
2025-03-12,4.0,4.7745266,0.7745265960693359,19.3631649017334
2025-03-12,21.0,19.316061,1.683938980102539,8.018757048107329
2025-03-12,5.0,6.0309496,1.030949592590332,20.61899185180664
2025-03-12,37.0,35.956215,1.0437850952148438,2.821040797877956
2025-03-12,14.0,12.189799,1.8102006912231445,12.930004937308174
2025-03-12,19.0,20.254717,1.2547168731689453,6.60377301667866
2025-03-12,10.0,7.8425756,2.1574244499206543,21.574244499206543
2025-03-12,3.0,2.6609256,0.33907437324523926,11.302479108174643
2025-03-12,15.0,14.077231,0.9227685928344727,6.151790618896484
2025-03-12,21.0,21.289272,0.2892723083496094,1.3774871826171875
2025-03-13,23.0,24.358738,1.3587379455566406,5.907556285028872
2025-03-13,2.0,2.3139675,0.3139674663543701,15.698373317718506
2025-03-13,28.0,24.561058,3.4389419555664062,12.281935555594307
2025-03-13,11.0,10.690027,0.30997276306152344,2.817934209650213
2025-03-13,32.0,30.90738,1.092620849609375,3.414440155029297
2025-03-13,4.0,4.0032773,0.003277301788330078,0.08193254470825195
2025-03-13,4.0,5.0757847,1.075784683227539,26.894617080688477
2025-03-13,7.0,6.9771433,0.022856712341308594,0.3265244620186942
2025-03-13,3.0,2.6609256,0.33907437324523926,11.302479108174643
2025-03-13,16.0,17.293535,1.2935352325439453,8.084595203399658
2025-03-13,1.0,1.3308711,0.3308711051940918,33.08711051940918
2025-03-13,13.0,12.668778,0.3312215805053711,2.5478583115797777
2025-03-14,4.0,5.0757847,1.075784683227539,26.894617080688477
2025-03-14,20.0,21.594236,1.5942363739013672,7.971181869506836
2025-03-14,8.0,7.795954,0.20404577255249023,2.550572156906128
2025-03-14,5.0,5.213567,0.21356678009033203,4.271335601806641
2025-03-14,1.0,1.5895337,0.5895336866378784,58.95336866378784
2025-03-14,8.0,9.08854,1.0885400772094727,13.606750965118408
2025-03-14,17.0,16.626127,0.3738727569580078,2.199251511517693
2025-03-14,1.0,1.3308711,0.3308711051940918,33.08711051940918
2025-03-14,10.0,10.117159,0.11715888977050781,1.1715888977050781
2025-03-14,6.0,5.2938814,0.7061185836791992,11.768643061319986
2025-03-14,14.0,15.046861,1.046860694885254,7.477576392037528
2025-03-14,2.0,2.0991414,0.09914135932922363,4.957067966461182
2025-03-15,3.0,2.677016,0.322983980178833,10.766132672627768
2025-03-15,22.0,23.508577,1.5085773468017578,6.857169758189809
2025-03-15,9.0,8.9056835,0.09431648254394531,1.047960917154948
2025-03-15,6.0,7.0241203,1.0241203308105469,17.06867218017578
2025-03-15,21.0,19.562618,1.4373817443847656,6.844674973260789
2025-03-15,20.0,18.739147,1.2608528137207031,6.304264068603516
2025-03-15,25.0,24.837011,0.16298866271972656,0.6519546508789062
2025-03-15,6.0,6.7139306,0.713930606842041,11.89884344736735
2025-03-15,5.0,4.085464,0.9145359992980957,18.290719985961914
2025-03-15,1.0,1.5645831,0.5645830631256104,56.458306312561035
2025-03-15,14.0,13.746275,0.2537250518798828,1.8123217991420202
2025-03-15,17.0,17.814734,0.8147335052490234,4.792550030876608
2025-03-16,13.0,11.845447,1.1545534133911133,8.881180103008564
2025-03-16,30.0,29.590332,0.40966796875,1.3655598958333333
2025-03-16,7.0,6.999446,0.0005540847778320312,0.007915496826171875
2025-03-16,13.0,12.602435,0.3975648880004883,3.0581914461576023
2025-03-16,34.0,35.267517,1.26751708984375,3.7279914407169117
2025-03-16,5.0,5.3043356,0.3043355941772461,6.086711883544922
2025-03-16,26.0,26.528341,0.5283412933349609,2.0320818974421573
2025-03-16,16.0,15.04897,0.9510297775268555,5.943936109542847
2025-03-16,2.0,2.3334167,0.3334167003631592,16.67083501815796
2025-03-16,7.0,7.8252554,0.8252553939819336,11.78936277117048
2025-03-16,6.0,6.7139306,0.713930606842041,11.89884344736735
2025-03-16,2.0,2.1152318,0.11523175239562988,5.761587619781494
2025-03-17,1.0,1.3308711,0.3308711051940918,33.08711051940918
2025-03-17,26.0,25.840374,0.15962600708007812,0.6139461810772235
2025-03-17,28.0,24.355928,3.644071578979492,13.014541353498187
2025-03-17,5.0,6.0604615,1.0604615211486816,21.209230422973633
2025-03-17,4.0,4.017939,0.017939090728759766,0.44847726821899414
2025-03-17,10.0,9.800808,0.19919204711914062,1.9919204711914062
2025-03-17,22.0,24.865753,2.865753173828125,13.026150790127842
2025-03-17,20.0,20.749334,0.7493343353271484,3.746671676635742
2025-03-17,18.0,16.626127,1.3738727569580078,7.632626427544488
2025-03-17,10.0,9.006882,0.9931182861328125,9.931182861328125
2025-03-17,1.0,1.3308711,0.3308711051940918,33.08711051940918
2025-03-17,8.0,6.155451,1.8445491790771484,23.056864738464355
2025-03-18,7.0,5.75215,1.247849941253662,17.826427732195175
2025-03-18,7.0,7.802953,0.802952766418457,11.470753805977958
2025-03-18,6.0,6.023812,0.023811817169189453,0.3968636194864909
2025-03-18,22.0,22.85339,0.8533897399902344,3.8790442726828833
2025-03-18,9.0,9.006882,0.0068817138671875,0.07646348741319445
2025-03-18,30.0,29.5177,0.4822998046875,1.607666015625
2025-03-18,4.0,3.9682593,0.031740665435791016,0.7935166358947754
2025-03-18,26.0,23.612154,2.387845993041992,9.184023050161509
2025-03-18,7.0,6.1084685,0.8915314674377441,12.736163820539202
2025-03-18,18.0,20.862976,2.86297607421875,15.90542263454861
2025-03-18,11.0,10.690027,0.30997276306152344,2.817934209650213
2025-03-19,4.0,3.9682593,0.031740665435791016,0.7935166358947754
2025-03-19,5.0,6.0604615,1.0604615211486816,21.209230422973633
2025-03-19,14.0,13.723976,0.27602386474609375,1.9715990339006697
2025-03-19,4.0,4.0081754,0.008175373077392578,0.20438432693481445
2025-03-19,24.0,27.478634,3.4786338806152344,14.49430783589681
2025-03-19,12.0,11.730755,0.2692451477050781,2.2437095642089844
2025-03-19,25.0,22.472597,2.527402877807617,10.109611511230469
2025-03-19,3.0,2.6609256,0.33907437324523926,11.302479108174643
2025-03-19,26.0,25.840374,0.15962600708007812,0.6139461810772235
2025-03-19,4.0,4.7745266,0.7745265960693359,19.3631649017334
2025-03-19,8.0,7.795954,0.20404577255249023,2.550572156906128
2025-03-19,18.0,18.566483,0.5664825439453125,3.147125244140625
2025-03-20,25.0,24.771992,0.22800827026367188,0.9120330810546875
2025-03-20,4.0,5.1052966,1.1052966117858887,27.632415294647217
2025-03-20,6.0,5.3161197,0.6838803291320801,11.398005485534668
2025-03-20,17.0,16.626127,0.3738727569580078,2.199251511517693
2025-03-20,29.0,31.833963,2.833963394165039,9.77228756608634
2025-03-20,15.0,14.077231,0.9227685928344727,6.151790618896484
2025-03-20,9.0,6.155451,2.8445491790771484,31.606101989746094
2025-03-20,24.0,24.704222,0.7042217254638672,2.93425718943278
2025-03-20,8.0,7.795954,0.20404577255249023,2.550572156906128
2025-03-20,20.0,18.663727,1.336273193359375,6.681365966796875
2025-03-20,2.0,2.0991414,0.09914135932922363,4.957067966461182
2025-03-20,4.0,4.7745266,0.7745265960693359,19.3631649017334
2025-03-21,4.0,3.798889,0.2011110782623291,5.0277769565582275
2025-03-21,3.0,3.703805,0.7038049697875977,23.46016565958659
2025-03-21,29.0,33.345577,4.345577239990234,14.984749103414602
2025-03-21,18.0,18.77581,0.7758102416992188,4.310056898328993
2025-03-21,18.0,16.789936,1.2100639343261719,6.722577412923177
2025-03-21,24.0,23.490793,0.5092067718505859,2.121694882710775
2025-03-21,10.0,9.006882,0.9931182861328125,9.931182861328125
2025-03-21,6.0,5.301276,0.6987237930297852,11.64539655049642
2025-03-21,4.0,5.1052966,1.1052966117858887,27.632415294647217
2025-03-21,12.0,11.730755,0.2692451477050781,2.2437095642089844
2025-03-21,24.0,21.957006,2.0429935455322266,8.512473106384277
2025-03-21,2.0,2.3139675,0.3139674663543701,15.698373317718506
2025-03-22,21.0,24.293106,3.2931060791015625,15.68145751953125
2025-03-22,1.0,1.3469616,0.3469616174697876,34.69616174697876
2025-03-22,21.0,21.926298,0.9262981414794922,4.410943530854725
2025-03-22,7.0,6.999446,0.0005540847778320312,0.007915496826171875
2025-03-22,15.0,14.776963,0.2230367660522461,1.4869117736816406
2025-03-22,26.0,25.905394,0.09460639953613281,0.3638707674466647
2025-03-22,23.0,21.873856,1.1261444091796875,4.896280039911685
2025-03-22,10.0,10.844342,0.8443422317504883,8.443422317504883
2025-03-22,13.0,12.691077,0.30892276763916016,2.3763289818396935
2025-03-22,9.0,7.0859804,1.9140195846557617,21.266884273952908
2025-03-22,1.0,1.3469616,0.3469616174697876,34.69616174697876
2025-03-22,4.0,3.9877088,0.012291193008422852,0.3072798252105713
2025-03-23,19.0,19.143415,0.1434154510498047,0.7548181634200247
2025-03-23,6.0,7.032967,1.0329670906066895,17.216118176778156
2025-03-23,26.0,28.023832,2.023832321166992,7.783970466026893
2025-03-23,2.0,2.1152318,0.11523175239562988,5.761587619781494
2025-03-23,9.0,10.461606,1.4616060256958008,16.240066952175564
2025-03-23,7.0,6.999446,0.0005540847778320312,0.007915496826171875
2025-03-23,3.0,2.9267466,0.07325339317321777,2.4417797724405923
2025-03-23,3.0,2.8973193,0.10268068313598633,3.422689437866211
2025-03-23,16.0,15.04897,0.9510297775268555,5.943936109542847
2025-03-23,6.0,6.0461144,0.046114444732666016,0.768574078877767
2025-03-23,10.0,9.878982,0.1210184097290039,1.210184097290039
2025-03-24,12.0,13.301997,1.301997184753418,10.849976539611816
2025-03-24,20.0,22.428223,2.42822265625,12.14111328125
2025-03-24,2.0,2.8625283,0.8625283241271973,43.12641620635986
2025-03-24,3.0,3.703805,0.7038049697875977,23.46016565958659
2025-03-24,4.0,3.798889,0.2011110782623291,5.0277769565582275
2025-03-24,14.0,13.851232,0.14876842498779297,1.062631607055664
2025-03-24,10.0,9.800808,0.19919204711914062,1.9919204711914062
2025-03-24,4.0,4.050259,0.05025911331176758,1.2564778327941895
2025-03-24,18.0,18.253489,0.25348854064941406,1.4082696702745225
2025-03-24,3.0,2.9072974,0.09270262718200684,3.090087572733561
2025-03-24,8.0,8.831167,0.8311672210693359,10.3895902633667
2025-03-24,4.0,4.0653863,0.06538629531860352,1.634657382965088
2025-03-25,19.0,21.610376,2.6103763580322266,13.738822937011719
2025-03-25,9.0,8.883385,0.11661529541015625,1.2957255045572917
2025-03-25,1.0,1.3308711,0.3308711051940918,33.08711051940918
2025-03-25,16.0,15.543922,0.45607757568359375,2.850484848022461
2025-03-25,9.0,10.265917,1.2659168243408203,14.065742492675781
2025-03-25,13.0,12.770285,0.22971534729003906,1.7670411330003004
2025-03-25,3.0,2.899729,0.10027098655700684,3.3423662185668945
2025-03-25,1.0,1.3308711,0.3308711051940918,33.08711051940918
2025-03-25,12.0,11.730755,0.2692451477050781,2.2437095642089844
2025-03-25,8.0,9.085919,1.0859193801879883,13.573992252349854
2025-03-25,2.0,2.3139675,0.3139674663543701,15.698373317718506
2025-03-25,14.0,13.723976,0.27602386474609375,1.9715990339006697
2025-03-26,5.0,6.023812,1.0238118171691895,20.47623634338379
2025-03-26,10.0,9.856683,0.14331722259521484,1.4331722259521484
2025-03-26,2.0,2.3139675,0.3139674663543701,15.698373317718506
2025-03-26,18.0,16.892038,1.107961654663086,6.155342525906033
2025-03-26,5.0,5.32525,0.32525014877319336,6.505002975463867
2025-03-26,15.0,17.689865,2.6898651123046875,17.93243408203125
2025-03-26,7.0,7.8648148,0.8648147583007812,12.354496547154017
2025-03-26,1.0,1.3308711,0.3308711051940918,33.08711051940918
2025-03-26,10.0,11.147463,1.1474628448486328,11.474628448486328
2025-03-26,21.0,21.289272,0.2892723083496094,1.3774871826171875
2025-03-26,5.0,5.213567,0.21356678009033203,4.271335601806641
2025-03-27,10.0,9.856683,0.14331722259521484,1.4331722259521484
2025-03-27,10.0,7.88199,2.1180100440979004,21.180100440979004
2025-03-27,18.0,16.892038,1.107961654663086,6.155342525906033
2025-03-27,4.0,4.7745266,0.7745265960693359,19.3631649017334
2025-03-27,12.0,13.301997,1.301997184753418,10.849976539611816
2025-03-27,6.0,6.023812,0.023811817169189453,0.3968636194864909
2025-03-27,3.0,2.6609256,0.33907437324523926,11.302479108174643
2025-03-27,9.0,9.971508,0.9715080261230469,10.794533623589409
2025-03-27,30.0,29.470411,0.5295886993408203,1.7652956644694011
2025-03-27,21.0,23.522306,2.522306442260742,12.010983058384486
2025-03-27,10.0,9.800808,0.19919204711914062,1.9919204711914062
2025-03-27,5.0,4.0631614,0.9368386268615723,18.736772537231445
2025-03-28,5.0,5.213567,0.21356678009033203,4.271335601806641
2025-03-28,13.0,12.770285,0.22971534729003906,1.7670411330003004
2025-03-28,3.0,3.928186,0.9281859397888184,30.939531326293945
2025-03-28,13.0,15.427181,2.4271812438964844,18.67062495304988
2025-03-28,7.0,5.3408637,1.6591362953186035,23.70194707598005
2025-03-28,6.0,6.96099,0.9609899520874023,16.016499201456707
2025-03-28,21.0,21.289272,0.2892723083496094,1.3774871826171875
2025-03-28,3.0,2.899729,0.10027098655700684,3.3423662185668945
2025-03-28,14.0,15.046861,1.046860694885254,7.477576392037528
2025-03-28,2.0,2.0991414,0.09914135932922363,4.957067966461182
2025-03-28,8.0,7.795954,0.20404577255249023,2.550572156906128
2025-03-28,4.0,4.7745266,0.7745265960693359,19.3631649017334
2025-03-29,39.0,37.255417,1.7445831298828125,4.473290076622596
2025-03-29,23.0,18.75861,4.241390228271484,18.440827079441238
2025-03-29,43.0,39.170876,3.8291244506835938,8.904940582985102
2025-03-29,34.0,29.020672,4.979328155517578,14.645082810345817
2025-03-29,12.0,13.79462,1.7946195602416992,14.95516300201416
2025-03-29,7.0,7.547551,0.547551155090332,7.822159358433315
2025-03-29,7.0,5.771094,1.2289061546325684,17.555802209036692
2025-03-29,27.0,23.712189,3.287811279296875,12.177078812210649
2025-03-29,41.0,44.914948,3.914947509765625,9.548652462842988
2025-03-29,11.0,7.1107244,3.889275550842285,35.357050462202594
2025-03-29,30.0,26.081572,3.918428421020508,13.06142807006836
2025-03-29,7.0,6.1739883,0.8260116577148438,11.800166538783483
2025-03-30,5.0,5.347553,0.3475527763366699,6.951055526733398
2025-03-30,13.0,12.691077,0.30892276763916016,2.3763289818396935
2025-03-30,25.0,25.745369,0.7453689575195312,2.981475830078125
2025-03-30,45.0,46.226913,1.2269134521484375,2.726474338107639
2025-03-30,5.0,5.7627087,0.7627086639404297,15.254173278808594
2025-03-30,25.0,22.65331,2.346689224243164,9.386756896972656
2025-03-30,13.0,14.10185,1.1018495559692383,8.475765815147987
2025-03-30,47.0,43.903896,3.0961036682128906,6.587454613218916
2025-03-30,11.0,7.1107244,3.889275550842285,35.357050462202594
2025-03-30,16.0,13.826946,2.173053741455078,13.581585884094238
2025-03-30,27.0,24.806412,2.1935882568359375,8.124400951244214
2025-03-31,2.0,2.0991414,0.09914135932922363,4.957067966461182
2025-03-31,7.0,6.9771433,0.022856712341308594,0.3265244620186942
2025-03-31,7.0,7.8117995,0.8117995262145996,11.597136088779994
2025-03-31,5.0,5.213567,0.21356678009033203,4.271335601806641
2025-03-31,16.0,14.994366,1.0056343078613281,6.285214424133301
2025-03-31,18.0,18.253489,0.25348854064941406,1.4082696702745225
2025-03-31,6.0,5.3290153,0.6709847450256348,11.18307908376058
2025-03-31,4.0,4.780992,0.7809920310974121,19.524800777435303
2025-03-31,14.0,13.702252,0.2977476119995117,2.1267686571393694
2025-03-31,6.0,5.3370986,0.6629014015197754,11.048356691996256
2025-03-31,14.0,16.801165,2.8011646270751953,20.008318764822825
2025-03-31,13.0,14.0772295,1.0772294998168945,8.286380767822266
2025-04-01,13.0,15.543922,2.5439224243164062,19.568634033203125
2025-04-01,5.0,4.0631614,0.9368386268615723,18.736772537231445
2025-04-01,22.0,22.85339,0.8533897399902344,3.8790442726828833
2025-04-01,8.0,7.077941,0.9220590591430664,11.52573823928833
2025-04-01,12.0,11.823148,0.17685222625732422,1.4737685521443684
2025-04-01,9.0,8.883385,0.11661529541015625,1.2957255045572917
2025-04-01,10.0,10.117159,0.11715888977050781,1.1715888977050781
2025-04-01,23.0,22.300272,0.6997280120849609,3.0422957047172217
2025-04-01,1.0,1.3308711,0.3308711051940918,33.08711051940918
2025-04-01,2.0,2.6378334,0.6378333568572998,31.89166784286499
2025-04-01,14.0,13.702252,0.2977476119995117,2.1267686571393694
2025-04-01,2.0,2.8327208,0.8327207565307617,41.636037826538086
2025-04-02,3.0,3.866878,0.8668780326843262,28.89593442281087
2025-04-02,17.0,19.40545,2.4054508209228516,14.149710711310892
2025-04-02,3.0,3.918422,0.9184219837188721,30.614066123962402
2025-04-02,12.0,13.301997,1.301997184753418,10.849976539611816
2025-04-02,5.0,4.9785385,0.02146148681640625,0.429229736328125
2025-04-02,9.0,9.030189,0.030188560485839844,0.33542844984266496
2025-04-02,5.0,5.743765,0.7437648773193359,14.875297546386719
2025-04-02,2.0,2.3139675,0.3139674663543701,15.698373317718506
2025-04-02,17.0,15.9841,1.015899658203125,5.975880342371323
2025-04-02,9.0,9.006882,0.0068817138671875,0.07646348741319445
2025-04-02,3.0,2.9035325,0.09646749496459961,3.215583165486654
2025-04-02,11.0,11.679991,0.6799907684326172,6.181734258478338
2025-04-03,6.0,6.023812,0.023811817169189453,0.3968636194864909
2025-04-03,4.0,3.9682593,0.031740665435791016,0.7935166358947754
2025-04-03,2.0,2.650565,0.6505649089813232,32.52824544906616
2025-04-03,10.0,10.117159,0.11715888977050781,1.1715888977050781
2025-04-03,6.0,5.3370986,0.6629014015197754,11.048356691996256
2025-04-03,10.0,9.856683,0.14331722259521484,1.4331722259521484
2025-04-03,2.0,2.8547778,0.8547778129577637,42.738890647888184
2025-04-03,19.0,21.29667,2.296670913696289,12.0877416510331
2025-04-03,4.0,5.2065883,1.2065882682800293,30.164706707000732
2025-04-03,2.0,2.0991414,0.09914135932922363,4.957067966461182
2025-04-03,9.0,10.265917,1.2659168243408203,14.065742492675781
2025-04-03,14.0,13.770251,0.22974872589111328,1.6410623277936662
2025-04-04,4.0,4.054063,0.054062843322753906,1.3515710830688477
2025-04-04,18.0,16.892038,1.107961654663086,6.155342525906033
2025-04-04,2.0,2.0991414,0.09914135932922363,4.957067966461182
2025-04-04,5.0,5.213567,0.21356678009033203,4.271335601806641
2025-04-04,18.0,18.566483,0.5664825439453125,3.147125244140625
2025-04-04,5.0,6.1223216,1.122321605682373,22.44643211364746
2025-04-04,12.0,11.823148,0.17685222625732422,1.4737685521443684
2025-04-04,5.0,5.743765,0.7437648773193359,14.875297546386719
2025-04-04,25.0,28.225883,3.2258834838867188,12.903533935546875
2025-04-04,26.0,25.833338,0.16666221618652344,0.6410085237943209
2025-04-04,4.0,3.9682593,0.031740665435791016,0.7935166358947754
2025-04-04,15.0,14.740364,0.25963592529296875,1.7309061686197917
2025-04-05,25.0,24.502113,0.49788665771484375,1.991546630859375
2025-04-05,15.0,15.998614,0.9986143112182617,6.657428741455078
2025-04-05,1.0,1.3469616,0.3469616174697876,34.69616174697876
2025-04-05,5.0,5.347553,0.3475527763366699,6.951055526733398
2025-04-05,13.0,15.506713,2.5067129135131836,19.28240702702449
2025-04-05,12.0,11.845447,0.15455341339111328,1.2879451115926106
2025-04-05,10.0,9.878982,0.1210184097290039,1.210184097290039
2025-04-05,20.0,18.718338,1.2816619873046875,6.4083099365234375
2025-04-05,5.0,5.2358694,0.2358694076538086,4.717388153076172
2025-04-05,9.0,10.025826,1.0258264541625977,11.398071712917751
2025-04-05,3.0,3.7227473,0.7227473258972168,24.091577529907227
2025-04-05,4.0,3.9877088,0.012291193008422852,0.3072798252105713
2025-04-06,2.0,2.3334167,0.3334167003631592,16.67083501815796
2025-04-06,4.0,4.7934704,0.7934703826904297,19.836759567260742
2025-04-06,15.0,15.998614,0.9986143112182617,6.657428741455078
2025-04-06,1.0,1.3469616,0.3469616174697876,34.69616174697876
2025-04-06,24.0,25.846195,1.8461952209472656,7.692480087280273
2025-04-06,7.0,6.999446,0.0005540847778320312,0.007915496826171875
2025-04-06,29.0,27.598837,1.401163101196289,4.831596900676859
2025-04-06,11.0,11.106982,0.10698223114013672,0.9725657376376066
2025-04-06,4.0,4.087689,0.08768892288208008,2.192223072052002
2025-04-06,14.0,13.724551,0.2754487991333008,1.9674914223807198
2025-04-06,5.0,6.1617994,1.161799430847168,23.23598861694336
2025-04-07,5.0,6.1433005,1.1433005332946777,22.866010665893555
2025-04-07,11.0,10.78242,0.21757984161376953,1.9779985601251775
2025-04-07,7.0,6.155451,0.8445491790771484,12.064988272530693
2025-04-07,6.0,5.3290153,0.6709847450256348,11.18307908376058
2025-04-07,37.0,35.714207,1.2857933044433594,3.4751170390361064
2025-04-07,22.0,22.85339,0.8533897399902344,3.8790442726828833
2025-04-07,25.0,22.472597,2.527402877807617,10.109611511230469
2025-04-07,11.0,10.690027,0.30997276306152344,2.817934209650213
2025-04-07,32.0,32.204502,0.20450210571289062,0.6390690803527832
2025-04-07,1.0,1.3308711,0.3308711051940918,33.08711051940918
2025-04-07,3.0,2.6609256,0.33907437324523926,11.302479108174643
2025-04-07,7.0,6.9771433,0.022856712341308594,0.3265244620186942
2025-04-08,8.0,7.795954,0.20404577255249023,2.550572156906128
2025-04-08,17.0,18.493742,1.4937419891357422,8.786717583151425
2025-04-08,5.0,6.1433005,1.1433005332946777,22.866010665893555
2025-04-08,12.0,11.823148,0.17685222625732422,1.4737685521443684
2025-04-08,16.0,15.727396,0.27260398864746094,1.7037749290466309
2025-04-08,2.0,2.3417482,0.3417482376098633,17.087411880493164
2025-04-08,1.0,1.5895337,0.5895336866378784,58.95336866378784
2025-04-08,1.0,1.3308711,0.3308711051940918,33.08711051940918
2025-04-08,19.0,19.101206,0.10120582580566406,0.5326622410824424
2025-04-08,10.0,11.147463,1.1474628448486328,11.474628448486328
2025-04-08,8.0,8.221065,0.22106456756591797,2.7633070945739746
2025-04-09,12.0,13.301997,1.301997184753418,10.849976539611816
2025-04-09,2.0,2.3417482,0.3417482376098633,17.087411880493164
2025-04-09,15.0,14.740364,0.25963592529296875,1.7309061686197917
2025-04-09,3.0,3.703805,0.7038049697875977,23.46016565958659
2025-04-09,15.0,17.051802,2.0518016815185547,13.678677876790365
2025-04-09,2.0,2.0991414,0.09914135932922363,4.957067966461182
2025-04-09,3.0,3.866878,0.8668780326843262,28.89593442281087
2025-04-09,8.0,9.085919,1.0859193801879883,13.573992252349854
2025-04-09,11.0,10.78242,0.21757984161376953,1.9779985601251775
2025-04-09,17.0,15.958661,1.0413389205932617,6.125523062313304
2025-04-09,4.0,3.9682593,0.031740665435791016,0.7935166358947754
2025-04-09,17.0,16.610176,0.38982391357421875,2.293081844554228
2025-04-10,19.0,18.787235,0.21276473999023438,1.1198144210012335
2025-04-10,3.0,2.6609256,0.33907437324523926,11.302479108174643
2025-04-10,14.0,13.702252,0.2977476119995117,2.1267686571393694
2025-04-10,19.0,18.138,0.86199951171875,4.5368395353618425
2025-04-10,8.0,9.068744,1.0687437057495117,13.359296321868896
2025-04-10,10.0,11.740613,1.7406129837036133,17.406129837036133
2025-04-10,18.0,18.566483,0.5664825439453125,3.147125244140625
2025-04-10,7.0,6.1516857,0.8483142852783203,12.118775503976005
2025-04-10,9.0,9.006882,0.0068817138671875,0.07646348741319445
2025-04-10,2.0,2.3139675,0.3139674663543701,15.698373317718506
2025-04-10,5.0,5.213567,0.21356678009033203,4.271335601806641
2025-04-10,2.0,2.6378334,0.6378333568572998,31.89166784286499
2025-04-11,5.0,5.3290153,0.32901525497436523,6.580305099487305
2025-04-11,13.0,14.063066,1.063065528869629,8.177427145150991
2025-04-11,28.0,24.864428,3.1355724334716797,11.19847297668457
2025-04-11,30.0,30.122478,0.12247848510742188,0.40826161702473956
2025-04-11,3.0,3.703805,0.7038049697875977,23.46016565958659
2025-04-11,10.0,9.856683,0.14331722259521484,1.4331722259521484
2025-04-11,14.0,13.55891,0.4410896301269531,3.150640215192522
2025-04-11,2.0,2.0991414,0.09914135932922363,4.957067966461182
2025-04-11,3.0,2.9072974,0.09270262718200684,3.090087572733561
2025-04-11,11.0,11.953504,0.9535036087036133,8.668214624578303
2025-04-11,9.0,9.006882,0.0068817138671875,0.07646348741319445
2025-04-11,10.0,9.006882,0.9931182861328125,9.931182861328125
2025-04-12,31.0,26.810284,4.189716339111328,13.515213997133317
2025-04-12,7.0,5.3631663,1.636833667755127,23.383338110787527
2025-04-12,6.0,5.0093307,0.9906692504882812,16.511154174804688
2025-04-12,8.0,7.818257,0.18174314498901367,2.271789312362671
2025-04-12,6.0,6.7139306,0.713930606842041,11.89884344736735
2025-04-12,5.0,5.351318,0.3513178825378418,7.026357650756836
2025-04-12,31.0,31.592607,0.5926074981689453,1.9116370908675655
2025-04-12,31.0,30.95751,0.04249000549316406,0.13706453384891634
2025-04-12,14.0,13.724551,0.2754487991333008,1.9674914223807198
2025-04-12,10.0,10.804719,0.8047189712524414,8.047189712524414
2025-04-12,14.0,13.746275,0.2537250518798828,1.8123217991420202
2025-04-12,19.0,20.297924,1.2979240417480469,6.831179167094984
2025-04-13,22.0,21.656073,0.34392738342285156,1.563306288285689
2025-04-13,13.0,12.602435,0.3975648880004883,3.0581914461576023
2025-04-13,3.0,2.9267466,0.07325339317321777,2.4417797724405923
2025-04-13,3.0,3.8863275,0.8863275051116943,29.544250170389812
2025-04-13,4.0,5.0980873,1.0980873107910156,27.45218276977539
2025-04-13,15.0,14.212345,0.7876548767089844,5.2510325113932295
2025-04-13,8.0,7.818257,0.18174314498901367,2.271789312362671
2025-04-13,14.0,15.08346,1.0834598541259766,7.73899895804269
2025-04-13,25.0,26.228424,1.228424072265625,4.9136962890625
2025-04-13,5.0,5.351318,0.3513178825378418,7.026357650756836
2025-04-13,3.0,3.7227473,0.7227473258972168,24.091577529907227
2025-04-14,7.0,6.9771433,0.022856712341308594,0.3265244620186942
2025-04-14,7.0,6.9771433,0.022856712341308594,0.3265244620186942
2025-04-14,9.0,9.92449,0.9244899749755859,10.272110833062065
2025-04-14,2.0,2.6378334,0.6378333568572998,31.89166784286499
2025-04-14,16.0,17.304209,1.304208755493164,8.151304721832275
2025-04-14,23.0,21.787205,1.2127952575683594,5.273022858992867
2025-04-14,5.0,4.0631614,0.9368386268615723,18.736772537231445
2025-04-14,13.0,14.822286,1.8222856521606445,14.017581939697266
2025-04-14,10.0,9.856683,0.14331722259521484,1.4331722259521484
2025-04-14,28.0,26.492573,1.5074272155761719,5.383668627057757
2025-04-14,3.0,2.9035325,0.09646749496459961,3.215583165486654
2025-04-14,4.0,3.798889,0.2011110782623291,5.0277769565582275
2025-04-15,7.0,5.3408637,1.6591362953186035,23.70194707598005
2025-04-15,1.0,1.3308711,0.3308711051940918,33.08711051940918
2025-04-15,23.0,24.31145,1.3114490509033203,5.701952395231827
2025-04-15,26.0,23.33268,2.6673202514648438,10.258924044095552
2025-04-15,3.0,2.9072974,0.09270262718200684,3.090087572733561
2025-04-15,8.0,7.795954,0.20404577255249023,2.550572156906128
2025-04-15,18.0,18.577156,0.5771560668945312,3.206422593858507
2025-04-15,14.0,13.702252,0.2977476119995117,2.1267686571393694
2025-04-15,31.0,30.816038,0.1839618682861328,0.5934253815681704
2025-04-15,8.0,9.006882,1.0068817138671875,12.586021423339844
2025-04-15,5.0,4.9785385,0.02146148681640625,0.429229736328125
2025-04-15,9.0,9.006882,0.0068817138671875,0.07646348741319445
2025-04-16,20.0,21.464794,1.4647941589355469,7.323970794677734
2025-04-16,4.0,3.9682593,0.031740665435791016,0.7935166358947754
2025-04-16,12.0,11.811006,0.1889944076538086,1.5749533971150715
2025-04-16,8.0,7.795954,0.20404577255249023,2.550572156906128
2025-04-16,11.0,10.690027,0.30997276306152344,2.817934209650213
2025-04-16,1.0,1.3308711,0.3308711051940918,33.08711051940918
2025-04-16,6.0,5.3408637,0.6591362953186035,10.985604921976725
2025-04-16,6.0,6.9771433,0.9771432876586914,16.28572146097819
2025-04-16,8.0,9.073714,1.073714256286621,13.421428203582764
2025-04-16,4.0,3.798889,0.2011110782623291,5.0277769565582275
2025-04-16,25.0,25.592434,0.5924339294433594,2.3697357177734375
2025-04-16,2.0,2.805917,0.8059170246124268,40.29585123062134
2025-04-17,27.0,27.439365,0.4393653869628906,1.627279210973669
2025-04-17,2.0,2.3139675,0.3139674663543701,15.698373317718506
2025-04-17,13.0,12.149783,0.8502168655395508,6.5401297349196215
2025-04-17,24.0,25.566801,1.5668010711669922,6.528337796529134
2025-04-17,7.0,7.5286074,0.5286073684692383,7.5515338352748325
2025-04-17,11.0,9.92449,1.075510025024414,9.77736386385831
2025-04-17,7.0,7.795954,0.7959542274475098,11.370774677821569
2025-04-17,13.0,12.668778,0.3312215805053711,2.5478583115797777
2025-04-17,7.0,6.155451,0.8445491790771484,12.064988272530693
2025-04-17,20.0,18.69594,1.3040599822998047,6.520299911499023
2025-04-17,5.0,4.9785385,0.02146148681640625,0.429229736328125
2025-04-17,30.0,27.177673,2.82232666015625,9.407755533854166
2025-04-18,20.0,18.69594,1.3040599822998047,6.520299911499023
2025-04-18,3.0,3.703805,0.7038049697875977,23.46016565958659
2025-04-18,11.0,11.953504,0.9535036087036133,8.668214624578303
2025-04-18,5.0,4.0631614,0.9368386268615723,18.736772537231445
2025-04-18,28.0,28.324583,0.3245830535888672,1.1592251913888114
2025-04-18,5.0,4.9785385,0.02146148681640625,0.429229736328125
2025-04-18,7.0,6.9771433,0.022856712341308594,0.3265244620186942
2025-04-18,29.0,24.092356,4.907644271850586,16.9229112822434
2025-04-18,11.0,9.92449,1.075510025024414,9.77736386385831
2025-04-18,42.0,40.02033,1.9796714782714844,4.713503519694011
2025-04-18,12.0,13.723976,1.7239761352539062,14.366467793782553
2025-04-18,4.0,4.054063,0.054062843322753906,1.3515710830688477
2025-04-19,3.0,3.7227473,0.7227473258972168,24.091577529907227
2025-04-19,41.0,39.593197,1.4068031311035156,3.431227149032965
2025-04-19,18.0,16.826542,1.1734580993652344,6.519211663140191
2025-04-19,10.0,9.029181,0.9708194732666016,9.708194732666016
2025-04-19,20.0,20.80282,0.8028202056884766,4.014101028442383
2025-04-19,8.0,9.029181,1.0291805267333984,12.86475658416748
2025-04-19,2.0,2.1152318,0.11523175239562988,5.761587619781494
2025-04-19,11.0,8.999288,2.0007123947143555,18.18829449740323
2025-04-19,29.0,29.916033,0.9160327911376953,3.158733762543777
2025-04-19,19.0,17.545492,1.454507827758789,7.655304356625206
2025-04-19,19.0,17.972067,1.027933120727539,5.410174319618626
2025-04-19,6.0,5.351318,0.6486821174621582,10.811368624369303
2025-04-20,31.0,30.97738,0.022619247436523438,0.07296531431136592
2025-04-20,8.0,6.1777534,1.8222465515136719,22.7780818939209
2025-04-20,9.0,9.029181,0.029180526733398438,0.32422807481553817
2025-04-20,24.0,20.537188,3.4628124237060547,14.428385098775228
2025-04-20,10.0,9.029181,0.9708194732666016,9.708194732666016
2025-04-20,5.0,4.9974823,0.0025177001953125,0.05035400390625
2025-04-20,3.0,3.8859282,0.8859281539916992,29.530938466389973
2025-04-20,6.0,5.359401,0.6405987739562988,10.67664623260498
2025-04-20,26.0,23.567137,2.432863235473633,9.357166290283203
2025-04-20,4.0,4.7934704,0.7934703826904297,19.836759567260742
2025-04-20,13.0,14.124502,1.124502182006836,8.650016784667969
2025-04-20,23.0,24.45893,1.4589290618896484,6.343169834302819
2025-04-21,12.0,10.78242,1.2175798416137695,10.146498680114746
2025-04-21,20.0,21.464794,1.4647941589355469,7.323970794677734
2025-04-21,19.0,19.101206,0.10120582580566406,0.5326622410824424
2025-04-21,23.0,20.67429,2.3257102966308594,10.111783898395041
2025-04-21,5.0,5.743765,0.7437648773193359,14.875297546386719
2025-04-21,2.0,2.0991414,0.09914135932922363,4.957067966461182
2025-04-21,9.0,7.0846567,1.9153432846069336,21.281592051188152
2025-04-21,5.0,6.0154266,1.0154266357421875,20.30853271484375
2025-04-21,11.0,10.690027,0.30997276306152344,2.817934209650213
2025-04-21,22.0,22.864063,0.8640632629394531,3.9275602860884233
2025-04-21,2.0,2.3139675,0.3139674663543701,15.698373317718506
2025-04-21,13.0,12.668778,0.3312215805053711,2.5478583115797777
2025-04-22,21.0,19.226665,1.7733345031738281,8.444450015113468
2025-04-22,27.0,26.197098,0.8029022216796875,2.973711932146991
2025-04-22,7.0,7.795954,0.7959542274475098,11.370774677821569
2025-04-22,10.0,9.006882,0.9931182861328125,9.931182861328125
2025-04-22,17.0,15.89554,1.1044597625732422,6.496822132783778
2025-04-22,11.0,10.690027,0.30997276306152344,2.817934209650213
2025-04-22,20.0,20.749334,0.7493343353271484,3.746671676635742
2025-04-22,3.0,2.6609256,0.33907437324523926,11.302479108174643
2025-04-22,3.0,2.9072974,0.09270262718200684,3.090087572733561
2025-04-22,19.0,20.38414,1.3841400146484375,7.2849474455180925
2025-04-22,4.0,4.7745266,0.7745265960693359,19.3631649017334
2025-04-22,4.0,4.054063,0.054062843322753906,1.3515710830688477
2025-04-23,14.0,13.835665,0.1643352508544922,1.1738232203892298
2025-04-23,13.0,12.580136,0.4198637008666992,3.2297207758976865
2025-04-23,2.0,2.0991414,0.09914135932922363,4.957067966461182
2025-04-23,7.0,6.1516857,0.8483142852783203,12.118775503976005
2025-04-23,17.0,18.402813,1.4028129577636719,8.251840928021599
2025-04-23,5.0,6.023812,1.0238118171691895,20.47623634338379
2025-04-23,1.0,1.495237,0.49523699283599854,49.52369928359985
2025-04-23,5.0,4.0631614,0.9368386268615723,18.736772537231445
2025-04-23,6.0,6.694987,0.6949868202209473,11.583113670349121
2025-04-23,14.0,13.770251,0.22974872589111328,1.6410623277936662
2025-04-23,13.0,14.0772295,1.0772294998168945,8.286380767822266
2025-04-23,5.0,5.213567,0.21356678009033203,4.271335601806641
2025-04-24,13.0,14.822286,1.8222856521606445,14.017581939697266
2025-04-24,2.0,2.3139675,0.3139674663543701,15.698373317718506
2025-04-24,16.0,15.543922,0.45607757568359375,2.850484848022461
2025-04-24,4.0,4.054063,0.054062843322753906,1.3515710830688477
2025-04-24,11.0,11.953504,0.9535036087036133,8.668214624578303
2025-04-24,4.0,4.9847207,0.9847207069396973,24.61801767349243
2025-04-24,4.0,5.2065883,1.2065882682800293,30.164706707000732
2025-04-24,11.0,10.961542,0.03845787048339844,0.34961700439453125
2025-04-24,9.0,8.883385,0.11661529541015625,1.2957255045572917
2025-04-24,4.0,5.0602617,1.0602617263793945,26.506543159484863
2025-04-24,15.0,14.740364,0.25963592529296875,1.7309061686197917
2025-04-25,12.0,10.78242,1.2175798416137695,10.146498680114746
2025-04-25,4.0,3.9682593,0.031740665435791016,0.7935166358947754
2025-04-25,11.0,12.189799,1.1897993087768555,10.816357352516867
2025-04-25,15.0,14.740364,0.25963592529296875,1.7309061686197917
2025-04-25,18.0,20.072315,2.072315216064453,11.512862311469185
2025-04-25,3.0,2.6609256,0.33907437324523926,11.302479108174643
2025-04-25,12.0,11.823148,0.17685222625732422,1.4737685521443684
2025-04-25,3.0,3.8330522,0.8330521583557129,27.768405278523762
2025-04-25,32.0,30.920355,1.0796451568603516,3.3738911151885986
2025-04-25,12.0,13.301997,1.301997184753418,10.849976539611816
2025-04-25,24.0,21.56519,2.4348106384277344,10.145044326782227
2025-04-25,5.0,5.32525,0.32525014877319336,6.505002975463867
2025-04-26,7.0,6.1739883,0.8260116577148438,11.800166538783483
2025-04-26,1.0,1.3630522,0.36305224895477295,36.305224895477295
2025-04-26,4.0,4.087689,0.08768892288208008,2.192223072052002
2025-04-26,6.0,5.351318,0.6486821174621582,10.811368624369303
2025-04-26,29.0,29.924261,0.9242610931396484,3.1871072177229256
2025-04-26,4.0,5.0825644,1.082564353942871,27.064108848571777
2025-04-26,17.0,16.662733,0.3372669219970703,1.9839230705710018
2025-04-26,22.0,21.663109,0.33689117431640625,1.5313235196200283
2025-04-26,13.0,12.691077,0.30892276763916016,2.3763289818396935
2025-04-26,1.0,1.3469616,0.3469616174697876,34.69616174697876
2025-04-26,20.0,18.687988,1.31201171875,6.56005859375
2025-04-26,18.0,18.60969,0.6096897125244141,3.387165069580078
2025-04-27,18.0,16.635263,1.364736557006836,7.581869761149089
2025-04-27,23.0,23.827099,0.8270988464355469,3.5960819410241167
2025-04-27,2.0,2.6539235,0.653923511505127,32.69617557525635
2025-04-27,34.0,34.422745,0.4227447509765625,1.2433669146369486
2025-04-27,19.0,19.143415,0.1434154510498047,0.7548181634200247
2025-04-27,11.0,10.804719,0.1952810287475586,1.77528207952326
2025-04-27,3.0,2.677016,0.322983980178833,10.766132672627768
2025-04-27,14.0,13.724551,0.2754487991333008,1.9674914223807198
2025-04-27,11.0,9.946789,1.0532112121582031,9.574647383256393
2025-04-27,7.0,7.818257,0.8182568550109863,11.689383643014091
2025-04-27,4.0,3.9877088,0.012291193008422852,0.3072798252105713
2025-04-27,4.0,4.0763655,0.07636547088623047,1.9091367721557617
2025-04-28,31.0,30.03566,0.9643402099609375,3.110774870841734
2025-04-28,20.0,20.760008,0.7600078582763672,3.800039291381836
2025-04-28,13.0,12.580136,0.4198637008666992,3.2297207758976865
2025-04-28,5.0,6.0604615,1.0604615211486816,21.209230422973633
2025-04-28,20.0,21.832783,1.8327827453613281,9.16391372680664
2025-04-28,6.0,4.990387,1.009613037109375,16.826883951822918
2025-04-28,2.0,2.6378334,0.6378333568572998,31.89166784286499
2025-04-28,10.0,9.006882,0.9931182861328125,9.931182861328125
2025-04-28,29.0,24.311527,4.688472747802734,16.167147406216326
2025-04-28,5.0,5.32525,0.32525014877319336,6.505002975463867
2025-04-28,5.0,4.0631614,0.9368386268615723,18.736772537231445
2025-04-28,16.0,14.899431,1.1005687713623047,6.878554821014404
2025-04-29,18.0,18.238663,0.2386627197265625,1.3259039984809027
2025-04-29,7.0,6.9771433,0.022856712341308594,0.3265244620186942
2025-04-29,4.0,4.054063,0.054062843322753906,1.3515710830688477
2025-04-29,4.0,3.9682593,0.031740665435791016,0.7935166358947754
2025-04-29,7.0,6.9771433,0.022856712341308594,0.3265244620186942
2025-04-29,20.0,18.284143,1.7158565521240234,8.579282760620117
2025-04-29,23.0,24.452234,1.4522342681884766,6.314062035602072
2025-04-29,10.0,11.158136,1.1581363677978516,11.581363677978516
2025-04-29,7.0,7.0170484,0.017048358917236328,0.24354798453194754
2025-04-29,6.0,7.0018177,1.0018177032470703,16.696961720784504
2025-04-29,2.0,2.0991414,0.09914135932922363,4.957067966461182
2025-04-30,5.0,4.9785385,0.02146148681640625,0.429229736328125
2025-04-30,7.0,6.9771433,0.022856712341308594,0.3265244620186942
2025-04-30,7.0,6.9771433,0.022856712341308594,0.3265244620186942
2025-04-30,7.0,7.5286074,0.5286073684692383,7.5515338352748325
2025-04-30,7.0,6.1516857,0.8483142852783203,12.118775503976005
2025-04-30,5.0,6.0143743,1.0143742561340332,20.287485122680664
2025-04-30,3.0,2.9072974,0.09270262718200684,3.090087572733561
2025-04-30,22.0,23.361673,1.361673355102539,6.189424341375178
2025-04-30,4.0,5.1052966,1.1052966117858887,27.632415294647217
2025-04-30,12.0,11.932657,0.06734275817871094,0.5611896514892578
2025-04-30,11.0,12.191818,1.1918182373046875,10.834711248224432
2025-04-30,10.0,10.053546,0.05354595184326172,0.5354595184326172
2025-05-01,11.0,9.92449,1.075510025024414,9.77736386385831
2025-05-01,22.0,21.253208,0.7467918395996094,3.3945083618164062
2025-05-01,2.0,2.0991414,0.09914135932922363,4.957067966461182
2025-05-01,14.0,13.723976,0.27602386474609375,1.9715990339006697
2025-05-01,5.0,5.32525,0.32525014877319336,6.505002975463867
2025-05-01,3.0,2.9072974,0.09270262718200684,3.090087572733561
2025-05-01,1.0,1.3308711,0.3308711051940918,33.08711051940918
2025-05-01,21.0,21.835123,0.8351230621337891,3.9767764863513766
2025-05-01,15.0,14.740364,0.25963592529296875,1.7309061686197917
2025-05-01,9.0,9.92449,0.9244899749755859,10.272110833062065
2025-05-01,16.0,14.88923,1.1107702255249023,6.94231390953064
2025-05-01,23.0,24.31145,1.3114490509033203,5.701952395231827
2025-05-02,19.0,20.26539,1.265390396118164,6.659949453253495
2025-05-02,11.0,9.92449,1.075510025024414,9.77736386385831
2025-05-02,8.0,7.077941,0.9220590591430664,11.52573823928833
2025-05-02,25.0,26.080944,1.0809440612792969,4.3237762451171875
2025-05-02,3.0,2.6609256,0.33907437324523926,11.302479108174643
2025-05-02,11.0,10.690027,0.30997276306152344,2.817934209650213
2025-05-02,8.0,9.006882,1.0068817138671875,12.586021423339844
2025-05-02,24.0,23.483757,0.5162429809570312,2.151012420654297
2025-05-02,9.0,6.155451,2.8445491790771484,31.606101989746094
2025-05-02,18.0,16.789936,1.2100639343261719,6.722577412923177
2025-05-02,2.0,2.6378334,0.6378333568572998,31.89166784286499
2025-05-02,18.0,16.8666,1.1333999633789062,6.2966664632161455
2025-05-03,7.0,6.999446,0.0005540847778320312,0.007915496826171875
2025-05-03,28.0,28.19269,0.1926898956298828,0.6881781986781529
2025-05-03,8.0,7.818257,0.18174314498901367,2.271789312362671
2025-05-03,4.0,4.7934704,0.7934703826904297,19.836759567260742
2025-05-03,27.0,28.045898,1.0458984375,3.8736979166666665
2025-05-03,9.0,9.946789,0.9467887878417969,10.519875420464409
2025-05-03,30.0,26.241446,3.758554458618164,12.528514862060547
2025-05-03,7.0,5.3631663,1.636833667755127,23.383338110787527
2025-05-03,37.0,35.98552,1.0144805908203125,2.7418394346494934
2025-05-03,4.0,3.8178313,0.18216872215270996,4.554218053817749
2025-05-03,10.0,7.9080963,2.0919036865234375,20.919036865234375
2025-05-03,15.0,14.776963,0.2230367660522461,1.4869117736816406
2025-05-04,7.0,6.1739883,0.8260116577148438,11.800166538783483
2025-05-04,28.0,24.701437,3.298563003540039,11.78058215550014
2025-05-04,9.0,8.9056835,0.09431648254394531,1.047960917154948
2025-05-04,15.0,14.09953,0.9004697799682617,6.003131866455078
2025-05-04,24.0,25.714281,1.7142810821533203,7.142837842305501
2025-05-04,26.0,25.898357,0.10164260864257812,0.39093311016376203
2025-05-04,5.0,4.085464,0.9145359992980957,18.290719985961914
2025-05-04,7.0,7.818257,0.8182568550109863,11.689383643014091
2025-05-04,6.0,6.7139306,0.713930606842041,11.89884344736735
2025-05-04,29.0,25.156805,3.8431949615478516,13.252396419130523
2025-05-04,33.0,31.697474,1.3025264739990234,3.947049921209162
2025-05-05,7.0,6.9771433,0.022856712341308594,0.3265244620186942
2025-05-05,21.0,21.596807,0.5968074798583984,2.841940380278088
2025-05-05,16.0,14.994366,1.0056343078613281,6.285214424133301
2025-05-05,1.0,1.3308711,0.3308711051940918,33.08711051940918
2025-05-05,4.0,5.0602617,1.0602617263793945,26.506543159484863
2025-05-05,20.0,19.811289,0.18871116638183594,0.9435558319091797
2025-05-05,5.0,5.32525,0.32525014877319336,6.505002975463867
2025-05-05,1.0,1.3308711,0.3308711051940918,33.08711051940918
2025-05-05,10.0,9.856683,0.14331722259521484,1.4331722259521484
2025-05-05,28.0,28.332811,0.3328113555908203,1.1886119842529297
2025-05-05,9.0,8.883385,0.11661529541015625,1.2957255045572917
2025-05-06,1.0,1.3308711,0.3308711051940918,33.08711051940918
2025-05-06,27.0,27.917437,0.9174365997314453,3.3979133323386863
2025-05-06,10.0,9.800808,0.19919204711914062,1.9919204711914062
2025-05-06,5.0,6.0154266,1.0154266357421875,20.30853271484375
2025-05-06,16.0,15.727396,0.27260398864746094,1.7037749290466309
2025-05-06,1.0,1.5895337,0.5895336866378784,58.95336866378784
2025-05-06,21.0,19.501406,1.4985942840576172,7.136163257417225
2025-05-06,12.0,13.301997,1.301997184753418,10.849976539611816
2025-05-06,3.0,3.703805,0.7038049697875977,23.46016565958659
2025-05-06,4.0,4.0653863,0.06538629531860352,1.634657382965088
2025-05-06,16.0,15.45436,0.5456399917602539,3.410249948501587
2025-05-06,1.0,1.5857688,0.5857688188552856,58.576881885528564
2025-05-07,2.0,2.6378334,0.6378333568572998,31.89166784286499
2025-05-07,3.0,3.863627,0.8636269569396973,28.787565231323242
2025-05-07,3.0,2.9072974,0.09270262718200684,3.090087572733561
2025-05-07,9.0,10.265917,1.2659168243408203,14.065742492675781
2025-05-07,8.0,8.221065,0.22106456756591797,2.7633070945739746
2025-05-07,3.0,2.6609256,0.33907437324523926,11.302479108174643
2025-05-07,23.0,21.83065,1.1693496704101562,5.084129001783288
2025-05-07,1.0,1.5857688,0.5857688188552856,58.576881885528564
2025-05-07,10.0,9.856683,0.14331722259521484,1.4331722259521484
2025-05-07,6.0,6.023812,0.023811817169189453,0.3968636194864909
2025-05-07,14.0,15.720966,1.7209663391113281,12.292616707938057
2025-05-07,7.0,6.9771433,0.022856712341308594,0.3265244620186942
2025-05-08,4.0,3.798889,0.2011110782623291,5.0277769565582275
2025-05-08,8.0,7.795954,0.20404577255249023,2.550572156906128
2025-05-08,18.0,16.892038,1.107961654663086,6.155342525906033
2025-05-08,7.0,6.1516857,0.8483142852783203,12.118775503976005
2025-05-08,4.0,4.7745266,0.7745265960693359,19.3631649017334
2025-05-08,14.0,15.720966,1.7209663391113281,12.292616707938057
2025-05-08,14.0,13.702252,0.2977476119995117,2.1267686571393694
2025-05-08,29.0,28.23542,0.7645797729492188,2.6364819756869613
2025-05-08,2.0,2.7876859,0.7876858711242676,39.38429355621338
2025-05-08,1.0,1.5895337,0.5895336866378784,58.95336866378784
2025-05-08,9.0,9.006882,0.0068817138671875,0.07646348741319445
2025-05-08,19.0,20.254717,1.2547168731689453,6.60377301667866
2025-05-09,4.0,3.798889,0.2011110782623291,5.0277769565582275
2025-05-09,31.0,31.51384,0.5138397216796875,1.6575474892893145
2025-05-09,8.0,6.155451,1.8445491790771484,23.056864738464355
2025-05-09,27.0,27.428692,0.4286918640136719,1.587747644495081
2025-05-09,16.0,14.899431,1.1005687713623047,6.878554821014404
2025-05-09,23.0,21.812643,1.187356948852539,5.16242151675017
2025-05-09,3.0,2.9035325,0.09646749496459961,3.215583165486654
2025-05-09,7.0,6.9771433,0.022856712341308594,0.3265244620186942
2025-05-09,20.0,18.69594,1.3040599822998047,6.520299911499023
2025-05-09,24.0,23.483757,0.5162429809570312,2.151012420654297
2025-05-09,12.0,13.723976,1.7239761352539062,14.366467793782553
2025-05-09,1.0,1.3308711,0.3308711051940918,33.08711051940918
2025-05-10,7.0,7.547551,0.547551155090332,7.822159358433315
2025-05-10,21.0,21.926298,0.9262981414794922,4.410943530854725
2025-05-10,12.0,11.845447,0.15455341339111328,1.2879451115926106
2025-05-10,30.0,26.271795,3.7282047271728516,12.427349090576172
2025-05-10,9.0,7.1069593,1.893040657043457,21.033785078260635
2025-05-10,33.0,32.132156,0.8678436279296875,2.629829175544508
2025-05-10,4.0,3.9877088,0.012291193008422852,0.3072798252105713
2025-05-10,31.0,31.618937,0.6189365386962891,1.9965694796654485
2025-05-10,11.0,9.946789,1.0532112121582031,9.574647383256393
2025-05-10,3.0,2.677016,0.322983980178833,10.766132672627768
2025-05-10,11.0,12.212098,1.2120981216430664,11.019073833118785
2025-05-10,12.0,11.753054,0.2469463348388672,2.0578861236572266
2025-05-11,5.0,6.0461144,1.046114444732666,20.92228889465332
2025-05-11,20.0,18.718338,1.2816619873046875,6.4083099365234375
2025-05-11,7.0,8.724054,1.7240543365478516,24.62934766496931
2025-05-11,2.0,2.3611975,0.36119747161865234,18.059873580932617
2025-05-11,5.0,5.2358694,0.2358694076538086,4.717388153076172
2025-05-11,14.0,13.724551,0.2754487991333008,1.9674914223807198
2025-05-11,10.0,11.805844,1.8058443069458008,18.058443069458008
2025-05-11,3.0,3.7227473,0.7227473258972168,24.091577529907227
2025-05-11,2.0,2.1152318,0.11523175239562988,5.761587619781494
2025-05-11,3.0,2.9267466,0.07325339317321777,2.4417797724405923
2025-05-11,8.0,9.029181,1.0291805267333984,12.86475658416748
2025-05-11,27.0,26.255081,0.7449188232421875,2.7589586046006946
2025-05-12,14.0,13.770251,0.22974872589111328,1.6410623277936662
2025-05-12,5.0,5.743765,0.7437648773193359,14.875297546386719
2025-05-12,4.0,3.9682593,0.031740665435791016,0.7935166358947754
2025-05-12,13.0,12.770285,0.22971534729003906,1.7670411330003004
2025-05-12,11.0,12.122252,1.1222524642944336,10.202295129949396
2025-05-12,6.0,5.3370986,0.6629014015197754,11.048356691996256
2025-05-12,12.0,11.730755,0.2692451477050781,2.2437095642089844
2025-05-12,9.0,8.883385,0.11661529541015625,1.2957255045572917
2025-05-12,7.0,6.9771433,0.022856712341308594,0.3265244620186942
2025-05-12,8.0,9.359407,1.3594074249267578,16.992592811584473
2025-05-12,4.0,5.0757847,1.075784683227539,26.894617080688477
2025-05-13,3.0,2.9035325,0.09646749496459961,3.215583165486654
2025-05-13,6.0,5.3290153,0.6709847450256348,11.18307908376058
2025-05-13,5.0,5.213567,0.21356678009033203,4.271335601806641
2025-05-13,24.0,21.957006,2.0429935455322266,8.512473106384277
2025-05-13,22.0,21.246172,0.7538280487060547,3.426491130482067
2025-05-13,4.0,5.2065883,1.2065882682800293,30.164706707000732
2025-05-13,17.0,16.626127,0.3738727569580078,2.199251511517693
2025-05-13,11.0,12.189799,1.1897993087768555,10.816357352516867
2025-05-13,19.0,20.38414,1.3841400146484375,7.2849474455180925
2025-05-13,3.0,3.703805,0.7038049697875977,23.46016565958659
2025-05-13,3.0,2.6609256,0.33907437324523926,11.302479108174643
2025-05-13,12.0,13.301997,1.301997184753418,10.849976539611816
2025-05-14,8.0,7.795954,0.20404577255249023,2.550572156906128
2025-05-14,5.0,5.32525,0.32525014877319336,6.505002975463867
2025-05-14,32.0,32.204502,0.20450210571289062,0.6390690803527832
2025-05-14,3.0,2.6609256,0.33907437324523926,11.302479108174643
2025-05-14,27.0,25.207819,1.7921810150146484,6.637707463017216
2025-05-14,23.0,21.812643,1.187356948852539,5.16242151675017
2025-05-14,17.0,17.771526,0.7715263366699219,4.538390215705423
2025-05-14,6.0,6.9771433,0.9771432876586914,16.28572146097819
2025-05-14,11.0,10.690027,0.30997276306152344,2.817934209650213
2025-05-14,5.0,4.0631614,0.9368386268615723,18.736772537231445
2025-05-14,3.0,3.703805,0.7038049697875977,23.46016565958659
2025-05-14,10.0,9.800808,0.19919204711914062,1.9919204711914062
2025-05-15,15.0,14.077231,0.9227685928344727,6.151790618896484
2025-05-15,4.0,3.9682593,0.031740665435791016,0.7935166358947754
2025-05-15,17.0,17.771526,0.7715263366699219,4.538390215705423
2025-05-15,33.0,32.105522,0.8944778442382812,2.7105389219341856
2025-05-15,5.0,5.213567,0.21356678009033203,4.271335601806641
2025-05-15,6.0,6.96099,0.9609899520874023,16.016499201456707
2025-05-15,19.0,18.253,0.7469997406005859,3.931577582108347
2025-05-15,17.0,18.402813,1.4028129577636719,8.251840928021599
2025-05-15,7.0,6.1516857,0.8483142852783203,12.118775503976005
2025-05-15,8.0,9.006882,1.0068817138671875,12.586021423339844
2025-05-15,3.0,2.6609256,0.33907437324523926,11.302479108174643
2025-05-15,1.0,1.3308711,0.3308711051940918,33.08711051940918
2025-05-16,15.0,17.051802,2.0518016815185547,13.678677876790365
2025-05-16,8.0,7.077941,0.9220590591430664,11.52573823928833
2025-05-16,11.0,10.78242,0.21757984161376953,1.9779985601251775
2025-05-16,1.0,1.3308711,0.3308711051940918,33.08711051940918
2025-05-16,15.0,14.192519,0.8074808120727539,5.383205413818359
2025-05-16,4.0,4.0653863,0.06538629531860352,1.634657382965088
2025-05-16,17.0,17.771526,0.7715263366699219,4.538390215705423
2025-05-16,7.0,7.0170484,0.017048358917236328,0.24354798453194754
2025-05-16,2.0,2.3139675,0.3139674663543701,15.698373317718506
2025-05-16,2.0,2.8032084,0.8032083511352539,40.160417556762695
2025-05-16,11.0,11.679991,0.6799907684326172,6.181734258478338
2025-05-17,13.0,12.810589,0.18941116333007812,1.4570089486929088
2025-05-17,9.0,9.029181,0.029180526733398438,0.32422807481553817
2025-05-17,4.0,4.7934704,0.7934703826904297,19.836759567260742
2025-05-17,11.0,12.220946,1.2209463119506836,11.099511926824396
2025-05-17,9.0,7.1069593,1.893040657043457,21.033785078260635
2025-05-17,32.0,28.020596,3.9794044494628906,12.435638904571533
2025-05-17,3.0,2.9267466,0.07325339317321777,2.4417797724405923
2025-05-17,11.0,9.946789,1.0532112121582031,9.574647383256393
2025-05-17,21.0,19.359268,1.6407318115234375,7.813008626302083
2025-05-17,26.0,26.528341,0.5283412933349609,2.0320818974421573
2025-05-17,5.0,4.9974823,0.0025177001953125,0.05035400390625
2025-05-17,27.0,28.03767,1.0376701354980469,3.84322272406684
2025-05-18,7.0,7.8252554,0.8252553939819336,11.78936277117048
2025-05-18,5.0,5.7627087,0.7627086639404297,15.254173278808594
2025-05-18,10.0,7.1040087,2.895991325378418,28.95991325378418
2025-05-18,13.0,12.691077,0.30892276763916016,2.3763289818396935
2025-05-18,5.0,5.347553,0.3475527763366699,6.951055526733398
2025-05-18,39.0,36.11299,2.8870086669921875,7.402586325620994
2025-05-18,4.0,3.8178313,0.18216872215270996,4.554218053817749
2025-05-18,14.0,13.724551,0.2754487991333008,1.9674914223807198
2025-05-18,38.0,36.57807,1.4219284057617188,3.741916857267681
2025-05-18,31.0,27.685486,3.31451416015625,10.691981161794354
2025-05-18,13.0,11.845447,1.1545534133911133,8.881180103008564
2025-05-18,26.0,23.719791,2.2802085876464844,8.770033029409555
2025-05-19,19.0,21.220778,2.2207775115966797,11.688302692614103
2025-05-19,2.0,2.0991414,0.09914135932922363,4.957067966461182
2025-05-19,15.0,14.740364,0.25963592529296875,1.7309061686197917
2025-05-19,4.0,3.9682593,0.031740665435791016,0.7935166358947754
2025-05-19,3.0,3.703805,0.7038049697875977,23.46016565958659
2025-05-19,29.0,25.729792,3.2702083587646484,11.276580547464304
2025-05-19,9.0,8.883385,0.11661529541015625,1.2957255045572917
2025-05-19,7.0,6.9771433,0.022856712341308594,0.3265244620186942
2025-05-19,1.0,1.5857688,0.5857688188552856,58.576881885528564
2025-05-19,25.0,26.080944,1.0809440612792969,4.3237762451171875
2025-05-19,9.0,9.92449,0.9244899749755859,10.272110833062065
2025-05-19,16.0,14.994366,1.0056343078613281,6.285214424133301
2025-05-20,4.0,4.7745266,0.7745265960693359,19.3631649017334
2025-05-20,13.0,14.346671,1.3466711044311523,10.359008495624249
2025-05-20,4.0,4.054063,0.054062843322753906,1.3515710830688477
2025-05-20,4.0,3.798889,0.2011110782623291,5.0277769565582275
2025-05-20,8.0,8.831167,0.8311672210693359,10.3895902633667
2025-05-20,24.0,25.566801,1.5668010711669922,6.528337796529134
2025-05-20,3.0,3.884011,0.8840110301971436,29.467034339904785
2025-05-20,22.0,20.406416,1.5935840606689453,7.243563912131569
2025-05-20,20.0,18.663727,1.336273193359375,6.681365966796875
2025-05-20,14.0,13.723976,0.27602386474609375,1.9715990339006697
2025-05-20,4.0,3.9682593,0.031740665435791016,0.7935166358947754
2025-05-20,5.0,5.213567,0.21356678009033203,4.271335601806641
2025-05-21,8.0,7.077941,0.9220590591430664,11.52573823928833
2025-05-21,4.0,3.798889,0.2011110782623291,5.0277769565582275
2025-05-21,3.0,3.866878,0.8668780326843262,28.89593442281087
2025-05-21,4.0,5.2065883,1.2065882682800293,30.164706707000732
2025-05-21,9.0,11.023711,2.0237112045288086,22.485680050320095
2025-05-21,4.0,3.9682593,0.031740665435791016,0.7935166358947754
2025-05-21,7.0,7.7995396,0.7995395660400391,11.421993800571986
2025-05-21,12.0,11.948224,0.05177593231201172,0.43146610260009766
2025-05-21,19.0,18.06898,0.9310207366943359,4.900109140496505
2025-05-21,12.0,13.480316,1.480316162109375,12.335968017578125
2025-05-21,11.0,10.690027,0.30997276306152344,2.817934209650213
2025-05-22,7.0,6.1516857,0.8483142852783203,12.118775503976005
2025-05-22,30.0,30.122478,0.12247848510742188,0.40826161702473956
2025-05-22,26.0,23.637592,2.362407684326172,9.086183401254507
2025-05-22,31.0,27.889328,3.1106719970703125,10.034425797001008
2025-05-22,15.0,15.9620075,0.9620075225830078,6.413383483886719
2025-05-22,14.0,13.723976,0.27602386474609375,1.9715990339006697
2025-05-22,2.0,2.6378334,0.6378333568572998,31.89166784286499
2025-05-22,15.0,14.740364,0.25963592529296875,1.7309061686197917
2025-05-22,2.0,2.0991414,0.09914135932922363,4.957067966461182
2025-05-22,7.0,5.3408637,1.6591362953186035,23.70194707598005
2025-05-22,8.0,7.795954,0.20404577255249023,2.550572156906128
2025-05-22,13.0,14.045132,1.0451316833496094,8.039474487304688
2025-05-23,19.0,18.253,0.7469997406005859,3.931577582108347
2025-05-23,1.0,1.3308711,0.3308711051940918,33.08711051940918
2025-05-23,26.0,26.690517,0.6905174255371094,2.6558362520658054
2025-05-23,12.0,10.78242,1.2175798416137695,10.146498680114746
2025-05-23,7.0,7.795954,0.7959542274475098,11.370774677821569
2025-05-23,11.0,10.78242,0.21757984161376953,1.9779985601251775
2025-05-23,26.0,25.441765,0.5582351684570312,2.147058340219351
2025-05-23,25.0,26.080944,1.0809440612792969,4.3237762451171875
2025-05-23,3.0,3.703805,0.7038049697875977,23.46016565958659
2025-05-23,3.0,2.9072974,0.09270262718200684,3.090087572733561
2025-05-23,6.0,5.3370986,0.6629014015197754,11.048356691996256
2025-05-23,19.0,17.935461,1.0645389556884766,5.602836608886719
2025-05-24,6.0,6.999446,0.999445915222168,16.657431920369465
2025-05-24,24.0,22.018219,1.981781005859375,8.257420857747396
2025-05-24,4.0,4.0763655,0.07636547088623047,1.9091367721557617
2025-05-24,4.0,3.9877088,0.012291193008422852,0.3072798252105713
2025-05-24,2.0,2.1152318,0.11523175239562988,5.761587619781494
2025-05-24,27.0,28.690441,1.6904411315917969,6.260893079969618
2025-05-24,12.0,10.804719,1.1952810287475586,9.960675239562988
2025-05-24,8.0,7.818257,0.18174314498901367,2.271789312362671
2025-05-24,24.0,25.714281,1.7142810821533203,7.142837842305501
2025-05-24,15.0,14.776963,0.2230367660522461,1.4869117736816406
2025-05-24,30.0,28.79199,1.2080097198486328,4.026699066162109
2025-05-25,37.0,36.02592,0.9740791320800781,2.63264630291913
2025-05-25,13.0,14.0674305,1.0674304962158203,8.211003817044771
2025-05-25,27.0,28.957842,1.9578418731689453,7.251266196922019
2025-05-25,17.0,15.932139,1.0678606033325195,6.2815329607795265
2025-05-25,2.0,2.6539235,0.653923511505127,32.69617557525635
2025-05-25,15.0,12.691077,2.30892276763916,15.392818450927734
2025-05-25,13.0,12.602435,0.3975648880004883,3.0581914461576023
2025-05-25,5.0,4.9974823,0.0025177001953125,0.05035400390625
2025-05-25,28.0,28.430462,0.4304618835449219,1.5373638698032923
2025-05-25,6.0,5.351318,0.6486821174621582,10.811368624369303
2025-05-25,23.0,21.873856,1.1261444091796875,4.896280039911685
2025-05-25,11.0,8.995523,2.004476547241211,18.22251406582919
2025-05-26,16.0,14.994366,1.0056343078613281,6.285214424133301
2025-05-26,13.0,14.987826,1.9878263473510742,15.290971902700571
2025-05-26,1.0,1.3308711,0.3308711051940918,33.08711051940918
2025-05-26,11.0,10.690027,0.30997276306152344,2.817934209650213
2025-05-26,4.0,3.798889,0.2011110782623291,5.0277769565582275
2025-05-26,7.0,6.1516857,0.8483142852783203,12.118775503976005
2025-05-26,27.0,27.909208,0.9092082977294922,3.36743813973886
2025-05-26,9.0,8.883385,0.11661529541015625,1.2957255045572917
2025-05-26,7.0,6.9771433,0.022856712341308594,0.3265244620186942
2025-05-26,2.0,2.7828245,0.7828245162963867,39.141225814819336
2025-05-26,4.0,3.9682593,0.031740665435791016,0.7935166358947754
2025-05-26,18.0,18.253489,0.25348854064941406,1.4082696702745225
2025-05-27,15.0,16.777039,1.77703857421875,11.846923828125
2025-05-27,5.0,5.743765,0.7437648773193359,14.875297546386719
2025-05-27,6.0,5.3290153,0.6709847450256348,11.18307908376058
2025-05-27,2.0,2.3417482,0.3417482376098633,17.087411880493164
2025-05-27,21.0,19.316061,1.683938980102539,8.018757048107329
2025-05-27,5.0,4.9785385,0.02146148681640625,0.429229736328125
2025-05-27,26.0,27.273167,1.2731666564941406,4.896794832669771
2025-05-27,7.0,6.9771433,0.022856712341308594,0.3265244620186942
2025-05-27,28.0,24.586496,3.413503646850586,12.191084453037806
2025-05-27,15.0,14.077231,0.9227685928344727,6.151790618896484
2025-05-27,10.0,10.78242,0.7824201583862305,7.824201583862305
2025-05-27,27.0,26.165506,0.8344936370849609,3.090717174388744
2025-05-28,7.0,6.9771433,0.022856712341308594,0.3265244620186942
2025-05-28,26.0,25.840374,0.15962600708007812,0.6139461810772235
2025-05-28,2.0,2.3139675,0.3139674663543701,15.698373317718506
2025-05-28,9.0,9.030189,0.030188560485839844,0.33542844984266496
2025-05-28,3.0,3.703805,0.7038049697875977,23.46016565958659
2025-05-28,4.0,5.0602617,1.0602617263793945,26.506543159484863
2025-05-28,2.0,2.0991414,0.09914135932922363,4.957067966461182
2025-05-28,8.0,7.077941,0.9220590591430664,11.52573823928833
2025-05-28,7.0,6.9771433,0.022856712341308594,0.3265244620186942
2025-05-28,19.0,20.38414,1.3841400146484375,7.2849474455180925
2025-05-28,19.0,21.780348,2.7803478240966797,14.633409600508841
2025-05-28,22.0,20.189342,1.8106575012207031,8.230261369185014
2025-05-29,25.0,27.041529,2.0415287017822266,8.166114807128906
2025-05-29,9.0,8.883385,0.11661529541015625,1.2957255045572917
2025-05-29,28.0,24.586496,3.413503646850586,12.191084453037806
2025-05-29,4.0,3.798889,0.2011110782623291,5.0277769565582275
2025-05-29,23.0,24.31145,1.3114490509033203,5.701952395231827
2025-05-29,26.0,25.840374,0.15962600708007812,0.6139461810772235
2025-05-29,19.0,18.077955,0.9220447540283203,4.852867126464844
2025-05-29,9.0,9.92449,0.9244899749755859,10.272110833062065
2025-05-29,4.0,3.9682593,0.031740665435791016,0.7935166358947754
2025-05-29,13.0,12.580136,0.4198637008666992,3.2297207758976865
2025-05-29,7.0,6.1516857,0.8483142852783203,12.118775503976005
2025-05-29,2.0,2.6378334,0.6378333568572998,31.89166784286499
2025-05-30,25.0,24.771992,0.22800827026367188,0.9120330810546875
2025-05-30,4.0,5.0602617,1.0602617263793945,26.506543159484863
2025-05-30,7.0,6.9771433,0.022856712341308594,0.3265244620186942
2025-05-30,16.0,17.575298,1.5752983093261719,9.845614433288574
2025-05-30,18.0,20.072718,2.0727176666259766,11.515098147922092
2025-05-30,13.0,12.580136,0.4198637008666992,3.2297207758976865
2025-05-30,8.0,6.155451,1.8445491790771484,23.056864738464355
2025-05-30,8.0,7.795954,0.20404577255249023,2.550572156906128
2025-05-30,7.0,6.1516857,0.8483142852783203,12.118775503976005
2025-05-30,5.0,4.9785385,0.02146148681640625,0.429229736328125
2025-05-30,21.0,19.501406,1.4985942840576172,7.136163257417225
2025-05-31,29.0,25.064058,3.935941696166992,13.572212745403421
2025-05-31,11.0,9.946789,1.0532112121582031,9.574647383256393
2025-05-31,4.0,3.9877088,0.012291193008422852,0.3072798252105713
2025-05-31,34.0,32.811317,1.1886825561523438,3.496125165153952
2025-05-31,6.0,6.999446,0.999445915222168,16.657431920369465
2025-05-31,3.0,2.9229817,0.07701826095581055,2.567275365193685
2025-05-31,2.0,2.1152318,0.11523175239562988,5.761587619781494
2025-05-31,22.0,24.701437,2.701436996459961,12.279259074818004
2025-05-31,14.0,13.724551,0.2754487991333008,1.9674914223807198
2025-05-31,31.0,31.623684,0.6236839294433594,2.0118836433656755
2025-05-31,7.0,7.547551,0.547551155090332,7.822159358433315
2025-05-31,18.0,16.826542,1.1734580993652344,6.519211663140191
2025-06-01,19.0,21.84156,2.8415603637695312,14.9555808619449
2025-06-01,15.0,13.883127,1.116872787475586,7.445818583170573
2025-06-01,1.0,1.3469616,0.3469616174697876,34.69616174697876
2025-06-01,8.0,7.818257,0.18174314498901367,2.271789312362671
2025-06-01,6.0,5.351318,0.6486821174621582,10.811368624369303
2025-06-01,21.0,21.331482,0.33148193359375,1.5784853980654763
2025-06-01,10.0,9.823107,0.1768932342529297,1.7689323425292969
2025-06-01,7.0,7.818257,0.8182568550109863,11.689383643014091
2025-06-01,17.0,18.488953,1.48895263671875,8.758544921875
2025-06-01,6.0,5.359401,0.6405987739562988,10.67664623260498
2025-06-01,12.0,11.753054,0.2469463348388672,2.0578861236572266
2025-06-01,3.0,3.7227473,0.7227473258972168,24.091577529907227
2025-06-02,16.0,15.543922,0.45607757568359375,2.850484848022461
2025-06-02,7.0,6.1516857,0.8483142852783203,12.118775503976005
2025-06-02,2.0,2.3139675,0.3139674663543701,15.698373317718506
2025-06-02,12.0,11.823148,0.17685222625732422,1.4737685521443684
2025-06-02,7.0,6.9771433,0.022856712341308594,0.3265244620186942
2025-06-02,11.0,12.633066,1.633066177368164,14.8460561578924
2025-06-02,1.0,1.3308711,0.3308711051940918,33.08711051940918
2025-06-02,8.0,9.006882,1.0068817138671875,12.586021423339844
2025-06-02,19.0,17.935461,1.0645389556884766,5.602836608886719
2025-06-02,14.0,13.851232,0.14876842498779297,1.062631607055664
2025-06-02,24.0,25.566801,1.5668010711669922,6.528337796529134
2025-06-03,3.0,2.9072974,0.09270262718200684,3.090087572733561
2025-06-03,7.0,6.9771433,0.022856712341308594,0.3265244620186942
2025-06-03,18.0,16.626127,1.3738727569580078,7.632626427544488
2025-06-03,5.0,6.0154266,1.0154266357421875,20.30853271484375
2025-06-03,27.0,26.197098,0.8029022216796875,2.973711932146991
2025-06-03,17.0,15.9841,1.015899658203125,5.975880342371323
2025-06-03,23.0,24.31145,1.3114490509033203,5.701952395231827
2025-06-03,3.0,2.9035325,0.09646749496459961,3.215583165486654
2025-06-03,12.0,13.566567,1.5665674209594727,13.054728507995605
2025-06-03,2.0,2.6378334,0.6378333568572998,31.89166784286499
2025-06-03,1.0,1.3308711,0.3308711051940918,33.08711051940918
2025-06-03,11.0,9.92449,1.075510025024414,9.77736386385831
2025-06-04,17.0,18.124598,1.1245975494384766,6.615279702579274
2025-06-04,7.0,6.1516857,0.8483142852783203,12.118775503976005
2025-06-04,19.0,18.253,0.7469997406005859,3.931577582108347
2025-06-04,2.0,2.6378334,0.6378333568572998,31.89166784286499
2025-06-04,14.0,13.702252,0.2977476119995117,2.1267686571393694
2025-06-04,9.0,9.92449,0.9244899749755859,10.272110833062065
2025-06-04,32.0,32.21273,0.21273040771484375,0.6647825241088867
2025-06-04,41.0,39.555126,1.4448738098144531,3.5240824629620806
2025-06-04,1.0,1.5895337,0.5895336866378784,58.95336866378784
2025-06-04,7.0,5.75215,1.247849941253662,17.826427732195175
2025-06-04,10.0,9.006882,0.9931182861328125,9.931182861328125
2025-06-04,15.0,14.077231,0.9227685928344727,6.151790618896484
2025-06-05,19.0,20.38414,1.3841400146484375,7.2849474455180925
2025-06-05,1.0,1.3308711,0.3308711051940918,33.08711051940918
2025-06-05,9.0,9.030189,0.030188560485839844,0.33542844984266496
2025-06-05,8.0,7.795954,0.20404577255249023,2.550572156906128
2025-06-05,13.0,14.850608,1.8506078720092773,14.235445169302134
2025-06-05,1.0,1.5895337,0.5895336866378784,58.95336866378784
2025-06-05,15.0,14.548774,0.45122623443603516,3.0081748962402344
2025-06-05,10.0,9.800808,0.19919204711914062,1.9919204711914062
2025-06-05,16.0,14.994366,1.0056343078613281,6.285214424133301
2025-06-05,10.0,10.78242,0.7824201583862305,7.824201583862305
2025-06-05,3.0,2.9035325,0.09646749496459961,3.215583165486654
2025-06-06,8.0,7.795954,0.20404577255249023,2.550572156906128
2025-06-06,25.0,26.080944,1.0809440612792969,4.3237762451171875
2025-06-06,4.0,4.7745266,0.7745265960693359,19.3631649017334
2025-06-06,19.0,18.253,0.7469997406005859,3.931577582108347
2025-06-06,4.0,3.798889,0.2011110782623291,5.0277769565582275
2025-06-06,7.0,6.9771433,0.022856712341308594,0.3265244620186942
2025-06-06,10.0,9.856683,0.14331722259521484,1.4331722259521484
2025-06-06,21.0,21.289272,0.2892723083496094,1.3774871826171875
2025-06-06,17.0,18.650375,1.6503753662109375,9.708090389476103
2025-06-06,11.0,8.973225,2.026775360107422,18.42523054643111
2025-06-06,6.0,6.9771433,0.9771432876586914,16.28572146097819
2025-06-06,1.0,1.5895337,0.5895336866378784,58.95336866378784
2025-06-07,28.0,28.41733,0.4173297882080078,1.4904635293143136
2025-06-07,16.0,14.93603,1.063969612121582,6.649810075759888
2025-06-07,5.0,4.9974823,0.0025177001953125,0.05035400390625
2025-06-07,6.0,6.999446,0.999445915222168,16.657431920369465
2025-06-07,5.0,5.326574,0.32657384872436523,6.531476974487305
2025-06-07,37.0,36.14213,0.8578681945800781,2.318562688054265
2025-06-07,8.0,6.1777534,1.8222465515136719,22.7780818939209
2025-06-07,18.0,16.662733,1.3372669219970703,7.429260677761501
2025-06-07,40.0,37.73118,2.2688217163085938,5.672054290771484
2025-06-07,15.0,12.691077,2.30892276763916,15.392818450927734
2025-06-07,6.0,6.7139306,0.713930606842041,11.89884344736735
2025-06-07,31.0,27.203018,3.7969818115234375,12.248328424269154
2025-06-08,2.0,2.3334167,0.3334167003631592,16.67083501815796
2025-06-08,5.0,5.7627087,0.7627086639404297,15.254173278808594
2025-06-08,12.0,10.804719,1.1952810287475586,9.960675239562988
2025-06-08,8.0,7.1002436,0.8997564315795898,11.246955394744873
2025-06-08,7.0,7.818257,0.8182568550109863,11.689383643014091
2025-06-08,36.0,34.86953,1.1304702758789062,3.1401952107747397
2025-06-08,21.0,19.359268,1.6407318115234375,7.813008626302083
2025-06-08,6.0,5.0093307,0.9906692504882812,16.511154174804688
2025-06-08,28.0,28.491802,0.4918022155761719,1.756436484200614
2025-06-08,33.0,27.999435,5.0005645751953125,15.153225985440342
2025-06-08,20.0,18.114561,1.8854389190673828,9.427194595336914
2025-06-08,19.0,20.689842,1.6898422241210938,8.8939064427426
2025-06-09,8.0,7.795954,0.20404577255249023,2.550572156906128
2025-06-09,17.0,18.704199,1.7041988372802734,10.024699042825137
2025-06-09,10.0,9.006882,0.9931182861328125,9.931182861328125
2025-06-09,18.0,16.626127,1.3738727569580078,7.632626427544488
2025-06-09,3.0,3.863627,0.8636269569396973,28.787565231323242
2025-06-09,26.0,22.761248,3.2387523651123047,12.456739865816557
2025-06-09,31.0,30.904749,0.09525108337402344,0.30726155927104337
2025-06-09,24.0,25.933422,1.9334220886230469,8.055925369262695
2025-06-09,6.0,5.3290153,0.6709847450256348,11.18307908376058
2025-06-09,9.0,7.063678,1.9363222122192383,21.514691246880425
2025-06-09,3.0,3.703805,0.7038049697875977,23.46016565958659
2025-06-09,2.0,2.0991414,0.09914135932922363,4.957067966461182
2025-06-10,14.0,13.702252,0.2977476119995117,2.1267686571393694
2025-06-10,9.0,8.883385,0.11661529541015625,1.2957255045572917
2025-06-10,20.0,22.472597,2.472597122192383,12.362985610961914
2025-06-10,4.0,4.017939,0.017939090728759766,0.44847726821899414
2025-06-10,3.0,2.6609256,0.33907437324523926,11.302479108174643
2025-06-10,3.0,3.703805,0.7038049697875977,23.46016565958659
2025-06-10,2.0,2.3139675,0.3139674663543701,15.698373317718506
2025-06-10,28.0,23.10642,4.893579483032227,17.47706958225795
2025-06-10,34.0,38.305645,4.305644989013672,12.663661732393152
2025-06-10,26.0,25.840374,0.15962600708007812,0.6139461810772235
2025-06-10,3.0,3.863627,0.8636269569396973,28.787565231323242
2025-06-10,15.0,14.077231,0.9227685928344727,6.151790618896484
2025-06-11,20.0,19.811289,0.18871116638183594,0.9435558319091797
2025-06-11,4.0,5.0602617,1.0602617263793945,26.506543159484863
2025-06-11,5.0,4.9785385,0.02146148681640625,0.429229736328125
2025-06-11,8.0,8.831167,0.8311672210693359,10.3895902633667
2025-06-11,4.0,4.0653863,0.06538629531860352,1.634657382965088
2025-06-11,2.0,2.6378334,0.6378333568572998,31.89166784286499
2025-06-11,10.0,11.948224,1.9482240676879883,19.482240676879883
2025-06-11,9.0,8.692674,0.3073263168334961,3.414736853705512
2025-06-11,17.0,19.743925,2.743925094604492,16.14073585061466
2025-06-11,2.0,2.3139675,0.3139674663543701,15.698373317718506
2025-06-11,4.0,4.0081754,0.008175373077392578,0.20438432693481445
2025-06-11,10.0,9.800808,0.19919204711914062,1.9919204711914062
2025-06-12,5.0,6.0154266,1.0154266357421875,20.30853271484375
2025-06-12,19.0,21.29667,2.296670913696289,12.0877416510331
2025-06-12,28.0,26.96653,1.0334701538085938,3.690964835030692
2025-06-12,4.0,4.017939,0.017939090728759766,0.44847726821899414
2025-06-12,2.0,2.6378334,0.6378333568572998,31.89166784286499
2025-06-12,10.0,9.006882,0.9931182861328125,9.931182861328125
2025-06-12,16.0,14.899431,1.1005687713623047,6.878554821014404
2025-06-12,13.0,14.987826,1.9878263473510742,15.290971902700571
2025-06-12,20.0,18.069073,1.9309272766113281,9.65463638305664
2025-06-12,3.0,2.9072974,0.09270262718200684,3.090087572733561
2025-06-12,13.0,12.580136,0.4198637008666992,3.2297207758976865
2025-06-12,4.0,3.798889,0.2011110782623291,5.0277769565582275
2025-06-13,14.0,13.723976,0.27602386474609375,1.9715990339006697
2025-06-13,7.0,7.795954,0.7959542274475098,11.370774677821569
2025-06-13,5.0,5.304271,0.30427122116088867,6.085424423217773
2025-06-13,28.0,26.96653,1.0334701538085938,3.690964835030692
2025-06-13,1.0,1.3308711,0.3308711051940918,33.08711051940918
2025-06-13,3.0,2.6609256,0.33907437324523926,11.302479108174643
2025-06-13,9.0,8.883385,0.11661529541015625,1.2957255045572917
2025-06-13,18.0,21.172777,3.1727771759033203,17.62653986612956
2025-06-13,9.0,9.030189,0.030188560485839844,0.33542844984266496
2025-06-13,19.0,17.89659,1.1034107208251953,5.807424846448396
2025-06-13,7.0,5.3408637,1.6591362953186035,23.70194707598005
2025-06-13,12.0,14.192519,2.192519187927246,18.27099323272705
2025-06-14,12.0,13.746275,1.7462749481201172,14.55229123433431
2025-06-14,12.0,7.9118614,4.088138580322266,34.06782150268555
2025-06-14,30.0,34.40136,4.401359558105469,14.671198527018229
2025-06-14,38.0,36.305004,1.6949958801269531,4.4605154740182975
2025-06-14,24.0,20.747654,3.2523460388183594,13.55144182840983
2025-06-14,3.0,3.7227473,0.7227473258972168,24.091577529907227
2025-06-14,11.0,9.946789,1.0532112121582031,9.574647383256393
2025-06-14,6.0,5.3555975,0.6444025039672852,10.740041732788086
2025-06-14,22.0,24.671087,2.6710872650146484,12.141305750066584
2025-06-14,16.0,14.93603,1.063969612121582,6.649810075759888
2025-06-14,5.0,4.9974823,0.0025177001953125,0.05035400390625
2025-06-14,25.0,22.594936,2.4050636291503906,9.620254516601562
2025-06-15,5.0,6.0377293,1.037729263305664,20.75458526611328
2025-06-15,27.0,28.756218,1.7562179565429688,6.504510950159143
2025-06-15,15.0,13.377764,1.6222362518310547,10.814908345540365
2025-06-15,25.0,29.218199,4.218198776245117,16.87279510498047
2025-06-15,8.0,8.799532,0.7995319366455078,9.994149208068848
2025-06-15,6.0,5.359401,0.6405987739562988,10.67664623260498
2025-06-15,9.0,6.1777534,2.822246551513672,31.358295016818577
2025-06-15,2.0,2.1185906,0.1185905933380127,5.929529666900635
2025-06-15,17.0,15.932139,1.0678606033325195,6.2815329607795265
2025-06-15,38.0,36.305004,1.6949958801269531,4.4605154740182975
2025-06-15,18.0,16.662733,1.3372669219970703,7.429260677761501
2025-06-15,11.0,9.946789,1.0532112121582031,9.574647383256393
2025-06-16,28.0,26.96653,1.0334701538085938,3.690964835030692
2025-06-16,20.0,18.69594,1.3040599822998047,6.520299911499023
2025-06-16,14.0,14.830584,0.8305835723876953,5.932739802769253
2025-06-16,9.0,8.883385,0.11661529541015625,1.2957255045572917
2025-06-16,25.0,27.20495,2.2049503326416016,8.819801330566406
2025-06-16,13.0,14.346671,1.3466711044311523,10.359008495624249
2025-06-16,13.0,12.668778,0.3312215805053711,2.5478583115797777
2025-06-16,3.0,3.703805,0.7038049697875977,23.46016565958659
2025-06-16,2.0,2.0991414,0.09914135932922363,4.957067966461182
2025-06-16,12.0,9.089723,2.9102773666381836,24.25231138865153
2025-06-16,8.0,6.155451,1.8445491790771484,23.056864738464355
2025-06-16,25.0,21.093128,3.906871795654297,15.627487182617188
2025-06-17,18.0,18.253489,0.25348854064941406,1.4082696702745225
2025-06-17,3.0,2.8607116,0.13928842544555664,4.642947514851888
2025-06-17,13.0,11.937803,1.0621967315673828,8.170744088979868
2025-06-17,3.0,3.863627,0.8636269569396973,28.787565231323242
2025-06-17,12.0,13.507847,1.5078468322753906,12.565390268961588
2025-06-17,4.0,3.9682593,0.031740665435791016,0.7935166358947754
2025-06-17,5.0,6.023812,1.0238118171691895,20.47623634338379
2025-06-17,21.0,23.522306,2.522306442260742,12.010983058384486
2025-06-17,6.0,6.023812,0.023811817169189453,0.3968636194864909
2025-06-17,2.0,2.0991414,0.09914135932922363,4.957067966461182
2025-06-17,10.0,9.856683,0.14331722259521484,1.4331722259521484
2025-06-18,5.0,4.0631614,0.9368386268615723,18.736772537231445
2025-06-18,4.0,4.0081754,0.008175373077392578,0.20438432693481445
2025-06-18,12.0,11.730755,0.2692451477050781,2.2437095642089844
2025-06-18,5.0,5.213567,0.21356678009033203,4.271335601806641
2025-06-18,16.0,17.476717,1.4767169952392578,9.229481220245361
2025-06-18,24.0,26.05215,2.0521507263183594,8.550628026326498
2025-06-18,2.0,2.6378334,0.6378333568572998,31.89166784286499
2025-06-18,10.0,9.800808,0.19919204711914062,1.9919204711914062
2025-06-18,9.0,9.92449,0.9244899749755859,10.272110833062065
2025-06-18,18.0,18.253489,0.25348854064941406,1.4082696702745225
2025-06-18,12.0,11.459549,0.5404510498046875,4.5037587483723955
2025-06-18,3.0,2.6609256,0.33907437324523926,11.302479108174643
2025-06-19,8.0,6.155451,1.8445491790771484,23.056864738464355
2025-06-19,7.0,7.0170484,0.017048358917236328,0.24354798453194754
2025-06-19,13.0,13.456778,0.45677757263183594,3.513673635629507
2025-06-19,6.0,6.9704275,0.9704275131225586,16.173791885375977
2025-06-19,2.0,2.3160858,0.3160858154296875,15.804290771484375
2025-06-19,2.0,2.0991414,0.09914135932922363,4.957067966461182
2025-06-19,13.0,14.287952,1.2879524230957031,9.90732633150541
2025-06-19,1.0,1.3308711,0.3308711051940918,33.08711051940918
2025-06-19,9.0,9.92449,0.9244899749755859,10.272110833062065
2025-06-19,14.0,16.610176,2.6101760864257812,18.644114903041295
2025-06-19,4.0,4.0653863,0.06538629531860352,1.634657382965088
2025-06-19,13.0,12.28161,0.7183904647827148,5.526080498328576
2025-06-20,9.0,9.006882,0.0068817138671875,0.07646348741319445
2025-06-20,6.0,6.9771433,0.9771432876586914,16.28572146097819
2025-06-20,2.0,2.3139675,0.3139674663543701,15.698373317718506
2025-06-20,18.0,20.381327,2.381326675415039,13.229592641194662
2025-06-20,11.0,11.679991,0.6799907684326172,6.181734258478338
2025-06-20,12.0,11.730755,0.2692451477050781,2.2437095642089844
2025-06-20,3.0,2.899729,0.10027098655700684,3.3423662185668945
2025-06-20,1.0,1.3308711,0.3308711051940918,33.08711051940918
2025-06-20,13.0,14.287952,1.2879524230957031,9.90732633150541
2025-06-20,12.0,11.948224,0.05177593231201172,0.43146610260009766
2025-06-20,8.0,7.795954,0.20404577255249023,2.550572156906128
2025-06-20,2.0,2.6378334,0.6378333568572998,31.89166784286499
2025-06-21,7.0,6.999446,0.0005540847778320312,0.007915496826171875
2025-06-21,8.0,9.029181,1.0291805267333984,12.86475658416748
2025-06-21,19.0,18.307611,0.6923885345458984,3.644150181820518
2025-06-21,21.0,23.139523,2.1395225524902344,10.188202630905877
2025-06-21,6.0,5.351318,0.6486821174621582,10.811368624369303
2025-06-21,17.0,16.662733,0.3372669219970703,1.9839230705710018
2025-06-21,2.0,2.6539235,0.653923511505127,32.69617557525635
2025-06-21,2.0,2.3611975,0.36119747161865234,18.059873580932617
2025-06-21,1.0,1.3469616,0.3469616174697876,34.69616174697876
2025-06-21,29.0,28.78201,0.21799087524414062,0.7516926732556574
2025-06-21,12.0,11.845447,0.15455341339111328,1.2879451115926106
2025-06-21,9.0,10.288216,1.2882156372070312,14.313507080078125
2025-06-22,2.0,2.1152318,0.11523175239562988,5.761587619781494
2025-06-22,16.0,14.93603,1.063969612121582,6.649810075759888
2025-06-22,12.0,13.746275,1.7462749481201172,14.55229123433431
2025-06-22,14.0,12.212098,1.7879018783569336,12.770727702549525
2025-06-22,23.0,21.873856,1.1261444091796875,4.896280039911685
2025-06-22,32.0,33.075718,1.0757179260253906,3.3616185188293457
2025-06-22,4.0,3.9877088,0.012291193008422852,0.3072798252105713
2025-06-22,22.0,20.956501,1.0434989929199219,4.7431772405451
2025-06-22,2.0,2.3611975,0.36119747161865234,18.059873580932617
2025-06-22,35.0,34.47553,0.5244712829589844,1.4984893798828125
2025-06-22,18.0,18.60969,0.6096897125244141,3.387165069580078
2025-06-23,2.0,2.3139675,0.3139674663543701,15.698373317718506
2025-06-23,1.0,1.3308711,0.3308711051940918,33.08711051940918
2025-06-23,19.0,19.101206,0.10120582580566406,0.5326622410824424
2025-06-23,9.0,7.0846567,1.9153432846069336,21.281592051188152
2025-06-23,6.0,4.990387,1.009613037109375,16.826883951822918
2025-06-23,7.0,6.9771433,0.022856712341308594,0.3265244620186942
2025-06-23,16.0,14.994366,1.0056343078613281,6.285214424133301
2025-06-23,17.0,16.626127,0.3738727569580078,2.199251511517693
2025-06-23,13.0,12.668778,0.3312215805053711,2.5478583115797777
2025-06-23,21.0,22.999655,1.999654769897461,9.52216557094029
2025-06-23,8.0,9.006882,1.0068817138671875,12.586021423339844
2025-06-23,12.0,13.301997,1.301997184753418,10.849976539611816
2025-06-24,23.0,22.293236,0.7067642211914062,3.0728879182235054
2025-06-24,26.0,23.637592,2.362407684326172,9.086183401254507
2025-06-24,2.0,2.3139675,0.3139674663543701,15.698373317718506
2025-06-24,4.0,4.054063,0.054062843322753906,1.3515710830688477
2025-06-24,2.0,2.6378334,0.6378333568572998,31.89166784286499
2025-06-24,9.0,9.92449,0.9244899749755859,10.272110833062065
2025-06-24,14.0,12.189799,1.8102006912231445,12.930004937308174
2025-06-24,31.0,32.173317,1.1733169555664062,3.7848934050529235
2025-06-24,24.0,24.704222,0.7042217254638672,2.93425718943278
2025-06-24,6.0,6.9704275,0.9704275131225586,16.173791885375977
2025-06-24,26.0,23.486343,2.5136566162109375,9.66791006234976
2025-06-25,11.0,10.78242,0.21757984161376953,1.9779985601251775
2025-06-25,17.0,18.571007,1.5710067749023438,9.241216322954964
2025-06-25,4.0,3.9682593,0.031740665435791016,0.7935166358947754
2025-06-25,21.0,21.289272,0.2892723083496094,1.3774871826171875
2025-06-25,10.0,11.147463,1.1474628448486328,11.474628448486328
2025-06-25,6.0,6.96099,0.9609899520874023,16.016499201456707
2025-06-25,7.0,6.9771433,0.022856712341308594,0.3265244620186942
2025-06-25,2.0,2.6378334,0.6378333568572998,31.89166784286499
2025-06-25,16.0,14.994366,1.0056343078613281,6.285214424133301
2025-06-25,6.0,5.3370986,0.6629014015197754,11.048356691996256
2025-06-25,7.0,7.795954,0.7959542274475098,11.370774677821569
2025-06-26,8.0,7.795954,0.20404577255249023,2.550572156906128
2025-06-26,2.0,2.0991414,0.09914135932922363,4.957067966461182
2025-06-26,2.0,2.6378334,0.6378333568572998,31.89166784286499
2025-06-26,2.0,2.3139675,0.3139674663543701,15.698373317718506
2025-06-26,18.0,18.566483,0.5664825439453125,3.147125244140625
2025-06-26,10.0,10.78242,0.7824201583862305,7.824201583862305
2025-06-26,21.0,22.90792,1.9079208374023438,9.085337320963541
2025-06-26,20.0,18.663727,1.336273193359375,6.681365966796875
2025-06-26,22.0,21.633636,0.366363525390625,1.6652887517755681
2025-06-26,11.0,10.690027,0.30997276306152344,2.817934209650213
2025-06-26,5.0,5.32525,0.32525014877319336,6.505002975463867
2025-06-26,9.0,9.006882,0.0068817138671875,0.07646348741319445
2025-06-27,2.0,2.7828245,0.7828245162963867,39.141225814819336
2025-06-27,2.0,2.6378334,0.6378333568572998,31.89166784286499
2025-06-27,19.0,18.253,0.7469997406005859,3.931577582108347
2025-06-27,8.0,9.327071,1.327071189880371,16.58838987350464
2025-06-27,6.0,4.990387,1.009613037109375,16.826883951822918
2025-06-27,23.0,24.433855,1.4338550567626953,6.234152420707371
2025-06-27,12.0,11.730755,0.2692451477050781,2.2437095642089844
2025-06-27,22.0,21.633636,0.366363525390625,1.6652887517755681
2025-06-27,5.0,4.0631614,0.9368386268615723,18.736772537231445
2025-06-27,6.0,6.9704275,0.9704275131225586,16.173791885375977
2025-06-27,5.0,5.213567,0.21356678009033203,4.271335601806641
2025-06-27,2.0,2.3417482,0.3417482376098633,17.087411880493164
2025-06-28,11.0,7.1107244,3.889275550842285,35.357050462202594
2025-06-28,31.0,27.203018,3.7969818115234375,12.248328424269154
2025-06-28,3.0,3.7227473,0.7227473258972168,24.091577529907227
2025-06-28,17.0,14.93603,2.063969612121582,12.140997718362247
2025-06-28,4.0,3.8178313,0.18216872215270996,4.554218053817749
2025-06-28,20.0,18.739147,1.2608528137207031,6.304264068603516
2025-06-28,6.0,5.359401,0.6405987739562988,10.67664623260498
2025-06-28,41.0,39.38546,1.6145401000976562,3.9379026831650155
2025-06-28,17.0,18.053192,1.053192138671875,6.195247874540441
2025-06-28,15.0,16.333632,1.3336315155029297,8.890876770019531
2025-06-28,22.0,23.905499,1.9054985046386719,8.66135683926669
2025-06-28,17.0,15.932139,1.0678606033325195,6.2815329607795265
2025-06-29,12.0,10.804719,1.1952810287475586,9.960675239562988
2025-06-29,27.0,28.091238,1.091238021850586,4.0416223031503185
2025-06-29,5.0,4.9974823,0.0025177001953125,0.05035400390625
2025-06-29,15.0,10.88756,4.11244010925293,27.41626739501953
2025-06-29,46.0,42.398476,3.6015243530273438,7.829400767450747
2025-06-29,2.0,2.6539235,0.653923511505127,32.69617557525635
2025-06-29,23.0,21.873856,1.1261444091796875,4.896280039911685
2025-06-29,25.0,26.025114,1.0251140594482422,4.100456237792969
2025-06-29,11.0,10.804719,0.1952810287475586,1.77528207952326
2025-06-29,7.0,5.3631663,1.636833667755127,23.383338110787527
2025-06-29,5.0,6.0377293,1.037729263305664,20.75458526611328
2025-06-29,22.0,20.956501,1.0434989929199219,4.7431772405451
2025-06-30,13.0,12.668778,0.3312215805053711,2.5478583115797777
2025-06-30,23.0,24.760014,1.7600135803222656,7.652232957922894
2025-06-30,3.0,2.9035325,0.09646749496459961,3.215583165486654
2025-06-30,2.0,2.0991414,0.09914135932922363,4.957067966461182
2025-06-30,15.0,16.297026,1.2970256805419922,8.646837870279947
2025-06-30,4.0,4.0653863,0.06538629531860352,1.634657382965088
2025-06-30,3.0,2.9072974,0.09270262718200684,3.090087572733561
2025-06-30,1.0,1.3308711,0.3308711051940918,33.08711051940918
2025-06-30,30.0,26.16399,3.836009979248047,12.786699930826822
2025-06-30,24.0,23.483757,0.5162429809570312,2.151012420654297
2025-06-30,7.0,7.795954,0.7959542274475098,11.370774677821569
2025-06-30,17.0,16.626127,0.3738727569580078,2.199251511517693
2025-07-01,15.0,14.192519,0.8074808120727539,5.383205413818359
2025-07-01,22.0,23.76563,1.7656307220458984,8.02559419111772
2025-07-01,15.0,14.077231,0.9227685928344727,6.151790618896484
2025-07-01,5.0,4.0631614,0.9368386268615723,18.736772537231445
2025-07-01,10.0,10.78242,0.7824201583862305,7.824201583862305
2025-07-01,5.0,5.213567,0.21356678009033203,4.271335601806641
2025-07-01,16.0,15.727396,0.27260398864746094,1.7037749290466309
2025-07-01,8.0,7.077941,0.9220590591430664,11.52573823928833
2025-07-01,28.0,26.950317,1.0496826171875,3.748866489955357
2025-07-01,5.0,4.9785385,0.02146148681640625,0.429229736328125
2025-07-01,23.0,23.973948,0.9739475250244141,4.234554456627888
2025-07-02,20.0,16.789936,3.210063934326172,16.05031967163086
2025-07-02,3.0,2.9072974,0.09270262718200684,3.090087572733561
2025-07-02,11.0,10.78242,0.21757984161376953,1.9779985601251775
2025-07-02,18.0,16.892038,1.107961654663086,6.155342525906033
2025-07-02,29.0,28.709377,0.2906227111816406,1.0021472799366917
2025-07-02,3.0,2.6609256,0.33907437324523926,11.302479108174643
2025-07-02,2.0,2.6378334,0.6378333568572998,31.89166784286499
2025-07-02,8.0,9.006882,1.0068817138671875,12.586021423339844
2025-07-02,22.0,23.575813,1.5758132934570312,7.16278769753196
2025-07-02,20.0,18.69594,1.3040599822998047,6.520299911499023
2025-07-02,4.0,4.054063,0.054062843322753906,1.3515710830688477
2025-07-02,22.0,22.864063,0.8640632629394531,3.9275602860884233
2025-07-03,15.0,15.9620075,0.9620075225830078,6.413383483886719
2025-07-03,3.0,3.703805,0.7038049697875977,23.46016565958659
2025-07-03,30.0,30.143566,0.14356613159179688,0.47855377197265625
2025-07-03,18.0,16.789936,1.2100639343261719,6.722577412923177
2025-07-03,27.0,26.197098,0.8029022216796875,2.973711932146991
2025-07-03,11.0,9.92449,1.075510025024414,9.77736386385831
2025-07-03,6.0,5.3370986,0.6629014015197754,11.048356691996256
2025-07-03,24.0,21.957006,2.0429935455322266,8.512473106384277
2025-07-03,9.0,9.030189,0.030188560485839844,0.33542844984266496
2025-07-03,3.0,2.9072974,0.09270262718200684,3.090087572733561
2025-07-03,4.0,5.0602617,1.0602617263793945,26.506543159484863
2025-07-04,20.0,21.868752,1.8687515258789062,9.343757629394531
2025-07-04,12.0,13.723976,1.7239761352539062,14.366467793782553
2025-07-04,23.0,22.300272,0.6997280120849609,3.0422957047172217
2025-07-04,7.0,6.1516857,0.8483142852783203,12.118775503976005
2025-07-04,7.0,7.0170484,0.017048358917236328,0.24354798453194754
2025-07-04,9.0,8.883385,0.11661529541015625,1.2957255045572917
2025-07-04,2.0,2.0991414,0.09914135932922363,4.957067966461182
2025-07-04,3.0,3.703805,0.7038049697875977,23.46016565958659
2025-07-04,10.0,9.800808,0.19919204711914062,1.9919204711914062
2025-07-04,1.0,1.5895337,0.5895336866378784,58.95336866378784
2025-07-04,18.0,18.566483,0.5664825439453125,3.147125244140625
2025-07-04,17.0,15.9841,1.015899658203125,5.975880342371323
2025-07-05,6.0,6.0461144,0.046114444732666016,0.768574078877767
2025-07-05,17.0,16.836773,0.16322708129882812,0.9601593017578125
2025-07-05,24.0,22.018219,1.981781005859375,8.257420857747396
2025-07-05,3.0,2.9229817,0.07701826095581055,2.567275365193685
2025-07-05,17.0,16.662733,0.3372669219970703,1.9839230705710018
2025-07-05,1.0,1.3469616,0.3469616174697876,34.69616174697876
2025-07-05,19.0,20.297924,1.2979240417480469,6.831179167094984
2025-07-05,29.0,30.339737,1.3397369384765625,4.619782546470905
2025-07-05,8.0,9.029181,1.0291805267333984,12.86475658416748
2025-07-05,4.0,3.9877088,0.012291193008422852,0.3072798252105713
2025-07-05,19.0,18.040642,0.9593582153320312,5.049253764905427
2025-07-05,5.0,5.7627087,0.7627086639404297,15.254173278808594
2025-07-06,1.0,1.6089832,0.6089831590652466,60.89831590652466
2025-07-06,20.0,20.80282,0.8028202056884766,4.014101028442383
2025-07-06,10.0,9.878982,0.1210184097290039,1.210184097290039
2025-07-06,2.0,2.3611975,0.36119747161865234,18.059873580932617
2025-07-06,7.0,6.999446,0.0005540847778320312,0.007915496826171875
2025-07-06,4.0,5.0825644,1.082564353942871,27.064108848571777
2025-07-06,15.0,14.232823,0.767176628112793,5.114510854085286
2025-07-06,4.0,4.7934704,0.7934703826904297,19.836759567260742
2025-07-06,33.0,32.247154,0.7528457641601562,2.281350800485322
2025-07-06,18.0,20.158455,2.1584548950195312,11.991416083441841
2025-07-06,5.0,4.9974823,0.0025177001953125,0.05035400390625
2025-07-06,7.0,6.999446,0.0005540847778320312,0.007915496826171875
2025-07-07,7.0,6.9771433,0.022856712341308594,0.3265244620186942
2025-07-07,2.0,2.0991414,0.09914135932922363,4.957067966461182
2025-07-07,15.0,15.972685,0.9726848602294922,6.484565734863281
2025-07-07,17.0,16.626127,0.3738727569580078,2.199251511517693
2025-07-07,11.0,8.973225,2.026775360107422,18.42523054643111
2025-07-07,8.0,9.006882,1.0068817138671875,12.586021423339844
2025-07-07,33.0,32.189434,0.8105659484863281,2.4562604499585703
2025-07-07,3.0,2.9072974,0.09270262718200684,3.090087572733561
2025-07-07,14.0,13.723976,0.27602386474609375,1.9715990339006697
2025-07-07,28.0,28.332811,0.3328113555908203,1.1886119842529297
2025-07-07,1.0,1.3308711,0.3308711051940918,33.08711051940918
2025-07-07,12.0,11.948224,0.05177593231201172,0.43146610260009766
2025-07-08,8.0,7.077941,0.9220590591430664,11.52573823928833
2025-07-08,3.0,3.863627,0.8636269569396973,28.787565231323242
2025-07-08,18.0,16.789936,1.2100639343261719,6.722577412923177
2025-07-08,11.0,9.92449,1.075510025024414,9.77736386385831
2025-07-08,32.0,30.920355,1.0796451568603516,3.3738911151885986
2025-07-08,16.0,17.304209,1.304208755493164,8.151304721832275
2025-07-08,17.0,16.626127,0.3738727569580078,2.199251511517693
2025-07-08,34.0,34.35352,0.3535194396972656,1.0397630579331343
2025-07-08,3.0,2.6609256,0.33907437324523926,11.302479108174643
2025-07-08,21.0,19.501406,1.4985942840576172,7.136163257417225
2025-07-08,3.0,3.703805,0.7038049697875977,23.46016565958659
2025-07-08,5.0,4.0631614,0.9368386268615723,18.736772537231445
2025-07-09,11.0,11.051111,0.05111122131347656,0.4646474664861506
2025-07-09,4.0,4.054063,0.054062843322753906,1.3515710830688477
2025-07-09,4.0,4.0653863,0.06538629531860352,1.634657382965088
2025-07-09,1.0,1.3308711,0.3308711051940918,33.08711051940918
2025-07-09,6.0,5.3290153,0.6709847450256348,11.18307908376058
2025-07-09,7.0,6.9771433,0.022856712341308594,0.3265244620186942
2025-07-09,15.0,14.740364,0.25963592529296875,1.7309061686197917
2025-07-09,19.0,19.101206,0.10120582580566406,0.5326622410824424
2025-07-09,13.0,14.822286,1.8222856521606445,14.017581939697266
2025-07-09,10.0,11.385777,1.385777473449707,13.85777473449707
2025-07-10,1.0,1.3308711,0.3308711051940918,33.08711051940918
2025-07-10,20.0,20.98765,0.9876499176025391,4.938249588012695
2025-07-10,7.0,6.9771433,0.022856712341308594,0.3265244620186942
2025-07-10,3.0,2.9035325,0.09646749496459961,3.215583165486654
2025-07-10,4.0,5.0602617,1.0602617263793945,26.506543159484863
2025-07-10,1.0,1.3308711,0.3308711051940918,33.08711051940918
2025-07-10,2.0,2.3139675,0.3139674663543701,15.698373317718506
2025-07-10,13.0,13.456778,0.45677757263183594,3.513673635629507
2025-07-10,26.0,23.637592,2.362407684326172,9.086183401254507
2025-07-10,14.0,13.702252,0.2977476119995117,2.1267686571393694
2025-07-10,18.0,20.072315,2.072315216064453,11.512862311469185
2025-07-10,5.0,5.213567,0.21356678009033203,4.271335601806641
2025-07-11,9.0,9.92449,0.9244899749755859,10.272110833062065
2025-07-11,12.0,10.78242,1.2175798416137695,10.146498680114746
2025-07-11,11.0,10.690027,0.30997276306152344,2.817934209650213
2025-07-11,3.0,3.703805,0.7038049697875977,23.46016565958659
2025-07-11,6.0,6.9704275,0.9704275131225586,16.173791885375977
2025-07-11,26.0,27.24209,1.2420902252197266,4.777270096998948
2025-07-11,15.0,15.972685,0.9726848602294922,6.484565734863281
2025-07-11,4.0,3.9682593,0.031740665435791016,0.7935166358947754
2025-07-11,7.0,6.1516857,0.8483142852783203,12.118775503976005
2025-07-11,19.0,18.253,0.7469997406005859,3.931577582108347
2025-07-11,19.0,19.101206,0.10120582580566406,0.5326622410824424
2025-07-11,4.0,3.798889,0.2011110782623291,5.0277769565582275
2025-07-12,9.0,9.946789,0.9467887878417969,10.519875420464409
2025-07-12,13.0,14.124502,1.124502182006836,8.650016784667969
2025-07-12,7.0,5.3631663,1.636833667755127,23.383338110787527
2025-07-12,15.0,14.232823,0.767176628112793,5.114510854085286
2025-07-12,26.0,25.905394,0.09460639953613281,0.3638707674466647
2025-07-12,29.0,29.93712,0.9371204376220703,3.231449784903691
2025-07-12,13.0,12.691077,0.30892276763916016,2.3763289818396935
2025-07-12,8.0,6.707215,1.2927851676940918,16.159814596176147
2025-07-12,6.0,6.7139306,0.713930606842041,11.89884344736735
2025-07-12,4.0,4.0763655,0.07636547088623047,1.9091367721557617
2025-07-12,9.0,8.9056835,0.09431648254394531,1.047960917154948
2025-07-12,7.0,7.039351,0.03935098648071289,0.5621569497244698
2025-07-13,30.0,26.241446,3.758554458618164,12.528514862060547
2025-07-13,16.0,16.813099,0.8130989074707031,5.0818681716918945
2025-07-13,3.0,2.677016,0.322983980178833,10.766132672627768
2025-07-13,28.0,28.311024,0.3110237121582031,1.1107989719935827
2025-07-13,5.0,5.347553,0.3475527763366699,6.951055526733398
2025-07-13,9.0,8.9056835,0.09431648254394531,1.047960917154948
2025-07-13,4.0,3.9877088,0.012291193008422852,0.3072798252105713
2025-07-13,29.0,28.78201,0.21799087524414062,0.7516926732556574
2025-07-13,14.0,13.746275,0.2537250518798828,1.8123217991420202
2025-07-13,4.0,4.7934704,0.7934703826904297,19.836759567260742
2025-07-13,25.0,26.237574,1.2375736236572266,4.950294494628906
2025-07-13,16.0,15.763995,0.23600482940673828,1.4750301837921143
2025-07-14,4.0,5.0602617,1.0602617263793945,26.506543159484863
2025-07-14,16.0,15.727396,0.27260398864746094,1.7037749290466309
2025-07-14,1.0,1.3308711,0.3308711051940918,33.08711051940918
2025-07-14,3.0,2.9035325,0.09646749496459961,3.215583165486654
2025-07-14,29.0,28.24977,0.7502307891845703,2.5870027213261046
2025-07-14,18.0,16.892038,1.107961654663086,6.155342525906033
2025-07-14,7.0,6.9771433,0.022856712341308594,0.3265244620186942
2025-07-14,3.0,3.703805,0.7038049697875977,23.46016565958659
2025-07-14,4.0,4.0653863,0.06538629531860352,1.634657382965088
2025-07-14,21.0,21.289272,0.2892723083496094,1.3774871826171875
2025-07-14,2.0,2.3139675,0.3139674663543701,15.698373317718506
2025-07-14,19.0,20.38414,1.3841400146484375,7.2849474455180925
2025-07-15,7.0,7.795954,0.7959542274475098,11.370774677821569
2025-07-15,29.0,28.66092,0.339080810546875,1.169244174299569
2025-07-15,13.0,12.580136,0.4198637008666992,3.2297207758976865
2025-07-15,14.0,13.851232,0.14876842498779297,1.062631607055664
2025-07-15,20.0,20.749334,0.7493343353271484,3.746671676635742
2025-07-15,4.0,3.9682593,0.031740665435791016,0.7935166358947754
2025-07-15,6.0,6.694987,0.6949868202209473,11.583113670349121
2025-07-15,27.0,27.930296,0.9302959442138672,3.445540534125434
2025-07-15,10.0,9.800808,0.19919204711914062,1.9919204711914062
2025-07-15,2.0,2.0991414,0.09914135932922363,4.957067966461182
2025-07-15,14.0,12.189799,1.8102006912231445,12.930004937308174
2025-07-15,3.0,2.9072974,0.09270262718200684,3.090087572733561
2025-07-16,6.0,6.023812,0.023811817169189453,0.3968636194864909
2025-07-16,4.0,5.2065883,1.2065882682800293,30.164706707000732
2025-07-16,8.0,8.831167,0.8311672210693359,10.3895902633667
2025-07-16,13.0,12.770285,0.22971534729003906,1.7670411330003004
2025-07-16,3.0,2.9072974,0.09270262718200684,3.090087572733561
2025-07-16,6.0,7.431496,1.4314961433410645,23.858269055684406
2025-07-16,4.0,3.9682593,0.031740665435791016,0.7935166358947754
2025-07-16,5.0,6.0154266,1.0154266357421875,20.30853271484375
2025-07-16,18.0,18.253489,0.25348854064941406,1.4082696702745225
2025-07-16,1.0,1.3308711,0.3308711051940918,33.08711051940918
2025-07-16,17.0,18.402813,1.4028129577636719,8.251840928021599
2025-07-16,1.0,1.3308711,0.3308711051940918,33.08711051940918
2025-07-17,2.0,2.6378334,0.6378333568572998,31.89166784286499
2025-07-17,1.0,1.3308711,0.3308711051940918,33.08711051940918
2025-07-17,10.0,9.800808,0.19919204711914062,1.9919204711914062
2025-07-17,8.0,8.831167,0.8311672210693359,10.3895902633667
2025-07-17,3.0,2.9072974,0.09270262718200684,3.090087572733561
2025-07-17,13.0,12.770285,0.22971534729003906,1.7670411330003004
2025-07-17,6.0,6.9771433,0.9771432876586914,16.28572146097819
2025-07-17,3.0,2.9072974,0.09270262718200684,3.090087572733561
2025-07-17,8.0,7.795954,0.20404577255249023,2.550572156906128
2025-07-17,15.0,17.051802,2.0518016815185547,13.678677876790365
2025-07-17,15.0,14.548774,0.45122623443603516,3.0081748962402344
2025-07-17,10.0,11.147463,1.1474628448486328,11.474628448486328
2025-07-18,1.0,1.3308711,0.3308711051940918,33.08711051940918
2025-07-18,2.0,2.7828245,0.7828245162963867,39.141225814819336
2025-07-18,11.0,10.78242,0.21757984161376953,1.9779985601251775
2025-07-18,8.0,9.327071,1.327071189880371,16.58838987350464
2025-07-18,4.0,4.057828,0.05782794952392578,1.4456987380981445
2025-07-18,10.0,9.856683,0.14331722259521484,1.4331722259521484
2025-07-18,5.0,5.213567,0.21356678009033203,4.271335601806641
2025-07-18,14.0,13.851232,0.14876842498779297,1.062631607055664
2025-07-18,4.0,3.9682593,0.031740665435791016,0.7935166358947754
2025-07-18,22.0,21.633636,0.366363525390625,1.6652887517755681
2025-07-18,23.0,24.31145,1.3114490509033203,5.701952395231827
2025-07-18,2.0,2.6378334,0.6378333568572998,31.89166784286499
2025-07-19,11.0,11.986476,0.986475944519043,8.967963131991299
2025-07-19,6.0,5.0093307,0.9906692504882812,16.511154174804688
2025-07-19,31.0,31.613695,0.6136951446533203,1.9796617569461945
2025-07-19,21.0,21.331482,0.33148193359375,1.5784853980654763
2025-07-19,2.0,2.802274,0.8022739887237549,40.113699436187744
2025-07-19,10.0,9.823107,0.1768932342529297,1.7689323425292969
2025-07-19,16.0,15.763995,0.23600482940673828,1.4750301837921143
2025-07-19,2.0,2.3649623,0.3649623394012451,18.248116970062256
2025-07-19,28.0,24.701437,3.298563003540039,11.78058215550014
2025-07-19,8.0,7.818257,0.18174314498901367,2.271789312362671
2025-07-19,3.0,2.9267466,0.07325339317321777,2.4417797724405923
2025-07-19,2.0,2.6539235,0.653923511505127,32.69617557525635
2025-07-20,6.0,6.999446,0.999445915222168,16.657431920369465
2025-07-20,2.0,2.6539235,0.653923511505127,32.69617557525635
2025-07-20,7.0,6.1777534,0.8222465515136719,11.74637930733817
2025-07-20,8.0,6.1777534,1.8222465515136719,22.7780818939209
2025-07-20,8.0,7.818257,0.18174314498901367,2.271789312362671
2025-07-20,2.0,2.1152318,0.11523175239562988,5.761587619781494
2025-07-20,6.0,6.0461144,0.046114444732666016,0.768574078877767
2025-07-20,20.0,18.718338,1.2816619873046875,6.4083099365234375
2025-07-20,22.0,23.715681,1.7156810760498047,7.798550345680931
2025-07-20,15.0,16.009287,1.009286880493164,6.728579203287761
2025-07-20,26.0,25.898357,0.10164260864257812,0.39093311016376203
2025-07-20,21.0,19.359268,1.6407318115234375,7.813008626302083
2025-07-21,23.0,22.293236,0.7067642211914062,3.0728879182235054
2025-07-21,6.0,6.023812,0.023811817169189453,0.3968636194864909
2025-07-21,2.0,2.0991414,0.09914135932922363,4.957067966461182
2025-07-21,11.0,12.838138,1.8381376266479492,16.710342060435902
2025-07-21,12.0,11.823148,0.17685222625732422,1.4737685521443684
2025-07-21,15.0,15.972685,0.9726848602294922,6.484565734863281
2025-07-21,4.0,5.0602617,1.0602617263793945,26.506543159484863
2025-07-21,13.0,12.580136,0.4198637008666992,3.2297207758976865
2025-07-21,4.0,3.9682593,0.031740665435791016,0.7935166358947754
2025-07-21,1.0,1.3308711,0.3308711051940918,33.08711051940918
2025-07-21,14.0,13.851232,0.14876842498779297,1.062631607055664
2025-07-21,2.0,2.3417482,0.3417482376098633,17.087411880493164
2025-07-22,8.0,8.831167,0.8311672210693359,10.3895902633667
2025-07-22,14.0,13.723976,0.27602386474609375,1.9715990339006697
2025-07-22,4.0,4.0653863,0.06538629531860352,1.634657382965088
2025-07-22,4.0,4.057828,0.05782794952392578,1.4456987380981445
2025-07-22,27.0,26.190062,0.8099384307861328,2.999771965874566
2025-07-22,3.0,3.863627,0.8636269569396973,28.787565231323242
2025-07-22,2.0,2.0991414,0.09914135932922363,4.957067966461182
2025-07-22,1.0,1.3308711,0.3308711051940918,33.08711051940918
2025-07-22,14.0,15.057534,1.0575342178344727,7.553815841674805
2025-07-22,6.0,5.3290153,0.6709847450256348,11.18307908376058
2025-07-22,20.0,21.464794,1.4647941589355469,7.323970794677734
2025-07-22,9.0,9.353227,0.3532266616821289,3.924740685356988
2025-07-23,7.0,5.75215,1.247849941253662,17.826427732195175
2025-07-23,27.0,26.190062,0.8099384307861328,2.999771965874566
2025-07-23,5.0,4.0631614,0.9368386268615723,18.736772537231445
2025-07-23,9.0,7.088422,1.9115781784057617,21.239757537841797
2025-07-23,12.0,11.823148,0.17685222625732422,1.4737685521443684
2025-07-23,20.0,20.98765,0.9876499176025391,4.938249588012695
2025-07-23,23.0,24.31145,1.3114490509033203,5.701952395231827
2025-07-23,2.0,2.6378334,0.6378333568572998,31.89166784286499
2025-07-23,8.0,9.006882,1.0068817138671875,12.586021423339844
2025-07-23,16.0,15.727396,0.27260398864746094,1.7037749290466309
2025-07-23,25.0,22.24203,2.7579708099365234,11.031883239746094
2025-07-23,8.0,7.795954,0.20404577255249023,2.550572156906128
2025-07-24,39.0,37.175716,1.8242835998535156,4.677650256034656
2025-07-24,23.0,21.812643,1.187356948852539,5.16242151675017
2025-07-24,2.0,2.0991414,0.09914135932922363,4.957067966461182
2025-07-24,5.0,4.0631614,0.9368386268615723,18.736772537231445
2025-07-24,4.0,4.7745266,0.7745265960693359,19.3631649017334
2025-07-24,25.0,25.592434,0.5924339294433594,2.3697357177734375
2025-07-24,18.0,16.789936,1.2100639343261719,6.722577412923177
2025-07-24,6.0,6.9771433,0.9771432876586914,16.28572146097819
2025-07-24,4.0,4.057828,0.05782794952392578,1.4456987380981445
2025-07-24,16.0,15.727396,0.27260398864746094,1.7037749290466309
2025-07-24,4.0,4.0653863,0.06538629531860352,1.634657382965088
2025-07-24,21.0,22.785515,1.7855148315429688,8.502451578776041
2025-07-25,10.0,9.006882,0.9931182861328125,9.931182861328125
2025-07-25,2.0,2.0991414,0.09914135932922363,4.957067966461182
2025-07-25,6.0,5.3290153,0.6709847450256348,11.18307908376058
2025-07-25,4.0,4.057828,0.05782794952392578,1.4456987380981445
2025-07-25,3.0,3.863627,0.8636269569396973,28.787565231323242
2025-07-25,1.0,1.3308711,0.3308711051940918,33.08711051940918
2025-07-25,11.0,10.78242,0.21757984161376953,1.9779985601251775
2025-07-25,40.0,37.529427,2.4705734252929688,6.176433563232422
2025-07-25,23.0,24.31145,1.3114490509033203,5.701952395231827
2025-07-25,21.0,21.596807,0.5968074798583984,2.841940380278088
2025-07-25,32.0,27.325747,4.674253463745117,14.607042074203491
2025-07-25,22.0,20.913294,1.0867061614990234,4.939573461359197
2025-07-26,7.0,6.999446,0.0005540847778320312,0.007915496826171875
2025-07-26,15.0,15.998614,0.9986143112182617,6.657428741455078
2025-07-26,21.0,19.562618,1.4373817443847656,6.844674973260789
2025-07-26,5.0,4.085464,0.9145359992980957,18.290719985961914
2025-07-26,17.0,16.662733,0.3372669219970703,1.9839230705710018
2025-07-26,8.0,9.029181,1.0291805267333984,12.86475658416748
2025-07-26,12.0,11.845447,0.15455341339111328,1.2879451115926106
2025-07-26,24.0,25.714281,1.7142810821533203,7.142837842305501
2025-07-26,1.0,1.3469616,0.3469616174697876,34.69616174697876
2025-07-26,26.0,25.905394,0.09460639953613281,0.3638707674466647
2025-07-26,9.0,7.1107244,1.8892755508422852,20.99195056491428
2025-07-26,2.0,2.6539235,0.653923511505127,32.69617557525635
2025-07-27,9.0,9.946789,0.9467887878417969,10.519875420464409
2025-07-27,26.0,23.719791,2.2802085876464844,8.770033029409555
2025-07-27,1.0,1.6052183,0.6052182912826538,60.52182912826538
2025-07-27,27.0,26.262117,0.7378826141357422,2.732898570873119
2025-07-27,18.0,16.662733,1.3372669219970703,7.429260677761501
2025-07-27,15.0,14.09953,0.9004697799682617,6.003131866455078
2025-07-27,22.0,23.501541,1.5015411376953125,6.8251869895241475
2025-07-27,6.0,5.351318,0.6486821174621582,10.811368624369303
2025-07-27,8.0,7.818257,0.18174314498901367,2.271789312362671
2025-07-27,5.0,5.7627087,0.7627086639404297,15.254173278808594
2025-07-27,3.0,2.677016,0.322983980178833,10.766132672627768
2025-07-27,19.0,20.297924,1.2979240417480469,6.831179167094984
2025-07-28,12.0,11.823148,0.17685222625732422,1.4737685521443684
2025-07-28,47.0,43.935234,3.0647659301757812,6.520778574842088
2025-07-28,10.0,7.889559,2.110441207885742,21.104412078857422
2025-07-28,10.0,10.78242,0.7824201583862305,7.824201583862305
2025-07-28,7.0,5.75215,1.247849941253662,17.826427732195175
2025-07-28,7.0,5.3408637,1.6591362953186035,23.70194707598005
2025-07-28,23.0,21.812643,1.187356948852539,5.16242151675017
2025-07-28,17.0,16.626127,0.3738727569580078,2.199251511517693
2025-07-28,30.0,28.786884,1.2131156921386719,4.043718973795573
2025-07-28,30.0,30.130707,0.130706787109375,0.4356892903645833
2025-07-28,6.0,6.023812,0.023811817169189453,0.3968636194864909
2025-07-29,27.0,24.640469,2.3595314025878906,8.739005194769966
2025-07-29,7.0,6.155451,0.8445491790771484,12.064988272530693
2025-07-29,9.0,8.883385,0.11661529541015625,1.2957255045572917
2025-07-29,5.0,4.0631614,0.9368386268615723,18.736772537231445
2025-07-29,14.0,13.723976,0.27602386474609375,1.9715990339006697
2025-07-29,18.0,18.566483,0.5664825439453125,3.147125244140625
2025-07-29,6.0,6.9771433,0.9771432876586914,16.28572146097819
2025-07-29,5.0,4.9785385,0.02146148681640625,0.429229736328125
2025-07-29,17.0,16.626127,0.3738727569580078,2.199251511517693
2025-07-29,38.0,36.617283,1.3827171325683594,3.638729296232525
2025-07-29,2.0,2.6378334,0.6378333568572998,31.89166784286499
2025-07-29,29.0,28.709377,0.2906227111816406,1.0021472799366917
2025-07-30,18.0,18.566483,0.5664825439453125,3.147125244140625
2025-07-30,9.0,9.006882,0.0068817138671875,0.07646348741319445
2025-07-30,28.0,24.586496,3.413503646850586,12.191084453037806
2025-07-30,4.0,4.057828,0.05782794952392578,1.4456987380981445
2025-07-30,6.0,6.023812,0.023811817169189453,0.3968636194864909
2025-07-30,24.0,25.698715,1.6987152099609375,7.077980041503906
2025-07-30,3.0,3.884011,0.8840110301971436,29.467034339904785
2025-07-30,3.0,3.703805,0.7038049697875977,23.46016565958659
2025-07-30,16.0,15.727396,0.27260398864746094,1.7037749290466309
2025-07-30,17.0,16.801165,0.1988353729248047,1.1696198407341452
2025-07-30,1.0,1.3308711,0.3308711051940918,33.08711051940918
2025-07-30,4.0,3.9682593,0.031740665435791016,0.7935166358947754
2025-07-31,2.0,2.345513,0.34551310539245605,17.275655269622803
2025-07-31,23.0,24.525589,1.5255889892578125,6.63299560546875
2025-07-31,15.0,14.192519,0.8074808120727539,5.383205413818359
2025-07-31,3.0,2.9072974,0.09270262718200684,3.090087572733561
2025-07-31,6.0,6.023812,0.023811817169189453,0.3968636194864909
2025-07-31,1.0,1.3308711,0.3308711051940918,33.08711051940918
2025-07-31,27.0,26.197098,0.8029022216796875,2.973711932146991
2025-07-31,4.0,5.1052966,1.1052966117858887,27.632415294647217
2025-07-31,11.0,10.690027,0.30997276306152344,2.817934209650213
2025-07-31,7.0,8.4475975,1.4475975036621094,20.679964338030135
2025-07-31,2.0,2.0991414,0.09914135932922363,4.957067966461182
2025-07-31,6.0,6.9704275,0.9704275131225586,16.173791885375977
2025-08-01,17.0,17.771526,0.7715263366699219,4.538390215705423
2025-08-01,13.0,11.823148,1.1768522262573242,9.052709432748648
2025-08-01,9.0,9.006882,0.0068817138671875,0.07646348741319445
2025-08-01,16.0,15.727396,0.27260398864746094,1.7037749290466309
2025-08-01,7.0,7.8117995,0.8117995262145996,11.597136088779994
2025-08-01,27.0,27.930296,0.9302959442138672,3.445540534125434
2025-08-01,20.0,18.663727,1.336273193359375,6.681365966796875
2025-08-01,5.0,4.9785385,0.02146148681640625,0.429229736328125
2025-08-01,5.0,5.3290153,0.32901525497436523,6.580305099487305
2025-08-01,23.0,22.300272,0.6997280120849609,3.0422957047172217
2025-08-01,3.0,2.9072974,0.09270262718200684,3.090087572733561
2025-08-01,3.0,3.703805,0.7038049697875977,23.46016565958659
2025-08-02,28.0,28.182016,0.18201637268066406,0.6500584738595145
2025-08-02,9.0,6.1777534,2.822246551513672,31.358295016818577
2025-08-02,34.0,32.811317,1.1886825561523438,3.496125165153952
2025-08-02,11.0,9.946789,1.0532112121582031,9.574647383256393
2025-08-02,32.0,33.2233,1.2233009338378906,3.822815418243408
2025-08-02,10.0,10.804719,0.8047189712524414,8.047189712524414
2025-08-02,4.0,3.8178313,0.18216872215270996,4.554218053817749
2025-08-02,9.0,7.1107244,1.8892755508422852,20.99195056491428
2025-08-02,22.0,20.250555,1.7494449615478516,7.952022552490234
2025-08-02,23.0,21.045973,1.9540271759033203,8.495770330014436
2025-08-02,10.0,9.878982,0.1210184097290039,1.210184097290039
2025-08-02,3.0,3.7227473,0.7227473258972168,24.091577529907227
2025-08-03,6.0,7.032967,1.0329670906066895,17.216118176778156
2025-08-03,16.0,17.330141,1.3301410675048828,8.313381671905518
2025-08-03,2.0,2.1152318,0.11523175239562988,5.761587619781494
2025-08-03,24.0,25.95603,1.9560298919677734,8.150124549865723
2025-08-03,5.0,5.351318,0.3513178825378418,7.026357650756836
2025-08-03,12.0,11.845447,0.15455341339111328,1.2879451115926106
2025-08-03,4.0,3.9877088,0.012291193008422852,0.3072798252105713
2025-08-03,4.0,4.7934704,0.7934703826904297,19.836759567260742
2025-08-03,12.0,10.804719,1.1952810287475586,9.960675239562988
2025-08-03,17.0,16.662733,0.3372669219970703,1.9839230705710018
2025-08-03,18.0,16.94665,1.0533504486083984,5.8519469367133246
2025-08-03,28.0,27.024414,0.9755859375,3.4842354910714284
2025-08-04,17.0,16.626127,0.3738727569580078,2.199251511517693
2025-08-04,23.0,21.812643,1.187356948852539,5.16242151675017
2025-08-04,32.0,33.53473,1.53472900390625,4.796028137207031
2025-08-04,10.0,7.889559,2.110441207885742,21.104412078857422
2025-08-04,8.0,7.795954,0.20404577255249023,2.550572156906128
2025-08-04,3.0,2.6609256,0.33907437324523926,11.302479108174643
2025-08-04,4.0,5.1141434,1.1141433715820312,27.85358428955078
2025-08-04,27.0,26.197098,0.8029022216796875,2.973711932146991
2025-08-04,3.0,2.9072974,0.09270262718200684,3.090087572733561
2025-08-04,5.0,5.743765,0.7437648773193359,14.875297546386719
2025-08-04,14.0,13.723976,0.27602386474609375,1.9715990339006697
2025-08-04,20.0,20.749334,0.7493343353271484,3.746671676635742
2025-08-05,1.0,1.5895337,0.5895336866378784,58.95336866378784
2025-08-05,3.0,3.703805,0.7038049697875977,23.46016565958659
2025-08-05,15.0,14.192519,0.8074808120727539,5.383205413818359
2025-08-05,17.0,17.771526,0.7715263366699219,4.538390215705423
2025-08-05,10.0,9.856683,0.14331722259521484,1.4331722259521484
2025-08-05,22.0,24.128479,2.12847900390625,9.674904563210227
2025-08-05,6.0,6.023812,0.023811817169189453,0.3968636194864909
2025-08-05,2.0,2.3139675,0.3139674663543701,15.698373317718506
2025-08-05,9.0,9.006882,0.0068817138671875,0.07646348741319445
2025-08-05,18.0,18.253489,0.25348854064941406,1.4082696702745225
2025-08-05,9.0,9.933336,0.9333362579345703,10.37040286593967
2025-08-06,6.0,7.0106645,1.010664463043213,16.844407717386883
2025-08-06,19.0,18.253,0.7469997406005859,3.931577582108347
2025-08-06,21.0,21.596807,0.5968074798583984,2.841940380278088
2025-08-06,13.0,12.580136,0.4198637008666992,3.2297207758976865
2025-08-06,3.0,3.953378,0.9533779621124268,31.77926540374756
2025-08-06,3.0,2.6609256,0.33907437324523926,11.302479108174643
2025-08-06,1.0,1.3308711,0.3308711051940918,33.08711051940918
2025-08-06,17.0,18.571007,1.5710067749023438,9.241216322954964
2025-08-06,4.0,4.057828,0.05782794952392578,1.4456987380981445
2025-08-06,28.0,26.96653,1.0334701538085938,3.690964835030692
2025-08-06,11.0,9.92449,1.075510025024414,9.77736386385831
2025-08-07,26.0,25.840374,0.15962600708007812,0.6139461810772235
2025-08-07,4.0,3.9682593,0.031740665435791016,0.7935166358947754
2025-08-07,26.0,27.876352,1.876352310180664,7.216739654541016
2025-08-07,13.0,12.580136,0.4198637008666992,3.2297207758976865
2025-08-07,10.0,9.006882,0.9931182861328125,9.931182861328125
2025-08-07,17.0,17.771526,0.7715263366699219,4.538390215705423
2025-08-07,14.0,13.723976,0.27602386474609375,1.9715990339006697
2025-08-07,13.0,14.045132,1.0451316833496094,8.039474487304688
2025-08-07,7.0,6.155451,0.8445491790771484,12.064988272530693
2025-08-07,8.0,6.688271,1.3117289543151855,16.39661192893982
2025-08-07,1.0,1.3308711,0.3308711051940918,33.08711051940918
2025-08-07,34.0,28.865639,5.134361267089844,15.101062550264245
2025-08-08,20.0,20.749334,0.7493343353271484,3.746671676635742
2025-08-08,8.0,7.795954,0.20404577255249023,2.550572156906128
2025-08-08,3.0,3.703805,0.7038049697875977,23.46016565958659
2025-08-08,10.0,9.856683,0.14331722259521484,1.4331722259521484
2025-08-08,1.0,1.3308711,0.3308711051940918,33.08711051940918
2025-08-08,26.0,23.637592,2.362407684326172,9.086183401254507
2025-08-08,4.0,4.057828,0.05782794952392578,1.4456987380981445
2025-08-08,7.0,7.795954,0.7959542274475098,11.370774677821569
2025-08-08,4.0,3.9682593,0.031740665435791016,0.7935166358947754
2025-08-08,8.0,7.795954,0.20404577255249023,2.550572156906128
2025-08-08,17.0,18.967287,1.9672870635986328,11.57227684469784
2025-08-08,21.0,21.289272,0.2892723083496094,1.3774871826171875
2025-08-09,26.0,22.843447,3.156553268432617,12.140589493971605
2025-08-09,6.0,5.0093307,0.9906692504882812,16.511154174804688
2025-08-09,6.0,5.3631663,0.636833667755127,10.61389446258545
2025-08-09,5.0,5.7627087,0.7627086639404297,15.254173278808594
2025-08-09,25.0,21.5079,3.4920997619628906,13.968399047851562
2025-08-09,8.0,9.029181,1.0291805267333984,12.86475658416748
2025-08-09,34.0,36.008038,2.008037567138672,5.905992844525506
2025-08-09,7.0,5.3631663,1.636833667755127,23.383338110787527
2025-08-09,15.0,14.776963,0.2230367660522461,1.4869117736816406
2025-08-09,16.0,17.330141,1.3301410675048828,8.313381671905518
2025-08-09,28.0,27.024414,0.9755859375,3.4842354910714284
2025-08-09,13.0,11.845447,1.1545534133911133,8.881180103008564
2025-08-10,29.0,24.460327,4.5396728515625,15.654044315732758
2025-08-10,18.0,16.662733,1.3372669219970703,7.429260677761501
2025-08-10,18.0,15.932139,2.0678606033325195,11.488114462958443
2025-08-10,37.0,36.24046,0.7595405578613281,2.05281231854413
2025-08-10,12.0,11.845447,0.15455341339111328,1.2879451115926106
2025-08-10,8.0,7.1040087,0.895991325378418,11.199891567230225
2025-08-10,4.0,3.8178313,0.18216872215270996,4.554218053817749
2025-08-10,13.0,14.0674305,1.0674304962158203,8.211003817044771
2025-08-10,4.0,3.9877088,0.012291193008422852,0.3072798252105713
2025-08-10,22.0,22.934183,0.9341831207275391,4.246286912397905
2025-08-10,8.0,8.799532,0.7995319366455078,9.994149208068848
2025-08-10,31.0,32.796738,1.7967376708984375,5.795927970640121
2025-08-11,6.0,7.0018177,1.0018177032470703,16.696961720784504
2025-08-11,14.0,15.046861,1.046860694885254,7.477576392037528
2025-08-11,16.0,15.727396,0.27260398864746094,1.7037749290466309
2025-08-11,21.0,18.416636,2.583364486694336,12.301735650925409
2025-08-11,8.0,7.795954,0.20404577255249023,2.550572156906128
2025-08-11,3.0,2.9072974,0.09270262718200684,3.090087572733561
2025-08-11,8.0,7.081706,0.9182939529418945,11.478674411773682
2025-08-11,20.0,22.435259,2.4352588653564453,12.176294326782227
2025-08-11,1.0,1.3308711,0.3308711051940918,33.08711051940918
2025-08-11,2.0,2.0991414,0.09914135932922363,4.957067966461182
2025-08-11,31.0,30.904749,0.09525108337402344,0.30726155927104337
2025-08-11,6.0,6.023812,0.023811817169189453,0.3968636194864909
2025-08-12,8.0,7.795954,0.20404577255249023,2.550572156906128
2025-08-12,8.0,8.831167,0.8311672210693359,10.3895902633667
2025-08-12,5.0,6.0528083,1.0528082847595215,21.05616569519043
2025-08-12,11.0,11.953504,0.9535036087036133,8.668214624578303
2025-08-12,6.0,4.990387,1.009613037109375,16.826883951822918
2025-08-12,17.0,15.05114,1.9488601684570312,11.46388334386489
2025-08-12,3.0,3.703805,0.7038049697875977,23.46016565958659
2025-08-12,3.0,2.9072974,0.09270262718200684,3.090087572733561
2025-08-12,14.0,16.339022,2.339021682739258,16.707297733851842
2025-08-12,15.0,14.548774,0.45122623443603516,3.0081748962402344
2025-08-12,2.0,2.3417482,0.3417482376098633,17.087411880493164
2025-08-12,9.0,9.006882,0.0068817138671875,0.07646348741319445
2025-08-13,12.0,13.301997,1.301997184753418,10.849976539611816
2025-08-13,5.0,6.0604615,1.0604615211486816,21.209230422973633
2025-08-13,3.0,2.9072974,0.09270262718200684,3.090087572733561
2025-08-13,13.0,12.580136,0.4198637008666992,3.2297207758976865
2025-08-13,9.0,9.006882,0.0068817138671875,0.07646348741319445
2025-08-13,11.0,13.006333,2.006333351135254,18.239394101229582
2025-08-13,7.0,6.9771433,0.022856712341308594,0.3265244620186942
2025-08-13,6.0,5.3290153,0.6709847450256348,11.18307908376058
2025-08-13,20.0,19.811289,0.18871116638183594,0.9435558319091797
2025-08-13,4.0,4.7745266,0.7745265960693359,19.3631649017334
2025-08-13,1.0,1.3308711,0.3308711051940918,33.08711051940918
2025-08-13,14.0,12.997688,1.0023117065429688,7.159369332449777
2025-08-14,15.0,15.9620075,0.9620075225830078,6.413383483886719
2025-08-14,33.0,32.189434,0.8105659484863281,2.4562604499585703
2025-08-14,24.0,20.231089,3.768911361694336,15.703797340393066
2025-08-14,15.0,14.740364,0.25963592529296875,1.7309061686197917
2025-08-14,10.0,9.800808,0.19919204711914062,1.9919204711914062
2025-08-14,7.0,5.3408637,1.6591362953186035,23.70194707598005
2025-08-14,5.0,4.9785385,0.02146148681640625,0.429229736328125
2025-08-14,15.0,17.14273,2.142730712890625,14.284871419270834
2025-08-14,8.0,7.795954,0.20404577255249023,2.550572156906128
2025-08-14,7.0,6.155451,0.8445491790771484,12.064988272530693
2025-08-14,7.0,7.802953,0.802952766418457,11.470753805977958
2025-08-15,22.0,23.48408,1.484079360961914,6.745815277099609
2025-08-15,22.0,21.640673,0.3593273162841797,1.6333059831099077
2025-08-15,13.0,11.823148,1.1768522262573242,9.052709432748648
2025-08-15,19.0,17.051802,1.9481983184814453,10.253675360428659
2025-08-15,7.0,6.1516857,0.8483142852783203,12.118775503976005
2025-08-15,12.0,13.301997,1.301997184753418,10.849976539611816
2025-08-15,7.0,5.3408637,1.6591362953186035,23.70194707598005
2025-08-15,13.0,12.580136,0.4198637008666992,3.2297207758976865
2025-08-15,1.0,1.3308711,0.3308711051940918,33.08711051940918
2025-08-15,3.0,3.703805,0.7038049697875977,23.46016565958659
2025-08-15,5.0,6.0604615,1.0604615211486816,21.209230422973633
2025-08-15,9.0,9.006882,0.0068817138671875,0.07646348741319445
2025-08-16,36.0,34.86953,1.1304702758789062,3.1401952107747397
2025-08-16,1.0,1.3469616,0.3469616174697876,34.69616174697876
2025-08-16,29.0,24.164349,4.835651397705078,16.674659992086475
2025-08-16,3.0,2.677016,0.322983980178833,10.766132672627768
2025-08-16,9.0,9.946789,0.9467887878417969,10.519875420464409
2025-08-16,21.0,19.359268,1.6407318115234375,7.813008626302083
2025-08-16,43.0,44.120983,1.1209831237792969,2.6069374971611556
2025-08-16,14.0,13.746275,0.2537250518798828,1.8123217991420202
2025-08-16,24.0,24.77788,0.7778797149658203,3.2411654790242515
2025-08-16,11.0,9.946789,1.0532112121582031,9.574647383256393
2025-08-16,3.0,2.9267466,0.07325339317321777,2.4417797724405923
2025-08-16,16.0,11.9282875,4.071712493896484,25.448203086853027
2025-08-17,30.0,28.850103,1.1498966217041016,3.832988739013672
2025-08-17,9.0,6.1777534,2.822246551513672,31.358295016818577
2025-08-17,28.0,29.114374,1.1143741607666016,3.979907717023577
2025-08-17,10.0,9.823107,0.1768932342529297,1.7689323425292969
2025-08-17,17.0,14.93603,2.063969612121582,12.140997718362247
2025-08-17,12.0,13.746275,1.7462749481201172,14.55229123433431
2025-08-17,45.0,41.743744,3.256256103515625,7.236124674479167
2025-08-17,10.0,7.9042926,2.095707416534424,20.95707416534424
2025-08-17,16.0,15.763995,0.23600482940673828,1.4750301837921143
2025-08-17,3.0,3.7227473,0.7227473258972168,24.091577529907227
2025-08-17,29.0,24.164349,4.835651397705078,16.674659992086475
2025-08-17,4.0,3.8178313,0.18216872215270996,4.554218053817749
2025-08-18,17.0,16.626127,0.3738727569580078,2.199251511517693
2025-08-18,1.0,1.5895337,0.5895336866378784,58.95336866378784
2025-08-18,5.0,5.213567,0.21356678009033203,4.271335601806641
2025-08-18,1.0,1.3308711,0.3308711051940918,33.08711051940918
2025-08-18,12.0,13.723976,1.7239761352539062,14.366467793782553
2025-08-18,23.0,25.760324,2.760324478149414,12.00141077456267
2025-08-18,9.0,9.006882,0.0068817138671875,0.07646348741319445
2025-08-18,2.0,2.6378334,0.6378333568572998,31.89166784286499
2025-08-18,26.0,21.789528,4.210472106933594,16.19412348820613
2025-08-18,35.0,34.44988,0.5501213073730469,1.571775163922991
2025-08-18,18.0,18.95376,0.9537601470947266,5.298667483859592
2025-08-18,3.0,2.8856206,0.1143794059753418,3.8126468658447266
2025-08-19,7.0,7.795954,0.7959542274475098,11.370774677821569
2025-08-19,2.0,2.6378334,0.6378333568572998,31.89166784286499
2025-08-19,4.0,3.798889,0.2011110782623291,5.0277769565582275
2025-08-19,8.0,7.795954,0.20404577255249023,2.550572156906128
2025-08-19,19.0,21.220778,2.2207775115966797,11.688302692614103
2025-08-19,15.0,14.740364,0.25963592529296875,1.7309061686197917
2025-08-19,22.0,21.640673,0.3593273162841797,1.6333059831099077
2025-08-19,18.0,21.228119,3.228118896484375,17.93399386935764
2025-08-19,9.0,9.006882,0.0068817138671875,0.07646348741319445
2025-08-19,17.0,14.841379,2.158620834350586,12.697769613826976
2025-08-19,3.0,2.87787,0.12212991714477539,4.07099723815918
2025-08-20,9.0,7.063678,1.9363222122192383,21.514691246880425
2025-08-20,10.0,9.800808,0.19919204711914062,1.9919204711914062
2025-08-20,4.0,4.7745266,0.7745265960693359,19.3631649017334
2025-08-20,7.0,7.795954,0.7959542274475098,11.370774677821569
2025-08-20,22.0,21.640673,0.3593273162841797,1.6333059831099077
2025-08-20,16.0,18.284143,2.2841434478759766,14.275896549224854
2025-08-20,28.0,22.785515,5.214485168457031,18.62316131591797
2025-08-20,4.0,3.9682593,0.031740665435791016,0.7935166358947754
2025-08-20,20.0,22.858845,2.858844757080078,14.29422378540039
2025-08-20,2.0,2.0991414,0.09914135932922363,4.957067966461182
2025-08-20,13.0,11.823148,1.1768522262573242,9.052709432748648
2025-08-20,19.0,17.935461,1.0645389556884766,5.602836608886719
2025-08-21,5.0,6.0154266,1.0154266357421875,20.30853271484375
2025-08-21,3.0,2.9072974,0.09270262718200684,3.090087572733561
2025-08-21,12.0,11.823148,0.17685222625732422,1.4737685521443684
2025-08-21,18.0,15.720966,2.279033660888672,12.661298116048178
2025-08-21,10.0,9.006882,0.9931182861328125,9.931182861328125
2025-08-21,20.0,21.792557,1.7925567626953125,8.962783813476562
2025-08-21,19.0,21.610376,2.6103763580322266,13.738822937011719
2025-08-21,27.0,26.197098,0.8029022216796875,2.973711932146991
2025-08-21,9.0,7.063678,1.9363222122192383,21.514691246880425
2025-08-21,14.0,13.702252,0.2977476119995117,2.1267686571393694
2025-08-21,4.0,3.798889,0.2011110782623291,5.0277769565582275
2025-08-22,4.0,4.0081754,0.008175373077392578,0.20438432693481445
2025-08-22,14.0,13.723976,0.27602386474609375,1.9715990339006697
2025-08-22,1.0,1.3308711,0.3308711051940918,33.08711051940918
2025-08-22,15.0,17.965544,2.965543746948242,19.770291646321613
2025-08-22,6.0,6.9771433,0.9771432876586914,16.28572146097819
2025-08-22,2.0,2.6378334,0.6378333568572998,31.89166784286499
2025-08-22,10.0,9.856683,0.14331722259521484,1.4331722259521484
2025-08-22,11.0,10.151464,0.8485355377197266,7.713959433815696
2025-08-22,3.0,3.866878,0.8668780326843262,28.89593442281087
2025-08-22,21.0,21.289272,0.2892723083496094,1.3774871826171875
2025-08-22,13.0,14.346671,1.3466711044311523,10.359008495624249
2025-08-22,3.0,2.9072974,0.09270262718200684,3.090087572733561
2025-08-23,16.0,13.826946,2.173053741455078,13.581585884094238
2025-08-23,20.0,19.853498,0.1465015411376953,0.7325077056884766
2025-08-23,3.0,3.7227473,0.7227473258972168,24.091577529907227
2025-08-23,6.0,5.2994823,0.7005176544189453,11.675294240315756
2025-08-23,16.0,15.763995,0.23600482940673828,1.4750301837921143
2025-08-23,10.0,10.804719,0.8047189712524414,8.047189712524414
2025-08-23,24.0,24.794022,0.7940216064453125,3.3084233601888022
2025-08-23,34.0,36.832924,2.8329238891601562,8.332129085765166
2025-08-23,16.0,14.93603,1.063969612121582,6.649810075759888
2025-08-23,19.0,17.13134,1.8686599731445312,9.835052490234375
2025-08-23,1.0,1.6089832,0.6089831590652466,60.89831590652466
2025-08-24,3.0,2.9267466,0.07325339317321777,2.4417797724405923
2025-08-24,12.0,11.753054,0.2469463348388672,2.0578861236572266
2025-08-24,13.0,12.691077,0.30892276763916016,2.3763289818396935
2025-08-24,14.0,15.357545,1.3575448989868164,9.69674927847726
2025-08-24,2.0,2.1152318,0.11523175239562988,5.761587619781494
2025-08-24,4.0,4.087689,0.08768892288208008,2.192223072052002
2025-08-24,20.0,17.13134,2.8686599731445312,14.343299865722656
2025-08-24,11.0,12.212098,1.2120981216430664,11.019073833118785
2025-08-24,23.0,26.245346,3.2453460693359375,14.110200301460598
2025-08-24,5.0,5.7627087,0.7627086639404297,15.254173278808594
2025-08-24,3.0,2.8899245,0.11007547378540039,3.669182459513346
2025-08-24,22.0,21.663109,0.33689117431640625,1.5313235196200283
2025-08-25,4.0,3.9682593,0.031740665435791016,0.7935166358947754
2025-08-25,4.0,4.0081754,0.008175373077392578,0.20438432693481445
2025-08-25,9.0,9.030189,0.030188560485839844,0.33542844984266496
2025-08-25,11.0,10.78242,0.21757984161376953,1.9779985601251775
2025-08-25,3.0,3.703805,0.7038049697875977,23.46016565958659
2025-08-25,23.0,23.996288,0.9962882995605469,4.331688258958899
2025-08-25,14.0,14.845589,0.8455886840820312,6.039919172014509
2025-08-25,6.0,6.023812,0.023811817169189453,0.3968636194864909
2025-08-25,36.0,34.844177,1.15582275390625,3.2106187608506946
2025-08-25,1.0,1.3308711,0.3308711051940918,33.08711051940918
2025-08-25,21.0,17.881845,3.118154525756836,14.848354884556361
2025-08-25,30.0,34.283287,4.283287048339844,14.277623494466146
2025-08-26,2.0,2.7828245,0.7828245162963867,39.141225814819336
2025-08-26,12.0,13.301997,1.301997184753418,10.849976539611816
2025-08-26,2.0,2.6378334,0.6378333568572998,31.89166784286499
2025-08-26,15.0,13.113972,1.8860282897949219,12.573521931966146
2025-08-26,18.0,21.228119,3.228118896484375,17.93399386935764
2025-08-26,1.0,1.3308711,0.3308711051940918,33.08711051940918
2025-08-26,3.0,2.9072974,0.09270262718200684,3.090087572733561
2025-08-26,12.0,11.823148,0.17685222625732422,1.4737685521443684
2025-08-26,7.0,6.130707,0.869293212890625,12.418474469866071
2025-08-26,22.0,21.640673,0.3593273162841797,1.6333059831099077
2025-08-26,6.0,6.023812,0.023811817169189453,0.3968636194864909
2025-08-26,6.0,6.96099,0.9609899520874023,16.016499201456707
2025-08-27,10.0,11.147463,1.1474628448486328,11.474628448486328
2025-08-27,21.0,21.289272,0.2892723083496094,1.3774871826171875
2025-08-27,10.0,11.908809,1.908808708190918,19.08808708190918
2025-08-27,3.0,3.863627,0.8636269569396973,28.787565231323242
2025-08-27,19.0,17.102793,1.897207260131836,9.985301369114927
2025-08-27,2.0,2.0991414,0.09914135932922363,4.957067966461182
2025-08-27,1.0,1.5895337,0.5895336866378784,58.95336866378784
2025-08-27,14.0,13.702252,0.2977476119995117,2.1267686571393694
2025-08-27,7.0,6.9771433,0.022856712341308594,0.3265244620186942
2025-08-27,7.0,6.130707,0.869293212890625,12.418474469866071
2025-08-27,5.0,5.213567,0.21356678009033203,4.271335601806641
2025-08-27,1.0,1.3308711,0.3308711051940918,33.08711051940918
2025-08-28,8.0,7.795954,0.20404577255249023,2.550572156906128
2025-08-28,18.0,18.253489,0.25348854064941406,1.4082696702745225
2025-08-28,1.0,1.3308711,0.3308711051940918,33.08711051940918
2025-08-28,3.0,2.9072974,0.09270262718200684,3.090087572733561
2025-08-28,21.0,22.785515,1.7855148315429688,8.502451578776041
2025-08-28,3.0,2.87787,0.12212991714477539,4.07099723815918
2025-08-28,5.0,4.9785385,0.02146148681640625,0.429229736328125
2025-08-28,9.0,9.92449,0.9244899749755859,10.272110833062065
2025-08-28,7.0,6.9771433,0.022856712341308594,0.3265244620186942
2025-08-28,17.0,17.771526,0.7715263366699219,4.538390215705423
2025-08-28,13.0,12.235383,0.7646169662475586,5.881668971135066
2025-08-28,16.0,15.727396,0.27260398864746094,1.7037749290466309
2025-08-29,5.0,6.0154266,1.0154266357421875,20.30853271484375
2025-08-29,6.0,6.9704275,0.9704275131225586,16.173791885375977
2025-08-29,1.0,1.3308711,0.3308711051940918,33.08711051940918
2025-08-29,7.0,8.4475975,1.4475975036621094,20.679964338030135
2025-08-29,5.0,5.213567,0.21356678009033203,4.271335601806641
2025-08-29,4.0,3.9682593,0.031740665435791016,0.7935166358947754
2025-08-29,14.0,15.720966,1.7209663391113281,12.292616707938057
2025-08-29,24.0,23.490793,0.5092067718505859,2.121694882710775
2025-08-29,3.0,2.6609256,0.33907437324523926,11.302479108174643
2025-08-29,10.0,9.856683,0.14331722259521484,1.4331722259521484
2025-08-29,6.0,5.2938814,0.7061185836791992,11.768643061319986
2025-08-29,7.0,6.9498568,0.05014324188232422,0.716332026890346
2025-08-30,3.0,2.677016,0.322983980178833,10.766132672627768
2025-08-30,8.0,9.029181,1.0291805267333984,12.86475658416748
2025-08-30,21.0,19.562618,1.4373817443847656,6.844674973260789
2025-08-30,31.0,30.133606,0.86639404296875,2.7948194934475805
2025-08-30,2.0,2.3281403,0.3281402587890625,16.407012939453125
2025-08-30,9.0,6.1777534,2.822246551513672,31.358295016818577
2025-08-30,29.0,25.189285,3.8107147216796875,13.140395591998923
2025-08-30,14.0,13.746275,0.2537250518798828,1.8123217991420202
2025-08-30,43.0,42.075146,0.9248542785644531,2.1508239036382633
2025-08-30,3.0,3.7227473,0.7227473258972168,24.091577529907227
2025-08-30,10.0,9.029181,0.9708194732666016,9.708194732666016
2025-08-30,47.0,44.103012,2.8969879150390625,6.163804074551197
2025-08-31,13.0,9.902144,3.097855567932129,23.82965821486253
2025-08-31,3.0,2.677016,0.322983980178833,10.766132672627768
2025-08-31,22.0,22.934183,0.9341831207275391,4.246286912397905
2025-08-31,26.0,27.38957,1.3895702362060547,5.344500908484826
2025-08-31,25.0,22.540112,2.459888458251953,9.839553833007812
2025-08-31,13.0,11.845447,1.1545534133911133,8.881180103008564
2025-08-31,8.0,9.029181,1.0291805267333984,12.86475658416748
2025-08-31,18.0,16.662733,1.3372669219970703,7.429260677761501
2025-08-31,19.0,18.114561,0.8854389190673828,4.660204837196751
2025-08-31,4.0,3.9877088,0.012291193008422852,0.3072798252105713
2025-08-31,3.0,3.7227473,0.7227473258972168,24.091577529907227
2025-08-31,46.0,42.48266,3.5173416137695312,7.646394812542459
2025-09-01,9.0,9.92449,0.9244899749755859,10.272110833062065
2025-09-01,8.0,7.795954,0.20404577255249023,2.550572156906128
2025-09-01,16.0,17.293535,1.2935352325439453,8.084595203399658
2025-09-01,14.0,15.720966,1.7209663391113281,12.292616707938057
2025-09-01,8.0,8.831167,0.8311672210693359,10.3895902633667
2025-09-01,19.0,19.101206,0.10120582580566406,0.5326622410824424
2025-09-01,20.0,18.069073,1.9309272766113281,9.65463638305664
2025-09-01,1.0,1.5895337,0.5895336866378784,58.95336866378784
2025-09-01,1.0,1.3308711,0.3308711051940918,33.08711051940918
2025-09-01,4.0,4.0081754,0.008175373077392578,0.20438432693481445
2025-09-01,2.0,2.0991414,0.09914135932922363,4.957067966461182
2025-09-01,6.0,6.9704275,0.9704275131225586,16.173791885375977
2025-09-02,16.0,17.293535,1.2935352325439453,8.084595203399658
2025-09-02,24.0,25.566801,1.5668010711669922,6.528337796529134
2025-09-02,3.0,2.9072974,0.09270262718200684,3.090087572733561
2025-09-02,1.0,1.3308711,0.3308711051940918,33.08711051940918
2025-09-02,18.0,16.626127,1.3738727569580078,7.632626427544488
2025-09-02,5.0,5.304271,0.30427122116088867,6.085424423217773
2025-09-02,11.0,9.92449,1.075510025024414,9.77736386385831
2025-09-02,5.0,6.0154266,1.0154266357421875,20.30853271484375
2025-09-02,29.0,28.709377,0.2906227111816406,1.0021472799366917
2025-09-02,15.0,13.842823,1.1571769714355469,7.7145131429036455
2025-09-02,10.0,9.800808,0.19919204711914062,1.9919204711914062
2025-09-03,6.0,6.9771433,0.9771432876586914,16.28572146097819
2025-09-03,18.0,18.566483,0.5664825439453125,3.147125244140625
2025-09-03,7.0,6.9771433,0.022856712341308594,0.3265244620186942
2025-09-03,11.0,10.731186,0.2688140869140625,2.443764426491477
2025-09-03,10.0,9.856683,0.14331722259521484,1.4331722259521484
2025-09-03,7.0,6.9771433,0.022856712341308594,0.3265244620186942
2025-09-03,1.0,1.3308711,0.3308711051940918,33.08711051940918
2025-09-03,19.0,20.38414,1.3841400146484375,7.2849474455180925
2025-09-03,10.0,10.101367,0.10136699676513672,1.0136699676513672
2025-09-03,3.0,2.9072974,0.09270262718200684,3.090087572733561
2025-09-03,2.0,2.308691,0.30869102478027344,15.434551239013672
2025-09-04,9.0,9.030189,0.030188560485839844,0.33542844984266496
2025-09-04,1.0,1.3308711,0.3308711051940918,33.08711051940918
2025-09-04,1.0,1.3308711,0.3308711051940918,33.08711051940918
2025-09-04,2.0,2.2463176,0.24631762504577637,12.315881252288818
2025-09-04,9.0,10.265917,1.2659168243408203,14.065742492675781
2025-09-04,6.0,6.9771433,0.9771432876586914,16.28572146097819
2025-09-04,5.0,4.0631614,0.9368386268615723,18.736772537231445
2025-09-04,17.0,16.801165,0.1988353729248047,1.1696198407341452
2025-09-04,16.0,14.994366,1.0056343078613281,6.285214424133301
2025-09-04,10.0,9.800808,0.19919204711914062,1.9919204711914062
2025-09-04,18.0,20.072315,2.072315216064453,11.512862311469185
2025-09-04,5.0,5.304271,0.30427122116088867,6.085424423217773
2025-09-05,9.0,9.92449,0.9244899749755859,10.272110833062065
2025-09-05,3.0,2.9072974,0.09270262718200684,3.090087572733561
2025-09-05,35.0,34.435204,0.5647964477539062,1.6137041364397322
2025-09-05,1.0,1.3308711,0.3308711051940918,33.08711051940918
2025-09-05,16.0,17.293535,1.2935352325439453,8.084595203399658
2025-09-05,8.0,7.056962,0.9430379867553711,11.787974834442139
2025-09-05,26.0,23.637592,2.362407684326172,9.086183401254507
2025-09-05,26.0,27.24209,1.2420902252197266,4.777270096998948
2025-09-05,16.0,15.727396,0.27260398864746094,1.7037749290466309
2025-09-05,10.0,9.006882,0.9931182861328125,9.931182861328125
2025-09-05,10.0,9.800808,0.19919204711914062,1.9919204711914062
2025-09-06,4.0,4.0402417,0.04024171829223633,1.0060429573059082
2025-09-06,19.0,20.443216,1.443216323852539,7.595875388697574
2025-09-06,20.0,20.792147,0.7921466827392578,3.960733413696289
2025-09-06,5.0,5.2358694,0.2358694076538086,4.717388153076172
2025-09-06,2.0,2.1152318,0.11523175239562988,5.761587619781494
2025-09-06,11.0,10.712326,0.2876739501953125,2.6152177290482954
2025-09-06,12.0,13.746275,1.7462749481201172,14.55229123433431
2025-09-06,20.0,19.853498,0.1465015411376953,0.7325077056884766
2025-09-06,22.0,20.250555,1.7494449615478516,7.952022552490234
2025-09-06,2.0,2.3334167,0.3334167003631592,16.67083501815796
2025-09-06,1.0,1.3469616,0.3469616174697876,34.69616174697876
2025-09-06,15.0,14.09953,0.9004697799682617,6.003131866455078
2025-09-07,24.0,24.77788,0.7778797149658203,3.2411654790242515
2025-09-07,32.0,30.992987,1.0070133209228516,3.146916627883911
2025-09-07,23.0,21.873856,1.1261444091796875,4.896280039911685
2025-09-07,3.0,2.677016,0.322983980178833,10.766132672627768
2025-09-07,13.0,12.602435,0.3975648880004883,3.0581914461576023
2025-09-07,4.0,4.0553865,0.05538654327392578,1.3846635818481445
2025-09-07,12.0,13.746275,1.7462749481201172,14.55229123433431
2025-09-07,8.0,6.1777534,1.8222465515136719,22.7780818939209
2025-09-07,5.0,5.7627087,0.7627086639404297,15.254173278808594
2025-09-07,13.0,12.691077,0.30892276763916016,2.3763289818396935
2025-09-07,24.0,25.714281,1.7142810821533203,7.142837842305501
2025-09-07,11.0,9.946789,1.0532112121582031,9.574647383256393
2025-09-08,13.0,12.668778,0.3312215805053711,2.5478583115797777
2025-09-08,3.0,3.863627,0.8636269569396973,28.787565231323242
2025-09-08,14.0,15.046861,1.046860694885254,7.477576392037528
2025-09-08,1.0,1.5895337,0.5895336866378784,58.95336866378784
2025-09-08,17.0,16.801165,0.1988353729248047,1.1696198407341452
2025-09-08,9.0,9.030189,0.030188560485839844,0.33542844984266496
2025-09-08,6.0,5.333295,0.6667051315307617,11.111752192179361
2025-09-08,16.0,17.575298,1.5752983093261719,9.845614433288574
2025-09-08,11.0,11.066678,0.06667804718017578,0.6061640652743253
2025-09-08,4.0,4.0653863,0.06538629531860352,1.634657382965088
2025-09-09,24.0,23.490793,0.5092067718505859,2.121694882710775
2025-09-09,1.0,1.3308711,0.3308711051940918,33.08711051940918
2025-09-09,4.0,5.0602617,1.0602617263793945,26.506543159484863
2025-09-09,16.0,17.293535,1.2935352325439453,8.084595203399658
2025-09-09,9.0,9.030189,0.030188560485839844,0.33542844984266496
2025-09-09,2.0,2.3139675,0.3139674663543701,15.698373317718506
2025-09-09,5.0,5.32525,0.32525014877319336,6.505002975463867
2025-09-09,19.0,20.38414,1.3841400146484375,7.2849474455180925
2025-09-09,3.0,2.6609256,0.33907437324523926,11.302479108174643
2025-09-09,11.0,10.78242,0.21757984161376953,1.9779985601251775
2025-09-09,7.0,6.9771433,0.022856712341308594,0.3265244620186942
2025-09-09,22.0,20.189342,1.8106575012207031,8.230261369185014
2025-09-10,19.0,20.254717,1.2547168731689453,6.60377301667866
2025-09-10,29.0,29.824274,0.8242740631103516,2.8423243555529365
2025-09-10,20.0,18.69594,1.3040599822998047,6.520299911499023
2025-09-10,8.0,9.006882,1.0068817138671875,12.586021423339844
2025-09-10,37.0,36.215107,0.7848930358886719,2.1213325294288428
2025-09-10,5.0,4.0631614,0.9368386268615723,18.736772537231445
2025-09-10,13.0,11.823148,1.1768522262573242,9.052709432748648
2025-09-10,13.0,12.668778,0.3312215805053711,2.5478583115797777
2025-09-10,4.0,3.798889,0.2011110782623291,5.0277769565582275
2025-09-10,5.0,5.3214464,0.32144641876220703,6.428928375244141
2025-09-10,23.0,21.812643,1.187356948852539,5.16242151675017
2025-09-11,23.0,21.812643,1.187356948852539,5.16242151675017
2025-09-11,6.0,6.9771433,0.9771432876586914,16.28572146097819
2025-09-11,2.0,2.6378334,0.6378333568572998,31.89166784286499
2025-09-11,6.0,5.3290153,0.6709847450256348,11.18307908376058
2025-09-11,11.0,10.78242,0.21757984161376953,1.9779985601251775
2025-09-11,23.0,24.31145,1.3114490509033203,5.701952395231827
2025-09-11,8.0,7.795954,0.20404577255249023,2.550572156906128
2025-09-11,10.0,7.8648148,2.1351852416992188,21.351852416992188
2025-09-11,17.0,16.626127,0.3738727569580078,2.199251511517693
2025-09-11,23.0,23.735632,0.7356319427490234,3.1983997510827105
2025-09-11,30.0,29.5177,0.4822998046875,1.607666015625
2025-09-11,1.0,1.3308711,0.3308711051940918,33.08711051940918
2025-09-12,19.0,17.935461,1.0645389556884766,5.602836608886719
2025-09-12,3.0,2.9072974,0.09270262718200684,3.090087572733561
2025-09-12,21.0,21.596807,0.5968074798583984,2.841940380278088
2025-09-12,28.0,26.96653,1.0334701538085938,3.690964835030692
2025-09-12,16.0,14.994366,1.0056343078613281,6.285214424133301
2025-09-12,10.0,9.006882,0.9931182861328125,9.931182861328125
2025-09-12,26.0,27.24209,1.2420902252197266,4.777270096998948
2025-09-12,13.0,12.668778,0.3312215805053711,2.5478583115797777
2025-09-12,7.0,7.5286074,0.5286073684692383,7.5515338352748325
2025-09-12,6.0,6.9771433,0.9771432876586914,16.28572146097819
2025-09-12,6.0,5.2938814,0.7061185836791992,11.768643061319986
2025-09-12,1.0,1.3308711,0.3308711051940918,33.08711051940918
2025-09-13,13.0,14.0674305,1.0674304962158203,8.211003817044771
2025-09-13,21.0,19.562618,1.4373817443847656,6.844674973260789
2025-09-13,4.0,3.8178313,0.18216872215270996,4.554218053817749
2025-09-13,3.0,2.8973193,0.10268068313598633,3.422689437866211
2025-09-13,13.0,12.691077,0.30892276763916016,2.3763289818396935
2025-09-13,3.0,2.9135687,0.08643126487731934,2.881042162577311
2025-09-13,18.0,16.662733,1.3372669219970703,7.429260677761501
2025-09-13,31.0,30.97738,0.022619247436523438,0.07296531431136592
2025-09-13,24.0,25.714281,1.7142810821533203,7.142837842305501
2025-09-13,14.0,15.298824,1.2988243103027344,9.277316502162389
2025-09-13,5.0,5.2358694,0.2358694076538086,4.717388153076172
2025-09-13,3.0,3.7227473,0.7227473258972168,24.091577529907227
2025-09-14,17.0,17.814734,0.8147335052490234,4.792550030876608
2025-09-14,2.0,2.802274,0.8022739887237549,40.113699436187744
2025-09-14,17.0,15.932139,1.0678606033325195,6.2815329607795265
2025-09-14,5.0,5.2358694,0.2358694076538086,4.717388153076172
2025-09-14,23.0,22.32901,0.670989990234375,2.9173477836277173
2025-09-14,15.0,14.776963,0.2230367660522461,1.4869117736816406
2025-09-14,3.0,2.797057,0.2029430866241455,6.764769554138184
2025-09-14,1.0,1.3469616,0.3469616174697876,34.69616174697876
2025-09-14,2.0,2.6539235,0.653923511505127,32.69617557525635
2025-09-14,27.0,28.045898,1.0458984375,3.8736979166666665
2025-09-14,27.0,24.748037,2.251962661743164,8.340602450900608
2025-09-14,3.0,2.9229817,0.07701826095581055,2.567275365193685
2025-09-15,5.0,5.743765,0.7437648773193359,14.875297546386719
2025-09-15,3.0,2.6609256,0.33907437324523926,11.302479108174643
2025-09-15,4.0,5.0602617,1.0602617263793945,26.506543159484863
2025-09-15,9.0,9.030189,0.030188560485839844,0.33542844984266496
2025-09-15,1.0,1.5857688,0.5857688188552856,58.576881885528564
2025-09-15,10.0,9.800808,0.19919204711914062,1.9919204711914062
2025-09-15,17.0,17.771526,0.7715263366699219,4.538390215705423
2025-09-15,8.0,7.795954,0.20404577255249023,2.550572156906128
2025-09-15,15.0,14.192519,0.8074808120727539,5.383205413818359
2025-09-15,3.0,2.7776077,0.22239232063293457,7.413077354431152
2025-09-15,17.0,18.402813,1.4028129577636719,8.251840928021599
2025-09-15,21.0,21.289272,0.2892723083496094,1.3774871826171875
2025-09-16,26.0,27.24209,1.2420902252197266,4.777270096998948
2025-09-16,11.0,9.92449,1.075510025024414,9.77736386385831
2025-09-16,2.0,2.0991414,0.09914135932922363,4.957067966461182
2025-09-16,16.0,17.293535,1.2935352325439453,8.084595203399658
2025-09-16,10.0,9.856683,0.14331722259521484,1.4331722259521484
2025-09-16,27.0,26.197098,0.8029022216796875,2.973711932146991
2025-09-16,1.0,1.3308711,0.3308711051940918,33.08711051940918
2025-09-16,12.0,13.723976,1.7239761352539062,14.366467793782553
2025-09-16,1.0,1.3308711,0.3308711051940918,33.08711051940918
2025-09-16,17.0,15.89554,1.1044597625732422,6.496822132783778
2025-09-16,6.0,5.3370986,0.6629014015197754,11.048356691996256
2025-09-16,23.0,21.537903,1.46209716796875,6.356944208559782
2025-09-17,12.0,11.730755,0.2692451477050781,2.2437095642089844
2025-09-17,15.0,14.548774,0.45122623443603516,3.0081748962402344
2025-09-17,22.0,20.163904,1.8360958099365234,8.345890045166016
2025-09-17,8.0,7.795954,0.20404577255249023,2.550572156906128
2025-09-17,6.0,6.9771433,0.9771432876586914,16.28572146097819
2025-09-17,7.0,6.1516857,0.8483142852783203,12.118775503976005
2025-09-17,3.0,3.703805,0.7038049697875977,23.46016565958659
2025-09-17,11.0,10.78242,0.21757984161376953,1.9779985601251775
2025-09-17,32.0,32.21273,0.21273040771484375,0.6647825241088867
2025-09-17,2.0,2.0991414,0.09914135932922363,4.957067966461182
2025-09-17,5.0,3.798889,1.201111078262329,24.022221565246582
2025-09-17,14.0,15.046861,1.046860694885254,7.477576392037528
2025-09-18,8.0,8.083846,0.0838460922241211,1.0480761528015137
2025-09-18,1.0,1.495237,0.49523699283599854,49.52369928359985
2025-09-18,1.0,1.3308711,0.3308711051940918,33.08711051940918
2025-09-18,5.0,6.023812,1.0238118171691895,20.47623634338379
2025-09-18,20.0,21.464794,1.4647941589355469,7.323970794677734
2025-09-18,9.0,8.883385,0.11661529541015625,1.2957255045572917
2025-09-18,2.0,2.0675957,0.0675957202911377,3.3797860145568848
2025-09-18,23.0,22.300272,0.6997280120849609,3.0422957047172217
2025-09-18,2.0,2.3417482,0.3417482376098633,17.087411880493164
2025-09-18,13.0,14.0772295,1.0772294998168945,8.286380767822266
2025-09-18,7.0,7.0170484,0.017048358917236328,0.24354798453194754
2025-09-18,3.0,2.6609256,0.33907437324523926,11.302479108174643
2025-09-19,26.0,22.317324,3.682676315307617,14.164139674260067
2025-09-19,5.0,5.3290153,0.32901525497436523,6.580305099487305
2025-09-19,2.0,2.6378334,0.6378333568572998,31.89166784286499
2025-09-19,14.0,13.723976,0.27602386474609375,1.9715990339006697
2025-09-19,21.0,21.596807,0.5968074798583984,2.841940380278088
2025-09-19,29.0,29.832502,0.8325023651123047,2.8706978107320853
2025-09-19,8.0,5.75215,2.247849941253662,28.098124265670776
2025-09-19,1.0,1.3308711,0.3308711051940918,33.08711051940918
2025-09-19,4.0,5.0602617,1.0602617263793945,26.506543159484863
2025-09-19,29.0,28.709377,0.2906227111816406,1.0021472799366917
2025-09-19,12.0,10.78242,1.2175798416137695,10.146498680114746
2025-09-19,12.0,11.730755,0.2692451477050781,2.2437095642089844
2025-09-20,13.0,12.602435,0.3975648880004883,3.0581914461576023
2025-09-20,3.0,2.9267466,0.07325339317321777,2.4417797724405923
2025-09-20,6.0,5.063906,0.936093807220459,15.601563453674316
2025-09-20,14.0,13.746275,0.2537250518798828,1.8123217991420202
2025-09-20,12.0,10.804719,1.1952810287475586,9.960675239562988
2025-09-20,3.0,2.677016,0.322983980178833,10.766132672627768
2025-09-20,20.0,18.687988,1.31201171875,6.56005859375
2025-09-20,18.0,18.60969,0.6096897125244141,3.387165069580078
2025-09-20,28.0,27.024414,0.9755859375,3.4842354910714284
2025-09-20,23.0,24.45893,1.4589290618896484,6.343169834302819
2025-09-20,10.0,10.804719,0.8047189712524414,8.047189712524414
2025-09-20,1.0,1.3469616,0.3469616174697876,34.69616174697876
2025-09-21,16.0,13.813505,2.186494827270508,13.665592670440674
2025-09-21,16.0,15.028492,0.9715080261230469,6.071925163269043
2025-09-21,6.0,6.999446,0.999445915222168,16.657431920369465
2025-09-21,15.0,14.776963,0.2230367660522461,1.4869117736816406
2025-09-21,13.0,14.113829,1.1138286590576172,8.56791276198167
2025-09-21,15.0,14.09953,0.9004697799682617,6.003131866455078
2025-09-21,5.0,5.351318,0.3513178825378418,7.026357650756836
2025-09-21,3.0,2.9135687,0.08643126487731934,2.881042162577311
2025-09-21,32.0,30.992987,1.0070133209228516,3.146916627883911
2025-09-21,2.0,2.6539235,0.653923511505127,32.69617557525635
2025-09-21,21.0,22.925383,1.9253826141357422,9.16848863874163
2025-09-22,26.0,23.407024,2.592975616455078,9.97298314021184
2025-09-22,6.0,5.3158374,0.6841626167297363,11.40271027882894
2025-09-22,17.0,17.771526,0.7715263366699219,4.538390215705423
2025-09-22,5.0,4.9785385,0.02146148681640625,0.429229736328125
2025-09-22,2.0,2.6378334,0.6378333568572998,31.89166784286499
2025-09-22,14.0,13.723976,0.27602386474609375,1.9715990339006697
2025-09-22,26.0,27.24209,1.2420902252197266,4.777270096998948
2025-09-22,10.0,10.78242,0.7824201583862305,7.824201583862305
2025-09-22,12.0,10.78242,1.2175798416137695,10.146498680114746
2025-09-22,29.0,28.709377,0.2906227111816406,1.0021472799366917
2025-09-22,8.0,7.081706,0.9182939529418945,11.478674411773682
2025-09-22,21.0,19.316061,1.683938980102539,8.018757048107329
2025-09-23,6.0,5.3370986,0.6629014015197754,11.048356691996256
2025-09-23,7.0,6.9771433,0.022856712341308594,0.3265244620186942
2025-09-23,7.0,7.795954,0.7959542274475098,11.370774677821569
2025-09-23,6.0,6.023812,0.023811817169189453,0.3968636194864909
2025-09-23,5.0,5.743765,0.7437648773193359,14.875297546386719
2025-09-23,4.0,3.9682593,0.031740665435791016,0.7935166358947754
2025-09-23,25.0,24.771992,0.22800827026367188,0.9120330810546875
2025-09-23,29.0,25.800024,3.1999759674072266,11.034399887611126
2025-09-23,22.0,23.361673,1.361673355102539,6.189424341375178
2025-09-23,20.0,18.69594,1.3040599822998047,6.520299911499023
2025-09-23,20.0,20.749334,0.7493343353271484,3.746671676635742
2025-09-23,6.0,4.990387,1.009613037109375,16.826883951822918
2025-09-24,19.0,20.254717,1.2547168731689453,6.60377301667866
2025-09-24,11.0,8.976989,2.0230112075805664,18.39101097800515
2025-09-24,5.0,6.0154266,1.0154266357421875,20.30853271484375
2025-09-24,13.0,12.668778,0.3312215805053711,2.5478583115797777
2025-09-24,23.0,20.912966,2.087034225463867,9.0740618498429
2025-09-24,5.0,5.743765,0.7437648773193359,14.875297546386719
2025-09-24,7.0,5.3408637,1.6591362953186035,23.70194707598005
2025-09-24,3.0,2.6609256,0.33907437324523926,11.302479108174643
2025-09-24,39.0,37.383453,1.616546630859375,4.144991361177885
2025-09-24,22.0,23.361673,1.361673355102539,6.189424341375178
2025-09-24,16.0,14.994366,1.0056343078613281,6.285214424133301
2025-09-24,13.0,11.823148,1.1768522262573242,9.052709432748648
2025-09-25,3.0,2.6609256,0.33907437324523926,11.302479108174643
2025-09-25,3.0,3.703805,0.7038049697875977,23.46016565958659
2025-09-25,18.0,16.892038,1.107961654663086,6.155342525906033
2025-09-25,7.0,8.4475975,1.4475975036621094,20.679964338030135
2025-09-25,9.0,9.030189,0.030188560485839844,0.33542844984266496
2025-09-25,21.0,22.785515,1.7855148315429688,8.502451578776041
2025-09-25,3.0,2.9035325,0.09646749496459961,3.215583165486654
2025-09-25,3.0,3.953378,0.9533779621124268,31.77926540374756
2025-09-25,17.0,16.801165,0.1988353729248047,1.1696198407341452
2025-09-25,6.0,5.3290153,0.6709847450256348,11.18307908376058
2025-09-25,13.0,11.823148,1.1768522262573242,9.052709432748648
2025-09-25,8.0,9.006882,1.0068817138671875,12.586021423339844
2025-09-26,4.0,4.054063,0.054062843322753906,1.3515710830688477
2025-09-26,17.0,15.9841,1.015899658203125,5.975880342371323
2025-09-26,13.0,12.668778,0.3312215805053711,2.5478583115797777
2025-09-26,5.0,4.0631614,0.9368386268615723,18.736772537231445
2025-09-26,22.0,21.640673,0.3593273162841797,1.6333059831099077
2025-09-26,7.0,7.795954,0.7959542274475098,11.370774677821569
2025-09-26,12.0,13.301997,1.301997184753418,10.849976539611816
2025-09-26,11.0,10.690027,0.30997276306152344,2.817934209650213
2025-09-26,25.0,26.080944,1.0809440612792969,4.3237762451171875
2025-09-26,11.0,9.92449,1.075510025024414,9.77736386385831
2025-09-27,33.0,33.536774,0.536773681640625,1.6265869140625
2025-09-27,26.0,23.719791,2.2802085876464844,8.770033029409555
2025-09-27,2.0,2.6539235,0.653923511505127,32.69617557525635
2025-09-27,14.0,13.746275,0.2537250518798828,1.8123217991420202
2025-09-27,1.0,1.3469616,0.3469616174697876,34.69616174697876
2025-09-27,8.0,6.1777534,1.8222465515136719,22.7780818939209
2025-09-27,29.0,28.78201,0.21799087524414062,0.7516926732556574
2025-09-27,10.0,9.029181,0.9708194732666016,9.708194732666016
2025-09-27,6.0,6.999446,0.999445915222168,16.657431920369465
2025-09-27,19.0,20.297924,1.2979240417480469,6.831179167094984
2025-09-27,8.0,7.1002436,0.8997564315795898,11.246955394744873
2025-09-27,18.0,16.662733,1.3372669219970703,7.429260677761501
2025-09-28,20.0,18.718338,1.2816619873046875,6.4083099365234375
2025-09-28,17.0,18.488953,1.48895263671875,8.758544921875
2025-09-28,8.0,7.818257,0.18174314498901367,2.271789312362671
2025-09-28,2.0,2.6539235,0.653923511505127,32.69617557525635
2025-09-28,10.0,9.878982,0.1210184097290039,1.210184097290039
2025-09-28,3.0,2.677016,0.322983980178833,10.766132672627768
2025-09-28,1.0,1.6089832,0.6089831590652466,60.89831590652466
2025-09-28,6.0,6.999446,0.999445915222168,16.657431920369465
2025-09-28,28.0,27.024414,0.9755859375,3.4842354910714284
2025-09-28,8.0,7.818257,0.18174314498901367,2.271789312362671
2025-09-28,3.0,2.9229817,0.07701826095581055,2.567275365193685
2025-09-28,18.0,18.60969,0.6096897125244141,3.387165069580078
2025-09-29,3.0,3.866878,0.8668780326843262,28.89593442281087
2025-09-29,13.0,14.822286,1.8222856521606445,14.017581939697266
2025-09-29,9.0,9.006882,0.0068817138671875,0.07646348741319445
2025-09-29,11.0,11.964177,0.964177131652832,8.765246651389383
2025-09-29,11.0,11.066678,0.06667804718017578,0.6061640652743253
2025-09-29,2.0,2.0991414,0.09914135932922363,4.957067966461182
2025-09-29,4.0,3.9682593,0.031740665435791016,0.7935166358947754
2025-09-29,5.0,5.3290153,0.32901525497436523,6.580305099487305
2025-09-29,3.0,3.863627,0.8636269569396973,28.787565231323242
2025-09-29,13.0,13.456778,0.45677757263183594,3.513673635629507
2025-09-29,7.0,7.0170484,0.017048358917236328,0.24354798453194754
2025-09-29,1.0,1.3308711,0.3308711051940918,33.08711051940918
2025-09-30,7.0,6.155451,0.8445491790771484,12.064988272530693
2025-09-30,4.0,4.7745266,0.7745265960693359,19.3631649017334
2025-09-30,1.0,1.3308711,0.3308711051940918,33.08711051940918
2025-09-30,31.0,30.904749,0.09525108337402344,0.30726155927104337
2025-09-30,17.0,15.9841,1.015899658203125,5.975880342371323
2025-09-30,12.0,13.723976,1.7239761352539062,14.366467793782553
2025-09-30,12.0,11.730755,0.2692451477050781,2.2437095642089844
2025-09-30,18.0,18.577156,0.5771560668945312,3.206422593858507
2025-09-30,27.0,27.917437,0.9174365997314453,3.3979133323386863
2025-09-30,17.0,15.89554,1.1044597625732422,6.496822132783778
2025-09-30,10.0,9.006882,0.9931182861328125,9.931182861328125
2025-09-30,5.0,4.0631614,0.9368386268615723,18.736772537231445
2025-10-01,19.0,18.077955,0.9220447540283203,4.852867126464844
2025-10-01,5.0,5.32525,0.32525014877319336,6.505002975463867
2025-10-01,10.0,10.78242,0.7824201583862305,7.824201583862305
2025-10-01,10.0,9.006882,0.9931182861328125,9.931182861328125
2025-10-01,4.0,3.9682593,0.031740665435791016,0.7935166358947754
2025-10-01,13.0,12.580136,0.4198637008666992,3.2297207758976865
2025-10-01,26.0,25.840374,0.15962600708007812,0.6139461810772235
2025-10-01,16.0,17.575298,1.5752983093261719,9.845614433288574
2025-10-01,1.0,1.3308711,0.3308711051940918,33.08711051940918
2025-10-01,17.0,17.7822,0.7821998596191406,4.601175644818475
2025-10-01,4.0,3.798889,0.2011110782623291,5.0277769565582275
2025-10-01,18.0,16.892038,1.107961654663086,6.155342525906033
2025-10-02,21.0,21.607481,0.6074810028076172,2.892766680036272
2025-10-02,36.0,34.844177,1.15582275390625,3.2106187608506946
2025-10-02,7.0,7.795954,0.7959542274475098,11.370774677821569
2025-10-02,2.0,2.0991414,0.09914135932922363,4.957067966461182
2025-10-02,21.0,22.785515,1.7855148315429688,8.502451578776041
2025-10-02,2.0,2.3139675,0.3139674663543701,15.698373317718506
2025-10-02,18.0,16.626127,1.3738727569580078,7.632626427544488
2025-10-02,14.0,12.189799,1.8102006912231445,12.930004937308174
2025-10-02,7.0,6.1516857,0.8483142852783203,12.118775503976005
2025-10-02,4.0,4.7745266,0.7745265960693359,19.3631649017334
2025-10-02,9.0,9.006882,0.0068817138671875,0.07646348741319445
2025-10-02,23.0,21.812643,1.187356948852539,5.16242151675017
2025-10-03,5.0,5.743765,0.7437648773193359,14.875297546386719
2025-10-03,7.0,7.795954,0.7959542274475098,11.370774677821569
2025-10-03,22.0,23.361673,1.361673355102539,6.189424341375178
2025-10-03,11.0,9.92449,1.075510025024414,9.77736386385831
2025-10-03,20.0,18.663727,1.336273193359375,6.681365966796875
2025-10-03,6.0,4.990387,1.009613037109375,16.826883951822918
2025-10-03,6.0,5.3290153,0.6709847450256348,11.18307908376058
2025-10-03,14.0,15.046861,1.046860694885254,7.477576392037528
2025-10-03,6.0,5.3370986,0.6629014015197754,11.048356691996256
2025-10-03,21.0,19.316061,1.683938980102539,8.018757048107329
2025-10-03,9.0,9.006882,0.0068817138671875,0.07646348741319445
2025-10-03,30.0,29.5177,0.4822998046875,1.607666015625
2025-10-04,30.0,30.217703,0.21770286560058594,0.7256762186686198
2025-10-04,7.0,6.1739883,0.8260116577148438,11.800166538783483
2025-10-04,4.0,4.7934704,0.7934703826904297,19.836759567260742
2025-10-04,19.0,17.972067,1.027933120727539,5.410174319618626
2025-10-04,8.0,9.029181,1.0291805267333984,12.86475658416748
2025-10-04,18.0,16.94665,1.0533504486083984,5.8519469367133246
2025-10-04,23.0,23.816425,0.8164253234863281,3.5496753195057744
2025-10-04,9.0,9.029181,0.029180526733398438,0.32422807481553817
2025-10-04,8.0,7.818257,0.18174314498901367,2.271789312362671
2025-10-04,31.0,30.97738,0.022619247436523438,0.07296531431136592
2025-10-04,1.0,1.6089832,0.6089831590652466,60.89831590652466
2025-10-04,5.0,4.9974823,0.0025177001953125,0.05035400390625
2025-10-05,26.0,26.528341,0.5283412933349609,2.0320818974421573
2025-10-05,16.0,14.93603,1.063969612121582,6.649810075759888
2025-10-05,6.0,5.359401,0.6405987739562988,10.67664623260498
2025-10-05,20.0,18.739147,1.2608528137207031,6.304264068603516
2025-10-05,12.0,10.804719,1.1952810287475586,9.960675239562988
2025-10-05,11.0,7.1107244,3.889275550842285,35.357050462202594
2025-10-05,10.0,10.613271,0.6132707595825195,6.132707595825195
2025-10-05,23.0,21.873856,1.1261444091796875,4.896280039911685
2025-10-05,3.0,2.677016,0.322983980178833,10.766132672627768
2025-10-05,20.0,19.853498,0.1465015411376953,0.7325077056884766
2025-10-05,30.0,30.230562,0.2305622100830078,0.7685407002766927
2025-10-05,11.0,12.212098,1.2120981216430664,11.019073833118785
2025-10-06,6.0,6.9771433,0.9771432876586914,16.28572146097819
2025-10-06,16.0,14.994366,1.0056343078613281,6.285214424133301
2025-10-06,10.0,9.800808,0.19919204711914062,1.9919204711914062
2025-10-06,1.0,1.5895337,0.5895336866378784,58.95336866378784
2025-10-06,22.0,21.640673,0.3593273162841797,1.6333059831099077
2025-10-06,5.0,5.32525,0.32525014877319336,6.505002975463867
2025-10-06,12.0,11.730755,0.2692451477050781,2.2437095642089844
2025-10-06,8.0,7.795954,0.20404577255249023,2.550572156906128
2025-10-06,9.0,10.265917,1.2659168243408203,14.065742492675781
2025-10-06,2.0,2.0991414,0.09914135932922363,4.957067966461182
2025-10-06,22.0,23.48408,1.484079360961914,6.745815277099609
2025-10-06,3.0,3.703805,0.7038049697875977,23.46016565958659
2025-10-07,21.0,22.999655,1.999654769897461,9.52216557094029
2025-10-07,9.0,9.030189,0.030188560485839844,0.33542844984266496
2025-10-07,2.0,2.3417482,0.3417482376098633,17.087411880493164
2025-10-07,4.0,3.798889,0.2011110782623291,5.0277769565582275
2025-10-07,1.0,1.3308711,0.3308711051940918,33.08711051940918
2025-10-07,22.0,21.640673,0.3593273162841797,1.6333059831099077
2025-10-07,20.0,20.749334,0.7493343353271484,3.746671676635742
2025-10-07,10.0,9.006882,0.9931182861328125,9.931182861328125
2025-10-07,14.0,13.851232,0.14876842498779297,1.062631607055664
2025-10-07,5.0,6.0154266,1.0154266357421875,20.30853271484375
2025-10-07,3.0,2.9072974,0.09270262718200684,3.090087572733561
2025-10-07,14.0,13.723976,0.27602386474609375,1.9715990339006697
2025-10-08,3.0,2.6609256,0.33907437324523926,11.302479108174643
2025-10-08,43.0,40.99929,2.0007095336914062,4.652812869049782
2025-10-08,9.0,6.155451,2.8445491790771484,31.606101989746094
2025-10-08,21.0,19.316061,1.683938980102539,8.018757048107329
2025-10-08,5.0,5.213567,0.21356678009033203,4.271335601806641
2025-10-08,12.0,13.723976,1.7239761352539062,14.366467793782553
2025-10-08,23.0,21.812643,1.187356948852539,5.16242151675017
2025-10-08,6.0,5.3370986,0.6629014015197754,11.048356691996256
2025-10-08,32.0,33.51663,1.5166282653808594,4.7394633293151855
2025-10-08,26.0,26.439936,0.43993568420410156,1.6920603238619292
2025-10-08,7.0,7.5286074,0.5286073684692383,7.5515338352748325
2025-10-08,13.0,12.668778,0.3312215805053711,2.5478583115797777
2025-10-09,5.0,5.213567,0.21356678009033203,4.271335601806641
2025-10-09,5.0,5.32525,0.32525014877319336,6.505002975463867
2025-10-09,5.0,4.0631614,0.9368386268615723,18.736772537231445
2025-10-09,11.0,10.78242,0.21757984161376953,1.9779985601251775
2025-10-09,1.0,1.3308711,0.3308711051940918,33.08711051940918
2025-10-09,24.0,23.490793,0.5092067718505859,2.121694882710775
2025-10-09,4.0,5.0602617,1.0602617263793945,26.506543159484863
2025-10-09,13.0,12.580136,0.4198637008666992,3.2297207758976865
2025-10-09,1.0,1.3308711,0.3308711051940918,33.08711051940918
2025-10-09,14.0,15.046861,1.046860694885254,7.477576392037528
2025-10-09,19.0,20.772253,1.7722530364990234,9.327647560521177
2025-10-09,15.0,14.192519,0.8074808120727539,5.383205413818359
2025-10-10,2.0,2.3139675,0.3139674663543701,15.698373317718506
2025-10-10,9.0,9.030189,0.030188560485839844,0.33542844984266496
2025-10-10,12.0,11.948224,0.05177593231201172,0.43146610260009766
2025-10-10,23.0,22.300272,0.6997280120849609,3.0422957047172217
2025-10-10,2.0,2.3417482,0.3417482376098633,17.087411880493164
2025-10-10,1.0,1.495237,0.49523699283599854,49.52369928359985
2025-10-10,18.0,20.381327,2.381326675415039,13.229592641194662
2025-10-10,3.0,2.6609256,0.33907437324523926,11.302479108174643
2025-10-10,2.0,2.7828245,0.7828245162963867,39.141225814819336
2025-10-10,1.0,1.3308711,0.3308711051940918,33.08711051940918
2025-10-10,8.0,9.316398,1.3163976669311523,16.454970836639404
2025-10-10,8.0,7.795954,0.20404577255249023,2.550572156906128
2025-10-11,6.0,6.999446,0.999445915222168,16.657431920369465
2025-10-11,17.0,16.662733,0.3372669219970703,1.9839230705710018
2025-10-11,7.0,7.547551,0.547551155090332,7.822159358433315
2025-10-11,33.0,32.247154,0.7528457641601562,2.281350800485322
2025-10-11,22.0,20.250555,1.7494449615478516,7.952022552490234
2025-10-11,12.0,11.845447,0.15455341339111328,1.2879451115926106
2025-10-11,9.0,7.1107244,1.8892755508422852,20.99195056491428
2025-10-11,32.0,33.075718,1.0757179260253906,3.3616185188293457
2025-10-11,3.0,2.9267466,0.07325339317321777,2.4417797724405923
2025-10-11,18.0,18.620363,0.6203632354736328,3.4464624192979603
2025-10-11,12.0,10.804719,1.1952810287475586,9.960675239562988
2025-10-12,11.0,12.212098,1.2120981216430664,11.019073833118785
2025-10-12,25.0,22.540112,2.459888458251953,9.839553833007812
2025-10-12,5.0,4.9974823,0.0025177001953125,0.05035400390625
2025-10-12,27.0,27.527771,0.52777099609375,1.9547073929398149
2025-10-12,20.0,18.739147,1.2608528137207031,6.304264068603516
2025-10-12,21.0,18.851566,2.1484336853027344,10.230636596679688
2025-10-12,39.0,37.408546,1.5914535522460938,4.080650133964343
2025-10-12,11.0,9.946789,1.0532112121582031,9.574647383256393
2025-10-12,9.0,7.1069593,1.893040657043457,21.033785078260635
2025-10-12,34.0,35.78334,1.7833404541015625,5.245118982651654
2025-10-12,5.0,4.085464,0.9145359992980957,18.290719985961914
2025-10-12,4.0,4.7934704,0.7934703826904297,19.836759567260742
2025-10-13,5.0,6.0154266,1.0154266357421875,20.30853271484375
2025-10-13,19.0,17.935461,1.0645389556884766,5.602836608886719
2025-10-13,16.0,14.994366,1.0056343078613281,6.285214424133301
2025-10-13,29.0,31.609236,2.6092357635498047,8.997364701895878
2025-10-13,23.0,22.300272,0.6997280120849609,3.0422957047172217
2025-10-13,1.0,1.3308711,0.3308711051940918,33.08711051940918
2025-10-13,6.0,6.694987,0.6949868202209473,11.583113670349121
2025-10-13,14.0,13.723976,0.27602386474609375,1.9715990339006697
2025-10-13,5.0,5.32525,0.32525014877319336,6.505002975463867
2025-10-13,15.0,15.9620075,0.9620075225830078,6.413383483886719
2025-10-13,7.0,6.9771433,0.022856712341308594,0.3265244620186942
2025-10-13,8.0,6.155451,1.8445491790771484,23.056864738464355
2025-10-14,8.0,9.006882,1.0068817138671875,12.586021423339844
2025-10-14,1.0,1.3308711,0.3308711051940918,33.08711051940918
2025-10-14,1.0,1.3308711,0.3308711051940918,33.08711051940918
2025-10-14,16.0,17.293535,1.2935352325439453,8.084595203399658
2025-10-14,17.0,16.626127,0.3738727569580078,2.199251511517693
2025-10-14,6.0,6.9704275,0.9704275131225586,16.173791885375977
2025-10-14,4.0,3.9682593,0.031740665435791016,0.7935166358947754
2025-10-14,18.0,21.235155,3.2351551055908203,17.973083919949
2025-10-14,9.0,8.883385,0.11661529541015625,1.2957255045572917
2025-10-14,20.0,18.663727,1.336273193359375,6.681365966796875
2025-10-14,25.0,24.771992,0.22800827026367188,0.9120330810546875
2025-10-14,9.0,7.0846567,1.9153432846069336,21.281592051188152
2025-10-15,9.0,9.030189,0.030188560485839844,0.33542844984266496
2025-10-15,6.0,6.9771433,0.9771432876586914,16.28572146097819
2025-10-15,6.0,5.3290153,0.6709847450256348,11.18307908376058
2025-10-15,8.0,7.795954,0.20404577255249023,2.550572156906128
2025-10-15,3.0,2.6609256,0.33907437324523926,11.302479108174643
2025-10-15,28.0,31.31599,3.315990447998047,11.842823028564453
2025-10-15,3.0,2.9035325,0.09646749496459961,3.215583165486654
2025-10-15,26.0,23.637592,2.362407684326172,9.086183401254507
2025-10-15,12.0,10.78242,1.2175798416137695,10.146498680114746
2025-10-15,32.0,30.920355,1.0796451568603516,3.3738911151885986
2025-10-15,22.0,22.85339,0.8533897399902344,3.8790442726828833
2025-10-15,6.0,6.694987,0.6949868202209473,11.583113670349121
2025-10-16,17.0,17.771526,0.7715263366699219,4.538390215705423
2025-10-16,11.0,13.36601,2.3660097122192383,21.509179201993074
2025-10-16,2.0,2.3417482,0.3417482376098633,17.087411880493164
2025-10-16,7.0,6.9771433,0.022856712341308594,0.3265244620186942
2025-10-16,3.0,2.6609256,0.33907437324523926,11.302479108174643
2025-10-16,11.0,9.92449,1.075510025024414,9.77736386385831
2025-10-16,21.0,19.501406,1.4985942840576172,7.136163257417225
2025-10-16,3.0,2.9072974,0.09270262718200684,3.090087572733561
2025-10-16,9.0,9.030189,0.030188560485839844,0.33542844984266496
2025-10-16,3.0,3.703805,0.7038049697875977,23.46016565958659
2025-10-16,7.0,7.795954,0.7959542274475098,11.370774677821569
2025-10-16,29.0,28.709377,0.2906227111816406,1.0021472799366917
2025-10-17,13.0,14.0772295,1.0772294998168945,8.286380767822266
2025-10-17,19.0,18.253,0.7469997406005859,3.931577582108347
2025-10-17,11.0,12.189799,1.1897993087768555,10.816357352516867
2025-10-17,1.0,1.3308711,0.3308711051940918,33.08711051940918
2025-10-17,26.0,27.634892,1.6348915100097656,6.28804426926833
2025-10-17,27.0,26.197098,0.8029022216796875,2.973711932146991
2025-10-17,13.0,11.823148,1.1768522262573242,9.052709432748648
2025-10-17,11.0,10.78242,0.21757984161376953,1.9779985601251775
2025-10-17,3.0,3.703805,0.7038049697875977,23.46016565958659
2025-10-17,21.0,19.316061,1.683938980102539,8.018757048107329
2025-10-17,1.0,1.5895337,0.5895336866378784,58.95336866378784
2025-10-17,3.0,2.9035325,0.09646749496459961,3.215583165486654
2025-10-18,8.0,7.818257,0.18174314498901367,2.271789312362671
2025-10-18,3.0,3.7227473,0.7227473258972168,24.091577529907227
2025-10-18,12.0,13.324296,1.324295997619629,11.035799980163574
2025-10-18,5.0,5.347553,0.3475527763366699,6.951055526733398
2025-10-18,9.0,9.946789,0.9467887878417969,10.519875420464409
2025-10-18,6.0,5.0093307,0.9906692504882812,16.511154174804688
2025-10-18,26.0,27.697674,1.6976737976074219,6.529514606182392
2025-10-18,34.0,32.811317,1.1886825561523438,3.496125165153952
2025-10-18,8.0,7.818257,0.18174314498901367,2.271789312362671
2025-10-18,6.0,6.9832926,0.9832925796508789,16.38820966084798
2025-10-18,5.0,4.085464,0.9145359992980957,18.290719985961914
2025-10-18,21.0,19.562618,1.4373817443847656,6.844674973260789
2025-10-19,8.0,9.029181,1.0291805267333984,12.86475658416748
2025-10-19,7.0,6.999446,0.0005540847778320312,0.007915496826171875
2025-10-19,6.0,7.453799,1.453798770904541,24.229979515075684
2025-10-19,5.0,5.7627087,0.7627086639404297,15.254173278808594
2025-10-19,2.0,2.1152318,0.11523175239562988,5.761587619781494
2025-10-19,10.0,9.823107,0.1768932342529297,1.7689323425292969
2025-10-19,14.0,13.891536,0.10846424102783203,0.7747445787702288
2025-10-19,11.0,10.712326,0.2876739501953125,2.6152177290482954
2025-10-19,8.0,6.1777534,1.8222465515136719,22.7780818939209
2025-10-19,4.0,4.0763655,0.07636547088623047,1.9091367721557617
2025-10-19,24.0,23.534216,0.46578407287597656,1.940766970316569
2025-10-19,20.0,21.78606,1.7860603332519531,8.930301666259766
2025-10-20,24.0,21.957006,2.0429935455322266,8.512473106384277
2025-10-20,15.0,15.802202,0.8022022247314453,5.348014831542969
2025-10-20,8.0,7.795954,0.20404577255249023,2.550572156906128
2025-10-20,31.0,32.25329,1.2532882690429688,4.042865384009577
2025-10-20,8.0,7.077941,0.9220590591430664,11.52573823928833
2025-10-20,32.0,30.920355,1.0796451568603516,3.3738911151885986
2025-10-20,20.0,18.69594,1.3040599822998047,6.520299911499023
2025-10-20,10.0,11.158136,1.1581363677978516,11.581363677978516
2025-10-20,11.0,10.78242,0.21757984161376953,1.9779985601251775
2025-10-20,5.0,6.1310325,1.1310324668884277,22.620649337768555
2025-10-20,2.0,2.0991414,0.09914135932922363,4.957067966461182
2025-10-20,8.0,6.155451,1.8445491790771484,23.056864738464355
2025-10-21,29.0,28.709377,0.2906227111816406,1.0021472799366917
2025-10-21,10.0,9.856683,0.14331722259521484,1.4331722259521484
2025-10-21,19.0,20.772253,1.7722530364990234,9.327647560521177
2025-10-21,4.0,5.161794,1.1617941856384277,29.044854640960693
2025-10-21,7.0,7.795954,0.7959542274475098,11.370774677821569
2025-10-21,11.0,10.78242,0.21757984161376953,1.9779985601251775
2025-10-21,4.0,3.798889,0.2011110782623291,5.0277769565582275
2025-10-21,13.0,11.823148,1.1768522262573242,9.052709432748648
2025-10-21,22.0,20.189342,1.8106575012207031,8.230261369185014
2025-10-21,18.0,18.577156,0.5771560668945312,3.206422593858507
2025-10-21,4.0,4.054063,0.054062843322753906,1.3515710830688477
2025-10-21,2.0,2.3139675,0.3139674663543701,15.698373317718506
2025-10-22,4.0,3.798889,0.2011110782623291,5.0277769565582275
2025-10-22,3.0,2.9072974,0.09270262718200684,3.090087572733561
2025-10-22,2.0,2.8842049,0.8842048645019531,44.210243225097656
2025-10-22,15.0,12.668778,2.331221580505371,15.54147720336914
2025-10-22,29.0,30.34604,1.3460407257080078,4.641519743820717
2025-10-22,19.0,17.935461,1.0645389556884766,5.602836608886719
2025-10-22,22.0,20.189342,1.8106575012207031,8.230261369185014
2025-10-22,8.0,7.795954,0.20404577255249023,2.550572156906128
2025-10-22,2.0,2.7828245,0.7828245162963867,39.141225814819336
2025-10-22,25.0,24.771992,0.22800827026367188,0.9120330810546875
2025-10-22,9.0,7.0846567,1.9153432846069336,21.281592051188152
2025-10-22,10.0,11.158136,1.1581363677978516,11.581363677978516
2025-10-23,9.0,9.006882,0.0068817138671875,0.07646348741319445
2025-10-23,6.0,6.023812,0.023811817169189453,0.3968636194864909
2025-10-23,22.0,21.640673,0.3593273162841797,1.6333059831099077
2025-10-23,11.0,10.690027,0.30997276306152344,2.817934209650213
2025-10-23,5.0,6.0154266,1.0154266357421875,20.30853271484375
2025-10-23,1.0,1.3308711,0.3308711051940918,33.08711051940918
2025-10-23,4.0,4.054063,0.054062843322753906,1.3515710830688477
2025-10-23,14.0,13.851232,0.14876842498779297,1.062631607055664
2025-10-23,4.0,3.9682593,0.031740665435791016,0.7935166358947754
2025-10-23,14.0,15.437198,1.4371976852416992,10.265697751726423
2025-10-23,16.0,18.139772,2.139772415161133,13.37357759475708
2025-10-24,6.0,6.96099,0.9609899520874023,16.016499201456707
2025-10-24,9.0,7.0846567,1.9153432846069336,21.281592051188152
2025-10-24,28.0,26.953554,1.0464458465576172,3.737306594848633
2025-10-24,3.0,2.9072974,0.09270262718200684,3.090087572733561
2025-10-24,19.0,20.493032,1.493032455444336,7.858065554970189
2025-10-24,3.0,3.863627,0.8636269569396973,28.787565231323242
2025-10-24,15.0,14.077231,0.9227685928344727,6.151790618896484
2025-10-24,19.0,20.772253,1.7722530364990234,9.327647560521177
2025-10-24,26.0,23.637592,2.362407684326172,9.086183401254507
2025-10-24,4.0,3.798889,0.2011110782623291,5.0277769565582275
2025-10-24,3.0,3.9548972,0.9548971652984619,31.82990550994873
2025-10-24,10.0,9.006882,0.9931182861328125,9.931182861328125
2025-10-25,12.0,13.746275,1.7462749481201172,14.55229123433431
2025-10-25,18.0,16.826542,1.1734580993652344,6.519211663140191
2025-10-25,23.0,21.873856,1.1261444091796875,4.896280039911685
2025-10-25,30.0,29.577356,0.42264366149902344,1.4088122049967449
2025-10-25,5.0,4.9974823,0.0025177001953125,0.05035400390625
2025-10-25,8.0,7.1002436,0.8997564315795898,11.246955394744873
2025-10-25,4.0,3.9877088,0.012291193008422852,0.3072798252105713
2025-10-25,20.0,18.739147,1.2608528137207031,6.304264068603516
2025-10-25,15.0,12.691077,2.30892276763916,15.392818450927734
2025-10-25,2.0,2.8904765,0.8904764652252197,44.523823261260986
2025-10-25,36.0,37.45871,1.458709716796875,4.051971435546875
2025-10-25,28.0,28.19269,0.1926898956298828,0.6881781986781529
2025-10-26,7.0,7.818257,0.8182568550109863,11.689383643014091
2025-10-26,6.0,5.359401,0.6405987739562988,10.67664623260498
2025-10-26,11.0,10.712326,0.2876739501953125,2.6152177290482954
2025-10-26,8.0,7.818257,0.18174314498901367,2.271789312362671
2025-10-26,4.0,3.8178313,0.18216872215270996,4.554218053817749
2025-10-26,3.0,2.9267466,0.07325339317321777,2.4417797724405923
2025-10-26,25.0,26.533873,1.5338726043701172,6.135490417480469
2025-10-26,2.0,2.7739644,0.7739644050598145,38.69822025299072
2025-10-26,21.0,19.562618,1.4373817443847656,6.844674973260789
2025-10-26,14.0,13.746275,0.2537250518798828,1.8123217991420202
2025-10-26,18.0,18.289097,0.2890968322753906,1.606093512641059
2025-10-26,18.0,18.60969,0.6096897125244141,3.387165069580078
2025-10-27,20.0,18.663727,1.336273193359375,6.681365966796875
2025-10-27,5.0,4.0631614,0.9368386268615723,18.736772537231445
2025-10-27,6.0,5.3370986,0.6629014015197754,11.048356691996256
2025-10-27,19.0,21.054863,2.0548629760742188,10.815068295127467
2025-10-27,7.0,6.9771433,0.022856712341308594,0.3265244620186942
2025-10-27,8.0,9.316398,1.3163976669311523,16.454970836639404
2025-10-27,7.0,7.795954,0.7959542274475098,11.370774677821569
2025-10-27,3.0,3.866878,0.8668780326843262,28.89593442281087
2025-10-27,2.0,2.0991414,0.09914135932922363,4.957067966461182
2025-10-27,18.0,18.253489,0.25348854064941406,1.4082696702745225
2025-10-27,1.0,1.4504294,0.45042943954467773,45.04294395446777
2025-10-27,8.0,8.831167,0.8311672210693359,10.3895902633667
2025-10-28,15.0,14.740364,0.25963592529296875,1.7309061686197917
2025-10-28,5.0,4.9785385,0.02146148681640625,0.429229736328125
2025-10-28,1.0,1.3436028,0.3436027765274048,34.36027765274048
2025-10-28,25.0,28.225883,3.2258834838867188,12.903533935546875
2025-10-28,29.0,28.696402,0.30359840393066406,1.0468910480367726
2025-10-28,22.0,22.864063,0.8640632629394531,3.9275602860884233
2025-10-28,7.0,6.1516857,0.8483142852783203,12.118775503976005
2025-10-28,5.0,6.0154266,1.0154266357421875,20.30853271484375
2025-10-28,9.0,8.883385,0.11661529541015625,1.2957255045572917
2025-10-28,5.0,4.0631614,0.9368386268615723,18.736772537231445
2025-10-28,6.0,6.9704275,0.9704275131225586,16.173791885375977
2025-10-28,15.0,14.192519,0.8074808120727539,5.383205413818359
2025-10-29,18.0,18.566483,0.5664825439453125,3.147125244140625
2025-10-29,4.0,4.054063,0.054062843322753906,1.3515710830688477
2025-10-29,2.0,2.650565,0.6505649089813232,32.52824544906616
2025-10-29,21.0,23.836597,2.836597442626953,13.507606869652157
2025-10-29,8.0,9.006882,1.0068817138671875,12.586021423339844
2025-10-29,12.0,11.730755,0.2692451477050781,2.2437095642089844
2025-10-29,9.0,9.006882,0.0068817138671875,0.07646348741319445
2025-10-29,2.0,2.0991414,0.09914135932922363,4.957067966461182
2025-10-29,9.0,8.883385,0.11661529541015625,1.2957255045572917
2025-10-29,34.0,32.763206,1.2367935180664062,3.6376279943129597
2025-10-29,16.0,14.994366,1.0056343078613281,6.285214424133301
2025-10-29,3.0,2.9072974,0.09270262718200684,3.090087572733561
2025-10-30,10.0,9.800808,0.19919204711914062,1.9919204711914062
2025-10-30,19.0,20.254717,1.2547168731689453,6.60377301667866
2025-10-30,23.0,22.300272,0.6997280120849609,3.0422957047172217
2025-10-30,4.0,4.054063,0.054062843322753906,1.3515710830688477
2025-10-30,22.0,20.189342,1.8106575012207031,8.230261369185014
2025-10-30,2.0,2.0991414,0.09914135932922363,4.957067966461182
2025-10-30,4.0,3.9682593,0.031740665435791016,0.7935166358947754
2025-10-30,1.0,1.3308711,0.3308711051940918,33.08711051940918
2025-10-30,9.0,8.883385,0.11661529541015625,1.2957255045572917
2025-10-30,27.0,30.928041,3.928041458129883,14.548301696777344
2025-10-30,3.0,3.863627,0.8636269569396973,28.787565231323242
2025-10-30,18.0,16.626127,1.3738727569580078,7.632626427544488
2025-10-31,3.0,2.9072974,0.09270262718200684,3.090087572733561
2025-10-31,15.0,14.548774,0.45122623443603516,3.0081748962402344
2025-10-31,1.0,1.3308711,0.3308711051940918,33.08711051940918
2025-10-31,15.0,17.994186,2.9941864013671875,19.96124267578125
2025-10-31,2.0,2.3417482,0.3417482376098633,17.087411880493164
2025-10-31,22.0,22.85339,0.8533897399902344,3.8790442726828833
2025-10-31,14.0,13.851232,0.14876842498779297,1.062631607055664
2025-10-31,5.0,6.023812,1.0238118171691895,20.47623634338379
2025-10-31,2.0,2.0991414,0.09914135932922363,4.957067966461182
2025-10-31,12.0,11.730755,0.2692451477050781,2.2437095642089844
2025-10-31,3.0,3.863627,0.8636269569396973,28.787565231323242
2025-10-31,6.0,6.023812,0.023811817169189453,0.3968636194864909
2025-11-01,18.0,18.743605,0.7436046600341797,4.131137000189887
2025-11-01,44.0,47.787384,3.787384033203125,8.607690984552557
2025-11-01,6.0,5.351318,0.6486821174621582,10.811368624369303
2025-11-01,45.0,35.8331,9.166900634765625,20.370890299479168
2025-11-01,8.0,8.799532,0.7995319366455078,9.994149208068848
2025-11-01,17.0,14.93603,2.063969612121582,12.140997718362247
2025-11-01,12.0,9.112021,2.8879785537719727,24.066487948099773
2025-11-01,20.0,18.114561,1.8854389190673828,9.427194595336914
2025-11-01,6.0,5.0093307,0.9906692504882812,16.511154174804688
2025-11-01,41.0,37.83682,3.1631813049316406,7.715076353491806
2025-11-01,27.0,24.46503,2.5349693298339844,9.388775295681423
2025-11-01,47.0,43.93509,3.064910888671875,6.521086997174202
2025-11-02,21.0,18.851566,2.1484336853027344,10.230636596679688
2025-11-02,6.0,5.0093307,0.9906692504882812,16.511154174804688
2025-11-02,7.0,7.818257,0.8182568550109863,11.689383643014091
2025-11-02,11.0,11.975802,0.9758024215698242,8.87093110518022
2025-11-02,12.0,9.112021,2.8879785537719727,24.066487948099773
2025-11-02,23.0,26.948093,3.9480934143066406,17.165623540463656
2025-11-02,22.0,20.956501,1.0434989929199219,4.7431772405451
2025-11-02,2.0,2.3334167,0.3334167003631592,16.67083501815796
2025-11-02,32.0,30.992987,1.0070133209228516,3.146916627883911
2025-11-02,8.0,8.799532,0.7995319366455078,9.994149208068848
2025-11-02,9.0,8.9056835,0.09431648254394531,1.047960917154948
2025-11-02,24.0,22.018219,1.981781005859375,8.257420857747396
2025-11-03,15.0,14.077231,0.9227685928344727,6.151790618896484
2025-11-03,7.0,5.75215,1.247849941253662,17.826427732195175
2025-11-03,20.0,18.663727,1.336273193359375,6.681365966796875
2025-11-03,7.0,7.0170484,0.017048358917236328,0.24354798453194754
2025-11-03,4.0,5.161794,1.1617941856384277,29.044854640960693
2025-11-03,9.0,8.883385,0.11661529541015625,1.2957255045572917
2025-11-03,7.0,7.795954,0.7959542274475098,11.370774677821569
2025-11-03,5.0,4.0631614,0.9368386268615723,18.736772537231445
2025-11-03,26.0,25.840374,0.15962600708007812,0.6139461810772235
2025-11-03,4.0,4.050259,0.05025911331176758,1.2564778327941895
2025-11-03,19.0,20.254717,1.2547168731689453,6.60377301667866
2025-11-03,22.0,25.128645,3.1286449432373047,14.221113378351385
2025-11-04,3.0,2.9035325,0.09646749496459961,3.215583165486654
2025-11-04,18.0,16.892038,1.107961654663086,6.155342525906033
2025-11-04,22.0,25.128645,3.1286449432373047,14.221113378351385
2025-11-04,2.0,2.6378334,0.6378333568572998,31.89166784286499
2025-11-04,7.0,6.9771433,0.022856712341308594,0.3265244620186942
2025-11-04,13.0,13.456778,0.45677757263183594,3.513673635629507
2025-11-04,6.0,5.3290153,0.6709847450256348,11.18307908376058
2025-11-04,7.0,7.795954,0.7959542274475098,11.370774677821569
2025-11-04,8.0,8.831167,0.8311672210693359,10.3895902633667
2025-11-04,10.0,9.800808,0.19919204711914062,1.9919204711914062
2025-11-04,13.0,14.0772295,1.0772294998168945,8.286380767822266
2025-11-05,22.0,22.85339,0.8533897399902344,3.8790442726828833
2025-11-05,6.0,6.9771433,0.9771432876586914,16.28572146097819
2025-11-05,14.0,13.702252,0.2977476119995117,2.1267686571393694
2025-11-05,2.0,2.0991414,0.09914135932922363,4.957067966461182
2025-11-05,14.0,12.189799,1.8102006912231445,12.930004937308174
2025-11-05,22.0,19.544533,2.4554672241210938,11.16121465509588
2025-11-05,12.0,11.823148,0.17685222625732422,1.4737685521443684
2025-11-05,7.0,6.147882,0.8521180152893066,12.173114504132952
2025-11-05,1.0,1.5895337,0.5895336866378784,58.95336866378784
2025-11-05,2.0,2.6378334,0.6378333568572998,31.89166784286499
2025-11-05,31.0,30.904749,0.09525108337402344,0.30726155927104337
2025-11-05,24.0,28.266497,4.266496658325195,17.777069409688313
2025-11-06,12.0,11.730755,0.2692451477050781,2.2437095642089844
2025-11-06,2.0,2.3139675,0.3139674663543701,15.698373317718506
2025-11-06,23.0,26.124092,3.1240921020507812,13.583009139351223
2025-11-06,9.0,9.006882,0.0068817138671875,0.07646348741319445
2025-11-06,1.0,1.3308711,0.3308711051940918,33.08711051940918
2025-11-06,8.0,9.006882,1.0068817138671875,12.586021423339844
2025-11-06,25.0,24.771992,0.22800827026367188,0.9120330810546875
2025-11-06,6.0,5.333295,0.6667051315307617,11.111752192179361
2025-11-06,2.0,2.0991414,0.09914135932922363,4.957067966461182
2025-11-06,12.0,11.948224,0.05177593231201172,0.43146610260009766
2025-11-06,6.0,6.023812,0.023811817169189453,0.3968636194864909
2025-11-06,9.0,10.265917,1.2659168243408203,14.065742492675781
2025-11-07,6.0,6.9771433,0.9771432876586914,16.28572146097819
2025-11-07,31.0,30.904749,0.09525108337402344,0.30726155927104337
2025-11-07,15.0,14.740364,0.25963592529296875,1.7309061686197917
2025-11-07,14.0,15.046861,1.046860694885254,7.477576392037528
2025-11-07,14.0,13.851232,0.14876842498779297,1.062631607055664
2025-11-07,13.0,15.45436,2.454360008239746,18.87969237107497
2025-11-07,6.0,6.023812,0.023811817169189453,0.3968636194864909
2025-11-07,6.0,6.9704275,0.9704275131225586,16.173791885375977
2025-11-07,2.0,2.0991414,0.09914135932922363,4.957067966461182
2025-11-07,7.0,6.130707,0.869293212890625,12.418474469866071
2025-11-07,7.0,5.3408637,1.6591362953186035,23.70194707598005
2025-11-07,2.0,2.6378334,0.6378333568572998,31.89166784286499
2025-11-08,27.0,30.858952,3.8589515686035156,14.292413217050058
2025-11-08,7.0,7.547551,0.547551155090332,7.822159358433315
2025-11-08,27.0,26.262117,0.7378826141357422,2.732898570873119
2025-11-08,1.0,1.3469616,0.3469616174697876,34.69616174697876
2025-11-08,11.0,9.946789,1.0532112121582031,9.574647383256393
2025-11-08,13.0,14.113829,1.1138286590576172,8.56791276198167
2025-11-08,16.0,14.93603,1.063969612121582,6.649810075759888
2025-11-08,8.0,9.029181,1.0291805267333984,12.86475658416748
2025-11-08,13.0,12.602435,0.3975648880004883,3.0581914461576023
2025-11-08,16.0,15.04897,0.9510297775268555,5.943936109542847
2025-11-08,5.0,4.085464,0.9145359992980957,18.290719985961914
2025-11-08,5.0,5.3043356,0.3043355941772461,6.086711883544922
2025-11-09,3.0,2.677016,0.322983980178833,10.766132672627768
2025-11-09,15.0,14.232823,0.767176628112793,5.114510854085286
2025-11-09,16.0,14.93603,1.063969612121582,6.649810075759888
2025-11-09,11.0,12.212098,1.2120981216430664,11.019073833118785
2025-11-09,19.0,17.972067,1.027933120727539,5.410174319618626
2025-11-09,10.0,9.029181,0.9708194732666016,9.708194732666016
2025-11-09,36.0,34.86953,1.1304702758789062,3.1401952107747397
2025-11-09,13.0,7.9118614,5.088138580322266,39.139527540940506
2025-11-09,24.0,24.77788,0.7778797149658203,3.2411654790242515
2025-11-09,5.0,5.7627087,0.7627086639404297,15.254173278808594
2025-11-09,43.0,45.77331,2.7733116149902344,6.449561895326126
2025-11-09,10.0,7.8871174,2.112882614135742,21.128826141357422
2025-11-10,7.0,6.9771433,0.022856712341308594,0.3265244620186942
2025-11-10,16.0,14.994366,1.0056343078613281,6.285214424133301
2025-11-10,3.0,2.9072974,0.09270262718200684,3.090087572733561
2025-11-10,23.0,26.14222,3.1422195434570312,13.661824101987092
2025-11-10,27.0,26.197098,0.8029022216796875,2.973711932146991
2025-11-10,3.0,2.6609256,0.33907437324523926,11.302479108174643
2025-11-10,1.0,1.3308711,0.3308711051940918,33.08711051940918
2025-11-10,6.0,5.3161197,0.6838803291320801,11.398005485534668
2025-11-10,8.0,7.795954,0.20404577255249023,2.550572156906128
2025-11-10,3.0,3.863627,0.8636269569396973,28.787565231323242
2025-11-10,17.0,17.771526,0.7715263366699219,4.538390215705423
2025-11-10,8.0,8.831167,0.8311672210693359,10.3895902633667
2025-11-11,5.0,6.023812,1.0238118171691895,20.47623634338379
2025-11-11,3.0,3.863627,0.8636269569396973,28.787565231323242
2025-11-11,2.0,2.6378334,0.6378333568572998,31.89166784286499
2025-11-11,2.0,2.0991414,0.09914135932922363,4.957067966461182
2025-11-11,18.0,18.253489,0.25348854064941406,1.4082696702745225
2025-11-11,8.0,8.831167,0.8311672210693359,10.3895902633667
2025-11-11,14.0,13.851232,0.14876842498779297,1.062631607055664
2025-11-11,5.0,4.0631614,0.9368386268615723,18.736772537231445
2025-11-11,3.0,2.87787,0.12212991714477539,4.07099723815918
2025-11-11,14.0,16.339022,2.339021682739258,16.707297733851842
2025-11-11,9.0,10.265917,1.2659168243408203,14.065742492675781
2025-11-11,7.0,6.9771433,0.022856712341308594,0.3265244620186942
2025-11-12,20.0,20.749334,0.7493343353271484,3.746671676635742
2025-11-12,2.0,2.6378334,0.6378333568572998,31.89166784286499
2025-11-12,1.0,1.3308711,0.3308711051940918,33.08711051940918
2025-11-12,22.0,24.121443,2.1214427947998047,9.642921794544566
2025-11-12,25.0,24.771992,0.22800827026367188,0.9120330810546875
2025-11-12,4.0,5.0602617,1.0602617263793945,26.506543159484863
2025-11-12,23.0,21.812643,1.187356948852539,5.16242151675017
2025-11-12,2.0,2.3139675,0.3139674663543701,15.698373317718506
2025-11-12,14.0,13.702252,0.2977476119995117,2.1267686571393694
2025-11-12,16.0,14.899431,1.1005687713623047,6.878554821014404
2025-11-12,5.0,5.32525,0.32525014877319336,6.505002975463867
2025-11-12,11.0,9.92449,1.075510025024414,9.77736386385831
2025-11-13,8.0,9.006882,1.0068817138671875,12.586021423339844
2025-11-13,3.0,2.6609256,0.33907437324523926,11.302479108174643
2025-11-13,25.0,26.620817,1.6208171844482422,6.483268737792969
2025-11-13,1.0,1.3308711,0.3308711051940918,33.08711051940918
2025-11-13,10.0,9.856683,0.14331722259521484,1.4331722259521484
2025-11-13,5.0,5.213567,0.21356678009033203,4.271335601806641
2025-11-13,4.0,3.9682593,0.031740665435791016,0.7935166358947754
2025-11-13,26.0,25.840374,0.15962600708007812,0.6139461810772235
2025-11-13,10.0,9.800808,0.19919204711914062,1.9919204711914062
2025-11-13,19.0,18.253,0.7469997406005859,3.931577582108347
2025-11-13,19.0,20.26539,1.265390396118164,6.659949453253495
2025-11-13,10.0,7.88199,2.1180100440979004,21.180100440979004
2025-11-14,20.0,22.741928,2.7419281005859375,13.709640502929688
2025-11-14,18.0,18.253489,0.25348854064941406,1.4082696702745225
2025-11-14,13.0,12.580136,0.4198637008666992,3.2297207758976865
2025-11-14,12.0,10.78242,1.2175798416137695,10.146498680114746
2025-11-14,2.0,2.0991414,0.09914135932922363,4.957067966461182
2025-11-14,3.0,2.9072974,0.09270262718200684,3.090087572733561
2025-11-14,9.0,7.0106645,1.989335536956787,22.103728188408745
2025-11-14,20.0,18.663727,1.336273193359375,6.681365966796875
2025-11-14,5.0,5.743765,0.7437648773193359,14.875297546386719
2025-11-14,10.0,9.800808,0.19919204711914062,1.9919204711914062
2025-11-14,9.0,9.92449,0.9244899749755859,10.272110833062065
2025-11-14,18.0,18.566483,0.5664825439453125,3.147125244140625
2025-11-15,15.0,12.691077,2.30892276763916,15.392818450927734
2025-11-15,18.0,18.289097,0.2890968322753906,1.606093512641059
2025-11-15,4.0,5.0825644,1.082564353942871,27.064108848571777
2025-11-15,5.0,6.0461144,1.046114444732666,20.92228889465332
2025-11-15,14.0,13.724551,0.2754487991333008,1.9674914223807198
2025-11-15,6.0,7.453799,1.453798770904541,24.229979515075684
2025-11-15,2.0,2.3334167,0.3334167003631592,16.67083501815796
2025-11-15,13.0,15.440756,2.440755844116211,18.775044954740086
2025-11-15,6.0,5.2906356,0.7093644142150879,11.822740236918131
2025-11-15,9.0,9.393531,0.39353084564208984,4.372564951578776
2025-11-15,3.0,3.7227473,0.7227473258972168,24.091577529907227
2025-11-15,2.0,2.1152318,0.11523175239562988,5.761587619781494
2025-11-16,6.0,6.7139306,0.713930606842041,11.89884344736735
2025-11-16,8.0,9.029181,1.0291805267333984,12.86475658416748
2025-11-16,16.0,15.763995,0.23600482940673828,1.4750301837921143
2025-11-16,2.0,2.3334167,0.3334167003631592,16.67083501815796
2025-11-16,32.0,30.992987,1.0070133209228516,3.146916627883911
2025-11-16,13.0,14.124502,1.124502182006836,8.650016784667969
2025-11-16,11.0,9.946789,1.0532112121582031,9.574647383256393
2025-11-16,26.0,27.755095,1.7550945281982422,6.750363569993239
2025-11-16,16.0,14.93603,1.063969612121582,6.649810075759888
2025-11-16,27.0,24.748037,2.251962661743164,8.340602450900608
2025-11-16,2.0,2.315663,0.31566309928894043,15.783154964447021
2025-11-17,23.0,23.735632,0.7356319427490234,3.1983997510827105
2025-11-17,9.0,8.883385,0.11661529541015625,1.2957255045572917
2025-11-17,18.0,16.626127,1.3738727569580078,7.632626427544488
2025-11-17,8.0,7.795954,0.20404577255249023,2.550572156906128
2025-11-17,9.0,7.0018177,1.9981822967529297,22.202025519476997
2025-11-17,28.0,24.586496,3.413503646850586,12.191084453037806
2025-11-17,5.0,5.743765,0.7437648773193359,14.875297546386719
2025-11-17,7.0,7.795954,0.7959542274475098,11.370774677821569
2025-11-17,32.0,30.920355,1.0796451568603516,3.3738911151885986
2025-11-17,3.0,2.6609256,0.33907437324523926,11.302479108174643
2025-11-17,27.0,28.570976,1.5709762573242188,5.818430582682292
2025-11-18,6.0,5.268333,0.7316670417785645,12.194450696309408
2025-11-18,12.0,10.78242,1.2175798416137695,10.146498680114746
2025-11-18,7.0,7.795954,0.7959542274475098,11.370774677821569
2025-11-18,22.0,23.575813,1.5758132934570312,7.16278769753196
2025-11-18,14.0,13.702252,0.2977476119995117,2.1267686571393694
2025-11-18,31.0,30.904749,0.09525108337402344,0.30726155927104337
2025-11-18,4.0,3.9682593,0.031740665435791016,0.7935166358947754
2025-11-18,17.0,15.89554,1.1044597625732422,6.496822132783778
2025-11-18,3.0,3.703805,0.7038049697875977,23.46016565958659
2025-11-18,20.0,20.749334,0.7493343353271484,3.746671676635742
2025-11-18,17.0,15.9841,1.015899658203125,5.975880342371323
2025-11-19,6.0,7.4318137,1.4318137168884277,23.86356194814046
2025-11-19,11.0,11.953504,0.9535036087036133,8.668214624578303
2025-11-19,26.0,25.840374,0.15962600708007812,0.6139461810772235
2025-11-19,1.0,1.3308711,0.3308711051940918,33.08711051940918
2025-11-19,2.0,2.3139675,0.3139674663543701,15.698373317718506
2025-11-19,6.0,6.9771433,0.9771432876586914,16.28572146097819
2025-11-19,13.0,15.1236725,2.1236724853515625,16.33594219501202
2025-11-19,3.0,3.703805,0.7038049697875977,23.46016565958659
2025-11-19,8.0,7.795954,0.20404577255249023,2.550572156906128
2025-11-19,5.0,6.023812,1.0238118171691895,20.47623634338379
2025-11-19,2.0,2.2885604,0.2885603904724121,14.428019523620605
2025-11-19,9.0,9.030189,0.030188560485839844,0.33542844984266496
2025-11-20,4.0,4.7745266,0.7745265960693359,19.3631649017334
2025-11-20,8.0,7.795954,0.20404577255249023,2.550572156906128
2025-11-20,17.0,17.771526,0.7715263366699219,4.538390215705423
2025-11-20,14.0,13.851232,0.14876842498779297,1.062631607055664
2025-11-20,5.0,5.2653313,0.2653312683105469,5.3066253662109375
2025-11-20,32.0,32.225594,0.22559356689453125,0.7049798965454102
2025-11-20,5.0,6.0154266,1.0154266357421875,20.30853271484375
2025-11-20,1.0,1.3308711,0.3308711051940918,33.08711051940918
2025-11-20,9.0,9.006882,0.0068817138671875,0.07646348741319445
2025-11-20,25.0,24.771992,0.22800827026367188,0.9120330810546875
2025-11-20,9.0,9.030189,0.030188560485839844,0.33542844984266496
2025-11-21,15.0,17.353188,2.3531875610351562,15.687917073567709
2025-11-21,18.0,16.892038,1.107961654663086,6.155342525906033
2025-11-21,5.0,5.2653313,0.2653312683105469,5.3066253662109375
2025-11-21,8.0,7.795954,0.20404577255249023,2.550572156906128
2025-11-21,17.0,16.801165,0.1988353729248047,1.1696198407341452
2025-11-21,3.0,2.9072974,0.09270262718200684,3.090087572733561
2025-11-21,12.0,11.730755,0.2692451477050781,2.2437095642089844
2025-11-21,2.0,2.6378334,0.6378333568572998,31.89166784286499
2025-11-21,3.0,3.866878,0.8668780326843262,28.89593442281087
2025-11-21,3.0,2.6609256,0.33907437324523926,11.302479108174643
2025-11-21,8.0,9.316398,1.3163976669311523,16.454970836639404
2025-11-21,4.0,5.0602617,1.0602617263793945,26.506543159484863
2025-11-22,3.0,3.7227473,0.7227473258972168,24.091577529907227
2025-11-22,18.0,16.822449,1.17755126953125,6.541951497395833
2025-11-22,5.0,5.3043356,0.3043355941772461,6.086711883544922
2025-11-22,28.0,28.891808,0.8918075561523438,3.1850269862583707
2025-11-22,7.0,5.771094,1.2289061546325684,17.555802209036692
2025-11-22,19.0,17.972067,1.027933120727539,5.410174319618626
2025-11-22,6.0,6.0461144,0.046114444732666016,0.768574078877767
2025-11-22,15.0,14.09953,0.9004697799682617,6.003131866455078
2025-11-22,26.0,25.905394,0.09460639953613281,0.3638707674466647
2025-11-22,4.0,5.0825644,1.082564353942871,27.064108848571777
2025-11-22,23.0,23.816425,0.8164253234863281,3.5496753195057744
2025-11-22,5.0,4.085464,0.9145359992980957,18.290719985961914
2025-11-23,17.0,16.662733,0.3372669219970703,1.9839230705710018
2025-11-23,9.0,7.0859804,1.9140195846557617,21.266884273952908
2025-11-23,32.0,30.992987,1.0070133209228516,3.146916627883911
2025-11-23,30.0,25.96625,4.033750534057617,13.44583511352539
2025-11-23,6.0,6.999446,0.999445915222168,16.657431920369465
2025-11-23,15.0,15.998614,0.9986143112182617,6.657428741455078
2025-11-23,19.0,20.443216,1.443216323852539,7.595875388697574
2025-11-23,13.0,12.691077,0.30892276763916016,2.3763289818396935
2025-11-23,2.0,2.1152318,0.11523175239562988,5.761587619781494
2025-11-23,15.0,12.691077,2.30892276763916,15.392818450927734
2025-11-23,6.0,5.351318,0.6486821174621582,10.811368624369303
2025-11-24,11.0,11.953504,0.9535036087036133,8.668214624578303
2025-11-24,6.0,6.9941645,0.9941644668579102,16.569407780965168
2025-11-24,3.0,2.6609256,0.33907437324523926,11.302479108174643
2025-11-24,6.0,5.2938814,0.7061185836791992,11.768643061319986
2025-11-24,24.0,21.931568,2.068431854248047,8.618466059366861
2025-11-24,7.0,6.9771433,0.022856712341308594,0.3265244620186942
2025-11-24,17.0,16.626127,0.3738727569580078,2.199251511517693
2025-11-24,4.0,4.7745266,0.7745265960693359,19.3631649017334
2025-11-24,27.0,26.197098,0.8029022216796875,2.973711932146991
2025-11-24,17.0,15.89554,1.1044597625732422,6.496822132783778
2025-11-24,28.0,28.332811,0.3328113555908203,1.1886119842529297
2025-11-24,4.0,3.9682593,0.031740665435791016,0.7935166358947754
2025-11-25,2.0,2.308691,0.30869102478027344,15.434551239013672
2025-11-25,7.0,7.0170484,0.017048358917236328,0.24354798453194754
2025-11-25,18.0,16.892038,1.107961654663086,6.155342525906033
2025-11-25,17.0,18.493742,1.4937419891357422,8.786717583151425
2025-11-25,15.0,15.802202,0.8022022247314453,5.348014831542969
2025-11-25,8.0,7.795954,0.20404577255249023,2.550572156906128
2025-11-25,10.0,9.800808,0.19919204711914062,1.9919204711914062
2025-11-25,4.0,3.9682593,0.031740665435791016,0.7935166358947754
2025-11-25,24.0,23.490793,0.5092067718505859,2.121694882710775
2025-11-25,3.0,2.6609256,0.33907437324523926,11.302479108174643
2025-11-25,9.0,10.265917,1.2659168243408203,14.065742492675781
2025-11-26,13.0,14.087903,1.0879030227661133,8.368484790508564
2025-11-26,6.0,6.9771433,0.9771432876586914,16.28572146097819
2025-11-26,9.0,8.883385,0.11661529541015625,1.2957255045572917
2025-11-26,13.0,12.668778,0.3312215805053711,2.5478583115797777
2025-11-26,5.0,4.0631614,0.9368386268615723,18.736772537231445
2025-11-26,4.0,3.798889,0.2011110782623291,5.0277769565582275
2025-11-26,24.0,21.382288,2.6177120208740234,10.907133420308432
2025-11-26,39.0,37.383453,1.616546630859375,4.144991361177885
2025-11-26,29.0,29.845362,0.8453617095947266,2.91504037791285
2025-11-26,4.0,4.7745266,0.7745265960693359,19.3631649017334
2025-11-26,3.0,2.8856206,0.1143794059753418,3.8126468658447266
2025-11-26,19.0,18.253,0.7469997406005859,3.931577582108347
2025-11-27,2.0,2.0991414,0.09914135932922363,4.957067966461182
2025-11-27,16.0,17.304209,1.304208755493164,8.151304721832275
2025-11-27,3.0,3.703805,0.7038049697875977,23.46016565958659
2025-11-27,5.0,5.3214464,0.32144641876220703,6.428928375244141
2025-11-27,3.0,2.9072974,0.09270262718200684,3.090087572733561
2025-11-27,19.0,18.253,0.7469997406005859,3.931577582108347
2025-11-27,22.0,20.913294,1.0867061614990234,4.939573461359197
2025-11-27,12.0,11.823148,0.17685222625732422,1.4737685521443684
2025-11-27,35.0,34.44988,0.5501213073730469,1.571775163922991
2025-11-27,27.0,28.268448,1.2684478759765625,4.6979550962094905
2025-11-27,7.0,6.9771433,0.022856712341308594,0.3265244620186942
2025-11-27,7.0,7.795954,0.7959542274475098,11.370774677821569
2025-11-28,12.0,11.948224,0.05177593231201172,0.43146610260009766
2025-11-28,2.0,2.6378334,0.6378333568572998,31.89166784286499
2025-11-28,19.0,19.101206,0.10120582580566406,0.5326622410824424
2025-11-28,1.0,1.5895337,0.5895336866378784,58.95336866378784
2025-11-28,2.0,2.2463176,0.24631762504577637,12.315881252288818
2025-11-28,10.0,9.856683,0.14331722259521484,1.4331722259521484
2025-11-28,19.0,20.490702,1.490701675415039,7.845798291658101
2025-11-28,1.0,1.3308711,0.3308711051940918,33.08711051940918
2025-11-28,6.0,6.9704275,0.9704275131225586,16.173791885375977
2025-11-28,5.0,6.0154266,1.0154266357421875,20.30853271484375
2025-11-28,18.0,18.577156,0.5771560668945312,3.206422593858507
2025-11-29,4.0,4.0553865,0.05538654327392578,1.3846635818481445
2025-11-29,4.0,4.7934704,0.7934703826904297,19.836759567260742
2025-11-29,20.0,21.127165,1.1271648406982422,5.635824203491211
2025-11-29,12.0,14.136108,2.1361083984375,17.8009033203125
2025-11-29,3.0,2.9267466,0.07325339317321777,2.4417797724405923
2025-11-29,42.0,41.01518,0.9848213195800781,2.344812665666853
2025-11-29,16.0,15.763995,0.23600482940673828,1.4750301837921143
2025-11-29,10.0,9.823107,0.1768932342529297,1.7689323425292969
2025-11-29,13.0,11.845447,1.1545534133911133,8.881180103008564
2025-11-29,27.0,24.748037,2.251962661743164,8.340602450900608
2025-11-29,8.0,9.029181,1.0291805267333984,12.86475658416748
2025-11-30,21.0,22.287258,1.2872581481933594,6.129800705682664
2025-11-30,8.0,6.1777534,1.8222465515136719,22.7780818939209
2025-11-30,3.0,2.677016,0.322983980178833,10.766132672627768
2025-11-30,3.0,3.7227473,0.7227473258972168,24.091577529907227
2025-11-30,15.0,15.838801,0.838801383972168,5.59200922648112
2025-11-30,13.0,11.845447,1.1545534133911133,8.881180103008564
2025-11-30,27.0,24.058796,2.941204071044922,10.893348411277488
2025-11-30,32.0,30.992987,1.0070133209228516,3.146916627883911
2025-11-30,35.0,35.71966,0.7196617126464844,2.056176321847098
2025-11-30,17.0,16.662733,0.3372669219970703,1.9839230705710018
2025-11-30,17.0,15.932139,1.0678606033325195,6.2815329607795265
2025-11-30,11.0,8.974545,2.0254554748535156,18.413231589577414
2025-12-01,2.0,2.0991414,0.09914135932922363,4.957067966461182
2025-12-01,23.0,22.300272,0.6997280120849609,3.0422957047172217
2025-12-01,15.0,14.740364,0.25963592529296875,1.7309061686197917
2025-12-01,6.0,6.023812,0.023811817169189453,0.3968636194864909
2025-12-01,14.0,15.6630745,1.6630744934082031,11.879103524344307
2025-12-01,1.0,1.5895337,0.5895336866378784,58.95336866378784
2025-12-01,17.0,15.89554,1.1044597625732422,6.496822132783778
2025-12-01,17.0,15.793425,1.2065753936767578,7.0975023157456345
2025-12-01,1.0,1.3436028,0.3436027765274048,34.36027765274048
2025-12-01,5.0,5.304271,0.30427122116088867,6.085424423217773
2025-12-01,23.0,24.31145,1.3114490509033203,5.701952395231827
2025-12-01,9.0,9.92449,0.9244899749755859,10.272110833062065
2025-12-02,6.0,5.3370986,0.6629014015197754,11.048356691996256
2025-12-02,9.0,6.155451,2.8445491790771484,31.606101989746094
2025-12-02,18.0,19.176973,1.1769733428955078,6.538740793863933
2025-12-02,6.0,6.023812,0.023811817169189453,0.3968636194864909
2025-12-02,21.0,18.941835,2.058164596557617,9.80078379313151
2025-12-02,7.0,7.795954,0.7959542274475098,11.370774677821569
2025-12-02,21.0,22.785515,1.7855148315429688,8.502451578776041
2025-12-02,9.0,9.006882,0.0068817138671875,0.07646348741319445
2025-12-02,15.0,14.548774,0.45122623443603516,3.0081748962402344
2025-12-02,4.0,5.200443,1.2004427909851074,30.011069774627686
2025-12-03,17.0,15.793425,1.2065753936767578,7.0975023157456345
2025-12-03,12.0,11.823148,0.17685222625732422,1.4737685521443684
2025-12-03,18.0,19.176973,1.1769733428955078,6.538740793863933
2025-12-03,22.0,23.361673,1.361673355102539,6.189424341375178
2025-12-03,5.0,5.32525,0.32525014877319336,6.505002975463867
2025-12-03,10.0,9.006882,0.9931182861328125,9.931182861328125
2025-12-03,5.0,5.743765,0.7437648773193359,14.875297546386719
2025-12-03,2.0,2.7828245,0.7828245162963867,39.141225814819336
2025-12-03,23.0,22.300272,0.6997280120849609,3.0422957047172217
2025-12-03,6.0,5.3290153,0.6709847450256348,11.18307908376058
2025-12-03,7.0,5.75215,1.247849941253662,17.826427732195175
2025-12-03,9.0,9.030189,0.030188560485839844,0.33542844984266496
2025-12-04,2.0,2.3379447,0.33794474601745605,16.897237300872803
2025-12-04,3.0,3.703805,0.7038049697875977,23.46016565958659
2025-12-04,11.0,12.565762,1.5657615661621094,14.234196056019176
2025-12-04,32.0,30.920355,1.0796451568603516,3.3738911151885986
2025-12-04,6.0,4.990387,1.009613037109375,16.826883951822918
2025-12-04,10.0,9.800808,0.19919204711914062,1.9919204711914062
2025-12-04,5.0,6.0154266,1.0154266357421875,20.30853271484375
2025-12-04,5.0,4.0631614,0.9368386268615723,18.736772537231445
2025-12-04,13.0,12.580136,0.4198637008666992,3.2297207758976865
2025-12-04,9.0,8.883385,0.11661529541015625,1.2957255045572917
2025-12-04,29.0,29.824274,0.8242740631103516,2.8423243555529365
2025-12-04,22.0,19.629772,2.370227813720703,10.77376278963956
2025-12-05,30.0,29.5177,0.4822998046875,1.607666015625
2025-12-05,12.0,11.730755,0.2692451477050781,2.2437095642089844
2025-12-05,2.0,2.0991414,0.09914135932922363,4.957067966461182
2025-12-05,11.0,12.189799,1.1897993087768555,10.816357352516867
2025-12-05,19.0,20.865208,1.8652076721191406,9.816882484837583
2025-12-05,29.0,25.594894,3.4051055908203125,11.741743416621768
2025-12-05,2.0,2.6378334,0.6378333568572998,31.89166784286499
2025-12-05,19.0,20.38414,1.3841400146484375,7.2849474455180925
2025-12-05,9.0,8.883385,0.11661529541015625,1.2957255045572917
2025-12-05,12.0,11.823148,0.17685222625732422,1.4737685521443684
2025-12-05,4.0,3.9682593,0.031740665435791016,0.7935166358947754
2025-12-05,8.0,7.077941,0.9220590591430664,11.52573823928833
2025-12-06,22.0,21.663109,0.33689117431640625,1.5313235196200283
2025-12-06,1.0,1.3469616,0.3469616174697876,34.69616174697876
2025-12-06,4.0,4.087689,0.08768892288208008,2.192223072052002
2025-12-06,1.0,1.3469616,0.3469616174697876,34.69616174697876
2025-12-06,5.0,4.085464,0.9145359992980957,18.290719985961914
2025-12-06,9.0,9.029181,0.029180526733398438,0.32422807481553817
2025-12-06,16.0,17.907042,1.9070415496826172,11.919009685516357
2025-12-06,9.0,9.946789,0.9467887878417969,10.519875420464409
2025-12-06,9.0,7.1069593,1.893040657043457,21.033785078260635
2025-12-06,19.0,18.307611,0.6923885345458984,3.644150181820518
2025-12-06,17.0,18.488953,1.48895263671875,8.758544921875
2025-12-06,14.0,13.724551,0.2754487991333008,1.9674914223807198
2025-12-07,4.0,3.8178313,0.18216872215270996,4.554218053817749
2025-12-07,6.0,5.351318,0.6486821174621582,10.811368624369303
2025-12-07,23.0,21.873856,1.1261444091796875,4.896280039911685
2025-12-07,9.0,7.1069593,1.893040657043457,21.033785078260635
2025-12-07,14.0,12.212098,1.7879018783569336,12.770727702549525
2025-12-07,19.0,19.410318,0.41031837463378906,2.159570392809416
2025-12-07,34.0,32.811317,1.1886825561523438,3.496125165153952
2025-12-07,19.0,20.688255,1.6882553100585938,8.885554263466283
2025-12-07,10.0,9.823107,0.1768932342529297,1.7689323425292969
2025-12-07,2.0,2.6539235,0.653923511505127,32.69617557525635
2025-12-07,20.0,18.739147,1.2608528137207031,6.304264068603516
2025-12-07,28.0,28.43869,0.438690185546875,1.5667506626674108
2025-12-08,8.0,7.056962,0.9430379867553711,11.787974834442139
2025-12-08,24.0,25.02669,1.0266895294189453,4.2778730392456055
2025-12-08,25.0,22.472597,2.527402877807617,10.109611511230469
2025-12-08,46.0,42.738197,3.2618026733398438,7.090875376825747
2025-12-08,9.0,6.155451,2.8445491790771484,31.606101989746094
2025-12-08,4.0,4.7745266,0.7745265960693359,19.3631649017334
2025-12-08,22.0,20.913294,1.0867061614990234,4.939573461359197
2025-12-08,16.0,16.728567,0.7285671234130859,4.553544521331787
2025-12-08,46.0,42.52265,3.4773483276367188,7.55945288616678
2025-12-08,20.0,18.077955,1.9220447540283203,9.610223770141602
2025-12-08,10.0,9.006882,0.9931182861328125,9.931182861328125
2025-12-08,2.0,2.0991414,0.09914135932922363,4.957067966461182
2025-12-09,9.0,9.353227,0.3532266616821289,3.924740685356988
2025-12-09,7.0,7.795954,0.7959542274475098,11.370774677821569
2025-12-09,15.0,14.740364,0.25963592529296875,1.7309061686197917
2025-12-09,11.0,12.292828,1.2928276062011719,11.75297823819247
2025-12-09,10.0,9.006882,0.9931182861328125,9.931182861328125
2025-12-09,11.0,10.78242,0.21757984161376953,1.9779985601251775
2025-12-09,1.0,1.3308711,0.3308711051940918,33.08711051940918
2025-12-09,8.0,7.074137,0.9258627891540527,11.57328486442566
2025-12-09,26.0,25.840374,0.15962600708007812,0.6139461810772235
2025-12-09,2.0,2.3139675,0.3139674663543701,15.698373317718506
2025-12-09,18.0,20.072315,2.072315216064453,11.512862311469185
2025-12-09,1.0,1.3308711,0.3308711051940918,33.08711051940918
2025-12-10,27.0,26.197098,0.8029022216796875,2.973711932146991
2025-12-10,5.0,5.213567,0.21356678009033203,4.271335601806641
2025-12-10,19.0,20.589735,1.5897350311279297,8.367026479620682
2025-12-10,4.0,3.9682593,0.031740665435791016,0.7935166358947754
2025-12-10,18.0,20.072315,2.072315216064453,11.512862311469185
2025-12-10,21.0,19.501406,1.4985942840576172,7.136163257417225
2025-12-10,2.0,2.6378334,0.6378333568572998,31.89166784286499
2025-12-10,2.0,2.0991414,0.09914135932922363,4.957067966461182
2025-12-10,9.0,9.92449,0.9244899749755859,10.272110833062065
2025-12-10,6.0,5.3161197,0.6838803291320801,11.398005485534668
2025-12-10,15.0,14.740364,0.25963592529296875,1.7309061686197917
2025-12-10,14.0,13.723976,0.27602386474609375,1.9715990339006697
2025-12-11,22.0,23.361673,1.361673355102539,6.189424341375178
2025-12-11,5.0,5.282033,0.28203296661376953,5.640659332275391
2025-12-11,15.0,14.548774,0.45122623443603516,3.0081748962402344
2025-12-11,3.0,3.703805,0.7038049697875977,23.46016565958659
2025-12-11,7.0,6.9771433,0.022856712341308594,0.3265244620186942
2025-12-11,16.0,14.899431,1.1005687713623047,6.878554821014404
2025-12-11,13.0,12.580136,0.4198637008666992,3.2297207758976865
2025-12-11,13.0,14.4122505,1.4122505187988281,10.863465529221754
2025-12-11,3.0,2.9072974,0.09270262718200684,3.090087572733561
2025-12-11,5.0,6.0154266,1.0154266357421875,20.30853271484375
2025-12-11,14.0,13.851232,0.14876842498779297,1.062631607055664
2025-12-12,14.0,13.851232,0.14876842498779297,1.062631607055664
2025-12-12,12.0,10.78242,1.2175798416137695,10.146498680114746
2025-12-12,5.0,6.0154266,1.0154266357421875,20.30853271484375
2025-12-12,1.0,1.5895337,0.5895336866378784,58.95336866378784
2025-12-12,3.0,2.6609256,0.33907437324523926,11.302479108174643
2025-12-12,15.0,14.740364,0.25963592529296875,1.7309061686197917
2025-12-12,3.0,2.8704753,0.12952470779418945,4.317490259806315
2025-12-12,4.0,4.7745266,0.7745265960693359,19.3631649017334
2025-12-12,19.0,19.101206,0.10120582580566406,0.5326622410824424
2025-12-12,27.0,27.909208,0.9092082977294922,3.36743813973886
2025-12-12,12.0,11.823148,0.17685222625732422,1.4737685521443684
2025-12-12,15.0,16.538908,1.5389080047607422,10.259386698404947
2025-12-13,18.0,20.158455,2.1584548950195312,11.991416083441841
2025-12-13,17.0,16.662733,0.3372669219970703,1.9839230705710018
2025-12-13,4.0,3.9877088,0.012291193008422852,0.3072798252105713
2025-12-13,1.0,1.3469616,0.3469616174697876,34.69616174697876
2025-12-13,4.0,5.0825644,1.082564353942871,27.064108848571777
2025-12-13,9.0,9.029181,0.029180526733398438,0.32422807481553817
2025-12-13,4.0,3.8178313,0.18216872215270996,4.554218053817749
2025-12-13,14.0,15.699674,1.6996736526489258,12.14052609034947
2025-12-13,2.0,2.3611975,0.36119747161865234,18.059873580932617
2025-12-13,17.0,16.038704,0.9612960815429688,5.654682832605698
2025-12-13,34.0,32.811317,1.1886825561523438,3.496125165153952
2025-12-13,3.0,3.8863275,0.8863275051116943,29.544250170389812
2025-12-14,39.0,39.921837,0.9218368530273438,2.3636842385316505
2025-12-14,8.0,7.1002436,0.8997564315795898,11.246955394744873
2025-12-14,23.0,20.956173,2.0438270568847656,8.886204595151154
2025-12-14,3.0,2.9267466,0.07325339317321777,2.4417797724405923
2025-12-14,3.0,2.677016,0.322983980178833,10.766132672627768
2025-12-14,36.0,34.86953,1.1304702758789062,3.1401952107747397
2025-12-14,2.0,2.6539235,0.653923511505127,32.69617557525635
2025-12-14,29.0,28.352669,0.6473312377929688,2.2321766820447198
2025-12-14,7.0,7.818257,0.8182568550109863,11.689383643014091
2025-12-14,21.0,18.851566,2.1484336853027344,10.230636596679688
2025-12-14,32.0,27.4483,4.551700592041016,14.224064350128174
2025-12-14,12.0,10.804719,1.1952810287475586,9.960675239562988
2025-12-15,7.0,6.9771433,0.022856712341308594,0.3265244620186942
2025-12-15,7.0,7.0170484,0.017048358917236328,0.24354798453194754
2025-12-15,19.0,19.101206,0.10120582580566406,0.5326622410824424
2025-12-15,8.0,7.795954,0.20404577255249023,2.550572156906128
2025-12-15,5.0,6.0154266,1.0154266357421875,20.30853271484375
2025-12-15,1.0,1.5895337,0.5895336866378784,58.95336866378784
2025-12-15,18.0,20.644415,2.6444149017333984,14.69119389851888
2025-12-15,10.0,11.158136,1.1581363677978516,11.581363677978516
2025-12-15,17.0,15.9841,1.015899658203125,5.975880342371323
2025-12-15,2.0,2.3417482,0.3417482376098633,17.087411880493164
2025-12-15,2.0,2.0991414,0.09914135932922363,4.957067966461182
2025-12-16,19.0,19.101206,0.10120582580566406,0.5326622410824424
2025-12-16,5.0,5.32525,0.32525014877319336,6.505002975463867
2025-12-16,2.0,2.3139675,0.3139674663543701,15.698373317718506
2025-12-16,15.0,17.219995,2.2199954986572266,14.799969991048178
2025-12-16,1.0,1.3308711,0.3308711051940918,33.08711051940918
2025-12-16,9.0,9.030189,0.030188560485839844,0.33542844984266496
2025-12-16,13.0,12.770285,0.22971534729003906,1.7670411330003004
2025-12-16,8.0,7.795954,0.20404577255249023,2.550572156906128
2025-12-16,9.0,8.883385,0.11661529541015625,1.2957255045572917
2025-12-16,3.0,3.703805,0.7038049697875977,23.46016565958659
2025-12-16,1.0,1.495237,0.49523699283599854,49.52369928359985
2025-12-16,12.0,13.637018,1.6370182037353516,13.641818364461264
2025-12-17,6.0,6.9704275,0.9704275131225586,16.173791885375977
2025-12-17,13.0,14.822286,1.8222856521606445,14.017581939697266
2025-12-17,20.0,19.811289,0.18871116638183594,0.9435558319091797
2025-12-17,3.0,3.703805,0.7038049697875977,23.46016565958659
2025-12-17,5.0,5.32525,0.32525014877319336,6.505002975463867
2025-12-17,2.0,2.3139675,0.3139674663543701,15.698373317718506
2025-12-17,1.0,1.3308711,0.3308711051940918,33.08711051940918
2025-12-17,6.0,6.96099,0.9609899520874023,16.016499201456707
2025-12-17,10.0,10.117159,0.11715888977050781,1.1715888977050781
2025-12-17,4.0,5.0602617,1.0602617263793945,26.506543159484863
2025-12-17,7.0,6.9771433,0.022856712341308594,0.3265244620186942
2025-12-17,14.0,15.623775,1.623774528503418,11.598389489310128
2025-12-18,1.0,1.3308711,0.3308711051940918,33.08711051940918
2025-12-18,5.0,5.32525,0.32525014877319336,6.505002975463867
2025-12-18,6.0,6.9771433,0.9771432876586914,16.28572146097819
2025-12-18,9.0,8.883385,0.11661529541015625,1.2957255045572917
2025-12-18,4.0,3.9682593,0.031740665435791016,0.7935166358947754
2025-12-18,13.0,12.668778,0.3312215805053711,2.5478583115797777
2025-12-18,20.0,21.139666,1.1396656036376953,5.698328018188477
2025-12-18,16.0,15.727396,0.27260398864746094,1.7037749290466309
2025-12-18,23.0,24.31145,1.3114490509033203,5.701952395231827
2025-12-18,18.0,18.253489,0.25348854064941406,1.4082696702745225
2025-12-18,1.0,1.3308711,0.3308711051940918,33.08711051940918
2025-12-18,17.0,15.9841,1.015899658203125,5.975880342371323
2025-12-19,7.0,6.9771433,0.022856712341308594,0.3265244620186942
2025-12-19,8.0,7.077941,0.9220590591430664,11.52573823928833
2025-12-19,17.0,18.106544,1.1065444946289062,6.509085262522978
2025-12-19,23.0,21.812643,1.187356948852539,5.16242151675017
2025-12-19,21.0,21.289272,0.2892723083496094,1.3774871826171875
2025-12-19,3.0,2.6609256,0.33907437324523926,11.302479108174643
2025-12-19,23.0,24.31145,1.3114490509033203,5.701952395231827
2025-12-19,12.0,11.730755,0.2692451477050781,2.2437095642089844
2025-12-19,4.0,3.9682593,0.031740665435791016,0.7935166358947754
2025-12-19,7.0,7.795954,0.7959542274475098,11.370774677821569
2025-12-19,2.0,2.6378334,0.6378333568572998,31.89166784286499
2025-12-19,15.0,14.077231,0.9227685928344727,6.151790618896484
2025-12-20,32.0,32.307674,0.3076744079589844,0.9614825248718262
2025-12-20,3.0,3.7227473,0.7227473258972168,24.091577529907227
2025-12-20,12.0,13.746275,1.7462749481201172,14.55229123433431
2025-12-20,13.0,11.845447,1.1545534133911133,8.881180103008564
2025-12-20,19.0,17.972067,1.027933120727539,5.410174319618626
2025-12-20,9.0,7.1069593,1.893040657043457,21.033785078260635
2025-12-20,24.0,24.788553,0.7885532379150391,3.2856384913126626
2025-12-20,37.0,36.24046,0.7595405578613281,2.05281231854413
2025-12-20,14.0,13.746275,0.2537250518798828,1.8123217991420202
2025-12-20,8.0,6.1777534,1.8222465515136719,22.7780818939209
2025-12-20,5.0,4.9974823,0.0025177001953125,0.05035400390625
2025-12-20,23.0,21.873856,1.1261444091796875,4.896280039911685
2025-12-21,18.0,16.662733,1.3372669219970703,7.429260677761501
2025-12-21,10.0,11.180435,1.1804351806640625,11.804351806640625
2025-12-21,6.0,5.351318,0.6486821174621582,10.811368624369303
2025-12-21,7.0,7.818257,0.8182568550109863,11.689383643014091
2025-12-21,18.0,20.249384,2.2493839263916016,12.496577368842232
2025-12-21,3.0,2.677016,0.322983980178833,10.766132672627768
2025-12-21,3.0,3.7227473,0.7227473258972168,24.091577529907227
2025-12-21,11.0,10.804719,0.1952810287475586,1.77528207952326
2025-12-21,9.0,7.1069593,1.893040657043457,21.033785078260635
2025-12-21,26.0,25.905394,0.09460639953613281,0.3638707674466647
2025-12-21,6.0,6.0461144,0.046114444732666016,0.768574078877767
2025-12-21,13.0,12.810589,0.18941116333007812,1.4570089486929088
2025-12-22,5.0,5.743765,0.7437648773193359,14.875297546386719
2025-12-22,8.0,7.056962,0.9430379867553711,11.787974834442139
2025-12-22,11.0,10.78242,0.21757984161376953,1.9779985601251775
2025-12-22,7.0,7.795954,0.7959542274475098,11.370774677821569
2025-12-22,24.0,24.83323,0.8332290649414062,3.471787770589193
2025-12-22,4.0,3.9682593,0.031740665435791016,0.7935166358947754
2025-12-22,26.0,27.51588,1.5158805847167969,5.83030994121845
2025-12-22,28.0,26.96653,1.0334701538085938,3.690964835030692
2025-12-22,8.0,8.831167,0.8311672210693359,10.3895902633667
2025-12-22,3.0,2.6609256,0.33907437324523926,11.302479108174643
2025-12-22,4.0,4.0653863,0.06538629531860352,1.634657382965088
2025-12-22,17.0,15.9841,1.015899658203125,5.975880342371323
2025-12-23,24.0,21.957006,2.0429935455322266,8.512473106384277
2025-12-23,5.0,4.0631614,0.9368386268615723,18.736772537231445
2025-12-23,8.0,8.831167,0.8311672210693359,10.3895902633667
2025-12-23,6.0,6.023812,0.023811817169189453,0.3968636194864909
2025-12-23,21.0,21.289272,0.2892723083496094,1.3774871826171875
2025-12-23,4.0,4.033084,0.03308391571044922,0.8270978927612305
2025-12-23,3.0,3.703805,0.7038049697875977,23.46016565958659
2025-12-23,3.0,2.6609256,0.33907437324523926,11.302479108174643
2025-12-23,9.0,9.92449,0.9244899749755859,10.272110833062065
2025-12-23,17.0,17.771526,0.7715263366699219,4.538390215705423
2025-12-23,19.0,20.38414,1.3841400146484375,7.2849474455180925
2025-12-23,5.0,6.023812,1.0238118171691895,20.47623634338379
2025-12-24,5.0,5.743765,0.7437648773193359,14.875297546386719
2025-12-24,6.0,5.333295,0.6667051315307617,11.111752192179361
2025-12-24,25.0,26.263582,1.2635822296142578,5.054328918457031
2025-12-24,8.0,6.155451,1.8445491790771484,23.056864738464355
2025-12-24,21.0,21.289272,0.2892723083496094,1.3774871826171875
2025-12-24,16.0,17.293535,1.2935352325439453,8.084595203399658
2025-12-24,18.0,16.626127,1.3738727569580078,7.632626427544488
2025-12-24,20.0,18.663727,1.336273193359375,6.681365966796875
2025-12-24,10.0,10.78242,0.7824201583862305,7.824201583862305
2025-12-24,7.0,6.9771433,0.022856712341308594,0.3265244620186942
2025-12-24,3.0,2.6609256,0.33907437324523926,11.302479108174643
2025-12-24,16.0,14.899431,1.1005687713623047,6.878554821014404
2025-12-25,6.0,5.3161197,0.6838803291320801,11.398005485534668
2025-12-25,10.0,9.856683,0.14331722259521484,1.4331722259521484
2025-12-25,5.0,5.213567,0.21356678009033203,4.271335601806641
2025-12-25,4.0,4.7745266,0.7745265960693359,19.3631649017334
2025-12-25,16.0,17.575298,1.5752983093261719,9.845614433288574
2025-12-25,7.0,7.795954,0.7959542274475098,11.370774677821569
2025-12-25,24.0,23.483757,0.5162429809570312,2.151012420654297
2025-12-25,11.0,10.78242,0.21757984161376953,1.9779985601251775
2025-12-25,2.0,2.0991414,0.09914135932922363,4.957067966461182
2025-12-25,7.0,5.3408637,1.6591362953186035,23.70194707598005
2025-12-25,18.0,18.566483,0.5664825439453125,3.147125244140625
2025-12-25,15.0,14.192519,0.8074808120727539,5.383205413818359
2025-12-26,23.0,24.31145,1.3114490509033203,5.701952395231827
2025-12-26,19.0,19.101206,0.10120582580566406,0.5326622410824424
2025-12-26,7.0,6.9771433,0.022856712341308594,0.3265244620186942
2025-12-26,21.0,19.501406,1.4985942840576172,7.136163257417225
2025-12-26,20.0,20.749334,0.7493343353271484,3.746671676635742
2025-12-26,20.0,18.69594,1.3040599822998047,6.520299911499023
2025-12-26,5.0,5.743765,0.7437648773193359,14.875297546386719
2025-12-26,14.0,13.723976,0.27602386474609375,1.9715990339006697
2025-12-26,8.0,6.688271,1.3117289543151855,16.39661192893982
2025-12-26,8.0,6.155451,1.8445491790771484,23.056864738464355
2025-12-26,9.0,9.92449,0.9244899749755859,10.272110833062065
2025-12-26,5.0,5.282033,0.28203296661376953,5.640659332275391
2025-12-27,17.0,16.662733,0.3372669219970703,1.9839230705710018
2025-12-27,15.0,14.09953,0.9004697799682617,6.003131866455078
2025-12-27,40.0,37.55452,2.4454803466796875,6.113700866699219
2025-12-27,7.0,6.130771,0.8692288398742676,12.41755485534668
2025-12-27,6.0,5.351318,0.6486821174621582,10.811368624369303
2025-12-27,9.0,8.9056835,0.09431648254394531,1.047960917154948
2025-12-27,20.0,20.792147,0.7921466827392578,3.960733413696289
2025-12-27,3.0,2.677016,0.322983980178833,10.766132672627768
2025-12-27,5.0,5.7627087,0.7627086639404297,15.254173278808594
2025-12-27,29.0,25.940403,3.0595970153808594,10.550334535796067
2025-12-27,30.0,30.209475,0.2094745635986328,0.698248545328776
2025-12-27,7.0,7.818257,0.8182568550109863,11.689383643014091
2025-12-28,3.0,2.8801608,0.11983919143676758,3.9946397145589194
2025-12-28,6.0,5.351318,0.6486821174621582,10.811368624369303
2025-12-28,17.0,17.814734,0.8147335052490234,4.792550030876608
2025-12-28,1.0,1.3469616,0.3469616174697876,34.69616174697876
2025-12-28,9.0,9.029181,0.029180526733398438,0.32422807481553817
2025-12-28,8.0,7.818257,0.18174314498901367,2.271789312362671
2025-12-28,13.0,14.086089,1.0860891342163086,8.354531801663912
2025-12-28,23.0,24.673069,1.6730690002441406,7.274213044539742
2025-12-28,4.0,3.8178313,0.18216872215270996,4.554218053817749
2025-12-28,31.0,30.970345,0.02965545654296875,0.09566276304183467
2025-12-28,14.0,13.724551,0.2754487991333008,1.9674914223807198
2025-12-28,8.0,8.261369,0.2613687515258789,3.2671093940734863
2025-12-29,12.0,11.823148,0.17685222625732422,1.4737685521443684
2025-12-29,25.0,22.447159,2.5528411865234375,10.21136474609375
2025-12-29,30.0,29.501488,0.49851226806640625,1.6617075602213542
2025-12-29,6.0,6.694987,0.6949868202209473,11.583113670349121
2025-12-29,24.0,25.566801,1.5668010711669922,6.528337796529134
2025-12-29,10.0,10.78242,0.7824201583862305,7.824201583862305
2025-12-29,17.0,17.771526,0.7715263366699219,4.538390215705423
2025-12-29,3.0,2.6609256,0.33907437324523926,11.302479108174643
2025-12-29,3.0,2.8856206,0.1143794059753418,3.8126468658447266
2025-12-29,6.0,5.3290153,0.6709847450256348,11.18307908376058
2025-12-29,18.0,16.626127,1.3738727569580078,7.632626427544488
2025-12-29,13.0,11.823148,1.1768522262573242,9.052709432748648
2025-12-30,2.0,2.3139675,0.3139674663543701,15.698373317718506
2025-12-30,7.0,6.9771433,0.022856712341308594,0.3265244620186942
2025-12-30,25.0,26.080944,1.0809440612792969,4.3237762451171875
2025-12-30,18.0,18.566483,0.5664825439453125,3.147125244140625
2025-12-30,8.0,7.074137,0.9258627891540527,11.57328486442566
2025-12-30,21.0,19.501406,1.4985942840576172,7.136163257417225
2025-12-30,4.0,4.7745266,0.7745265960693359,19.3631649017334
2025-12-30,16.0,15.727396,0.27260398864746094,1.7037749290466309
2025-12-30,3.0,2.6609256,0.33907437324523926,11.302479108174643
2025-12-30,24.0,23.490793,0.5092067718505859,2.121694882710775
2025-12-30,7.0,7.795954,0.7959542274475098,11.370774677821569
2025-12-30,4.0,4.0653863,0.06538629531860352,1.634657382965088
2025-12-31,2.0,2.3238363,0.3238363265991211,16.191816329956055
2025-12-31,3.0,3.703805,0.7038049697875977,23.46016565958659
2025-12-31,2.0,2.7828245,0.7828245162963867,39.141225814819336
2025-12-31,19.0,19.101206,0.10120582580566406,0.5326622410824424
2025-12-31,13.0,12.668778,0.3312215805053711,2.5478583115797777
2025-12-31,14.0,13.702252,0.2977476119995117,2.1267686571393694
2025-12-31,5.0,4.0631614,0.9368386268615723,18.736772537231445
2025-12-31,13.0,12.770285,0.22971534729003906,1.7670411330003004
2025-12-31,11.0,11.953504,0.9535036087036133,8.668214624578303
2025-12-31,15.0,17.14273,2.142730712890625,14.284871419270834
2025-12-31,4.0,4.0653863,0.06538629531860352,1.634657382965088
2025-12-31,2.0,2.0991414,0.09914135932922363,4.957067966461182
