id_mov,fecha,tipo_mov,id_insumo,unidad,cantidad,id_lote,id_almacen,id_ubicacion,destino_origen,Documento_ref,Responsable,Observaciones
MOV-L10120210101BX,2021-01-01,Entrada,101,kg,2.3222734638112286,L10120210101BX,1,1,Compra,OC,Sistema,
MOV-L10220210101WF,2021-01-01,Entrada,102,kg,4.7006495071418195,L10220210101WF,1,2,Compra,OC,Sistema,
MOV-L10320210101BG,2021-01-01,Entrada,103,kg,4.27563476268984,L10320210101BG,1,2,Compra,OC,Sistema,
MOV-L10420210101BO,2021-01-01,Entrada,104,kg,3.250479511774556,L10420210101BO,1,4,Compra,OC,Sistema,
MOV-L10520210101TC,2021-01-01,Entrada,105,kg,2.40021944383464,L10520210101TC,1,1,Compra,OC,Sistema,
MOV-L10620210101JB,2021-01-01,Entrada,106,kg,2.1936434150716497,L10620210101JB,1,2,Compra,OC,Sistema,
MOV-L10720210101DZ,2021-01-01,Entrada,107,kg,4.912673777174356,L10720210101DZ,1,4,Compra,OC,Sistema,
MOV-L10820210101NG,2021-01-01,Entrada,108,kg,4.923869350422697,L10820210101NG,1,1,Compra,OC,Sistema,
MOV-L10920210101AL,2021-01-01,Entrada,109,kg,4.565587418590936,L10920210101AL,1,1,Compra,OC,Sistema,
MOV-L11020210101XQ,2021-01-01,Entrada,110,kg,3.55475693423963,L11020210101XQ,1,1,Compra,OC,Sistema,
MOV-L11120210101EB,2021-01-01,Entrada,111,unid,26.361897900917597,L11120210101EB,1,3,Compra,OC,Sistema,
MOV-L11220210101EC,2021-01-01,Entrada,112,kg,2.1686747474725796,L11220210101EC,1,1,Compra,OC,Sistema,
MOV-L11320210101GN,2021-01-01,Entrada,113,kg,2.011334555610431,L11320210101GN,1,2,Compra,OC,Sistema,
MOV-L11420210101TB,2021-01-01,Entrada,114,kg,4.186560109621297,L11420210101TB,1,2,Compra,OC,Sistema,
MOV-L11520210101NP,2021-01-01,Entrada,115,kg,4.093459529258931,L11520210101NP,1,3,Compra,OC,Sistema,
MOV-L11620210101FL,2021-01-01,Entrada,116,kg,2.7360861679593076,L11620210101FL,1,2,Compra,OC,Sistema,
MOV-L11720210101WS,2021-01-01,Entrada,117,L,4.4131088750247205,L11720210101WS,1,2,Compra,OC,Sistema,
MOV-L11820210101YK,2021-01-01,Entrada,118,L,2.1257790631339506,L11820210101YK,1,1,Compra,OC,Sistema,
MOV-L11920210101AE,2021-01-01,Entrada,119,L,2.6019392266681836,L11920210101AE,1,3,Compra,OC,Sistema,
MOV-L12020210101EJ,2021-01-01,Entrada,120,kg,4.178022153965587,L12020210101EJ,1,1,Compra,OC,Sistema,
MOV-L12120210101OM,2021-01-01,Entrada,121,kg,4.653158502361575,L12120210101OM,1,1,Compra,OC,Sistema,
MOV-L12220210101TY,2021-01-01,Entrada,122,kg,3.359696495299782,L12220210101TY,1,1,Compra,OC,Sistema,
MOV-L10120210101BX-MA-20210128,2021-01-28,Merma,101,kg,-0.027867281565734744,L10120210101BX,1,1,Producción,MA-20210128,Cocina,
MOV-L10220210101WF-MA-20210128,2021-01-28,Merma,102,kg,-0.05640779408570184,L10220210101WF,1,2,Producción,MA-20210128,Cocina,
MOV-L10320210101BG-MA-20210128,2021-01-28,Merma,103,kg,-0.051307617152278086,L10320210101BG,1,2,Producción,MA-20210128,Cocina,
MOV-L10420210101BO-MA-20210128,2021-01-28,Merma,104,kg,-0.039005754141294674,L10420210101BO,1,4,Producción,MA-20210128,Cocina,
MOV-L10520210101TC-MA-20210128,2021-01-28,Merma,105,kg,-0.02880263332601568,L10520210101TC,1,1,Producción,MA-20210128,Cocina,
MOV-L10620210101JB-MA-20210128,2021-01-28,Merma,106,kg,-0.026323720980859798,L10620210101JB,1,2,Producción,MA-20210128,Cocina,
MOV-L10720210101DZ-MA-20210128,2021-01-28,Merma,107,kg,-0.05895208532609227,L10720210101DZ,1,4,Producción,MA-20210128,Cocina,
MOV-L10820210101NG-MA-20210128,2021-01-28,Merma,108,kg,-0.05908643220507236,L10820210101NG,1,1,Producción,MA-20210128,Cocina,
MOV-L10920210101AL-MA-20210128,2021-01-28,Merma,109,kg,-0.054787049023091235,L10920210101AL,1,1,Producción,MA-20210128,Cocina,
MOV-L11020210101XQ-MA-20210128,2021-01-28,Merma,110,kg,-0.04265708321087556,L11020210101XQ,1,1,Producción,MA-20210128,Cocina,
MOV-L11120210101EB-MA-20210128,2021-01-28,Merma,111,unid,-0.3163427748110112,L11120210101EB,1,3,Producción,MA-20210128,Cocina,
MOV-L11220210101EC-MA-20210128,2021-01-28,Merma,112,kg,-0.026024096969670955,L11220210101EC,1,1,Producción,MA-20210128,Cocina,
MOV-L11320210101GN-MA-20210128,2021-01-28,Merma,113,kg,-0.024136014667325175,L11320210101GN,1,2,Producción,MA-20210128,Cocina,
MOV-L11420210101TB-MA-20210128,2021-01-28,Merma,114,kg,-0.050238721315455565,L11420210101TB,1,2,Producción,MA-20210128,Cocina,
MOV-L11520210101NP-MA-20210128,2021-01-28,Merma,115,kg,-0.049121514351107176,L11520210101NP,1,3,Producción,MA-20210128,Cocina,
MOV-L11620210101FL-MA-20210128,2021-01-28,Merma,116,kg,-0.03283303401551169,L11620210101FL,1,2,Producción,MA-20210128,Cocina,
MOV-L11720210101WS-MA-20210128,2021-01-28,Merma,117,L,-0.05295730650029665,L11720210101WS,1,2,Producción,MA-20210128,Cocina,
MOV-L11820210101YK-MA-20210128,2021-01-28,Merma,118,L,-0.02550934875760741,L11820210101YK,1,1,Producción,MA-20210128,Cocina,
MOV-L11920210101AE-MA-20210128,2021-01-28,Merma,119,L,-0.031223270720018202,L11920210101AE,1,3,Producción,MA-20210128,Cocina,
MOV-L12020210101EJ-MA-20210128,2021-01-28,Merma,120,kg,-0.05013626584758705,L12020210101EJ,1,1,Producción,MA-20210128,Cocina,
MOV-L12120210101OM-MA-20210128,2021-01-28,Merma,121,kg,-0.0558379020283389,L12120210101OM,1,1,Producción,MA-20210128,Cocina,
MOV-L12220210101TY-MA-20210128,2021-01-28,Merma,122,kg,-0.040316357943597385,L12220210101TY,1,1,Producción,MA-20210128,Cocina,
MOV-L10120210101BX-MA-20210228,2021-02-28,Merma,101,kg,-0.027532874186945926,L10120210101BX,1,1,Producción,MA-20210228,Cocina,
MOV-L10220210101WF-MA-20210228,2021-02-28,Merma,102,kg,-0.05573090055667341,L10220210101WF,1,2,Producción,MA-20210228,Cocina,
MOV-L10320210101BG-MA-20210228,2021-02-28,Merma,103,kg,-0.05069192574645075,L10320210101BG,1,2,Producción,MA-20210228,Cocina,
MOV-L10420210101BO-MA-20210228,2021-02-28,Merma,104,kg,-0.03853768509159913,L10420210101BO,1,4,Producción,MA-20210228,Cocina,
MOV-L10520210101TC-MA-20210228,2021-02-28,Merma,105,kg,-0.028457001726103492,L10520210101TC,1,1,Producción,MA-20210228,Cocina,
MOV-L10620210101JB-MA-20210228,2021-02-28,Merma,106,kg,-0.026007836329089477,L10620210101JB,1,2,Producción,MA-20210228,Cocina,
MOV-L10720210101DZ-MA-20210228,2021-02-28,Merma,107,kg,-0.05824466030217916,L10720210101DZ,1,4,Producción,MA-20210228,Cocina,
MOV-L10820210101NG-MA-20210228,2021-02-28,Merma,108,kg,-0.05837739501861149,L10820210101NG,1,1,Producción,MA-20210228,Cocina,
MOV-L10920210101AL-MA-20210228,2021-02-28,Merma,109,kg,-0.054129604434814134,L10920210101AL,1,1,Producción,MA-20210228,Cocina,
MOV-L11020210101XQ-MA-20210228,2021-02-28,Merma,110,kg,-0.04214519821234505,L11020210101XQ,1,1,Producción,MA-20210228,Cocina,
MOV-L11120210101EB-MA-20210228,2021-02-28,Merma,111,unid,-0.31254666151327903,L11120210101EB,1,3,Producción,MA-20210228,Cocina,
MOV-L11220210101EC-MA-20210228,2021-02-28,Merma,112,kg,-0.025711807806034905,L11220210101EC,1,1,Producción,MA-20210228,Cocina,
MOV-L11320210101GN-MA-20210228,2021-02-28,Merma,113,kg,-0.023846382491317274,L11320210101GN,1,2,Producción,MA-20210228,Cocina,
MOV-L11420210101TB-MA-20210228,2021-02-28,Merma,114,kg,-0.049635856659670095,L11420210101TB,1,2,Producción,MA-20210228,Cocina,
MOV-L11520210101NP-MA-20210228,2021-02-28,Merma,115,kg,-0.04853205617889389,L11520210101NP,1,3,Producción,MA-20210228,Cocina,
MOV-L11620210101FL-MA-20210228,2021-02-28,Merma,116,kg,-0.03243903760732555,L11620210101FL,1,2,Producción,MA-20210228,Cocina,
MOV-L11720210101WS-MA-20210228,2021-02-28,Merma,117,L,-0.05232181882229309,L11720210101WS,1,2,Producción,MA-20210228,Cocina,
MOV-L11820210101YK-MA-20210228,2021-02-28,Merma,118,L,-0.02520323657251612,L11820210101YK,1,1,Producción,MA-20210228,Cocina,
MOV-L11920210101AE-MA-20210228,2021-02-28,Merma,119,L,-0.030848591471377987,L11920210101AE,1,3,Producción,MA-20210228,Cocina,
MOV-L12020210101EJ-MA-20210228,2021-02-28,Merma,120,kg,-0.04953463065741601,L12020210101EJ,1,1,Producción,MA-20210228,Cocina,
MOV-L12120210101OM-MA-20210228,2021-02-28,Merma,121,kg,-0.05516784720399884,L12120210101OM,1,1,Producción,MA-20210228,Cocina,
MOV-L12220210101TY-MA-20210228,2021-02-28,Merma,122,kg,-0.03983256164827422,L12220210101TY,1,1,Producción,MA-20210228,Cocina,
MOV-L10120210101BX-MA-20210328,2021-03-28,Merma,101,kg,-0.027202479696702576,L10120210101BX,1,1,Producción,MA-20210328,Cocina,
MOV-L10220210101WF-MA-20210328,2021-03-28,Merma,102,kg,-0.05506212974999333,L10220210101WF,1,2,Producción,MA-20210328,Cocina,
MOV-L10320210101BG-MA-20210328,2021-03-28,Merma,103,kg,-0.05008362263749334,L10320210101BG,1,2,Producción,MA-20210328,Cocina,
MOV-L10420210101BO-MA-20210328,2021-03-28,Merma,104,kg,-0.038075232870499943,L10420210101BO,1,4,Producción,MA-20210328,Cocina,
MOV-L10520210101TC-MA-20210328,2021-03-28,Merma,105,kg,-0.028115517705390246,L10520210101TC,1,1,Producción,MA-20210328,Cocina,
MOV-L10620210101JB-MA-20210328,2021-03-28,Merma,106,kg,-0.025695742293140405,L10620210101JB,1,2,Producción,MA-20210328,Cocina,
MOV-L10720210101DZ-MA-20210328,2021-03-28,Merma,107,kg,-0.05754572437855301,L10720210101DZ,1,4,Producción,MA-20210328,Cocina,
MOV-L10820210101NG-MA-20210328,2021-03-28,Merma,108,kg,-0.05767686627838815,L10820210101NG,1,1,Producción,MA-20210328,Cocina,
MOV-L10920210101AL-MA-20210328,2021-03-28,Merma,109,kg,-0.05348004918159637,L10920210101AL,1,1,Producción,MA-20210328,Cocina,
MOV-L11020210101XQ-MA-20210328,2021-03-28,Merma,110,kg,-0.04163945583379691,L11020210101XQ,1,1,Producción,MA-20210328,Cocina,
MOV-L11120210101EB-MA-20210328,2021-03-28,Merma,111,unid,-0.30879610157511966,L11120210101EB,1,3,Producción,MA-20210328,Cocina,
MOV-L11220210101EC-MA-20210328,2021-03-28,Merma,112,kg,-0.025403266112362488,L11220210101EC,1,1,Producción,MA-20210328,Cocina,
MOV-L11320210101GN-MA-20210328,2021-03-28,Merma,113,kg,-0.023560225901421466,L11320210101GN,1,2,Producción,MA-20210328,Cocina,
MOV-L11420210101TB-MA-20210328,2021-03-28,Merma,114,kg,-0.04904022637975406,L11420210101TB,1,2,Producción,MA-20210328,Cocina,
MOV-L11520210101NP-MA-20210328,2021-03-28,Merma,115,kg,-0.04794967150474717,L11520210101NP,1,3,Producción,MA-20210328,Cocina,
MOV-L11620210101FL-MA-20210328,2021-03-28,Merma,116,kg,-0.03204976915603765,L11620210101FL,1,2,Producción,MA-20210328,Cocina,
MOV-L11720210101WS-MA-20210328,2021-03-28,Merma,117,L,-0.05169395699642558,L11720210101WS,1,2,Producción,MA-20210328,Cocina,
MOV-L11820210101YK-MA-20210328,2021-03-28,Merma,118,L,-0.024900797733645928,L11820210101YK,1,1,Producción,MA-20210328,Cocina,
MOV-L11920210101AE-MA-20210328,2021-03-28,Merma,119,L,-0.03047840837372145,L11920210101AE,1,3,Producción,MA-20210328,Cocina,
MOV-L12020210101EJ-MA-20210328,2021-03-28,Merma,120,kg,-0.04894021508952702,L12020210101EJ,1,1,Producción,MA-20210328,Cocina,
MOV-L12120210101OM-MA-20210328,2021-03-28,Merma,121,kg,-0.054505833037550855,L12120210101OM,1,1,Producción,MA-20210328,Cocina,
MOV-L12220210101TY-MA-20210328,2021-03-28,Merma,122,kg,-0.03935457090849493,L12220210101TY,1,1,Producción,MA-20210328,Cocina,
MOV-L10120210101BX-MA-20210428,2021-04-28,Merma,101,kg,-0.026876049940342144,L10120210101BX,1,1,Producción,MA-20210428,Cocina,
MOV-L10220210101WF-MA-20210428,2021-04-28,Merma,102,kg,-0.05440138419299341,L10220210101WF,1,2,Producción,MA-20210428,Cocina,
MOV-L10320210101BG-MA-20210428,2021-04-28,Merma,103,kg,-0.04948261916584342,L10320210101BG,1,2,Producción,MA-20210428,Cocina,
MOV-L10420210101BO-MA-20210428,2021-04-28,Merma,104,kg,-0.037618330076053946,L10420210101BO,1,4,Producción,MA-20210428,Cocina,
MOV-L10520210101TC-MA-20210428,2021-04-28,Merma,105,kg,-0.027778131492925563,L10520210101TC,1,1,Producción,MA-20210428,Cocina,
MOV-L10620210101JB-MA-20210428,2021-04-28,Merma,106,kg,-0.02538739338562272,L10620210101JB,1,2,Producción,MA-20210428,Cocina,
MOV-L10720210101DZ-MA-20210428,2021-04-28,Merma,107,kg,-0.056855175686010374,L10720210101DZ,1,4,Producción,MA-20210428,Cocina,
MOV-L10820210101NG-MA-20210428,2021-04-28,Merma,108,kg,-0.056984743883047494,L10820210101NG,1,1,Producción,MA-20210428,Cocina,
MOV-L10920210101AL-MA-20210428,2021-04-28,Merma,109,kg,-0.05283828859141722,L10920210101AL,1,1,Producción,MA-20210428,Cocina,
MOV-L11020210101XQ-MA-20210428,2021-04-28,Merma,110,kg,-0.04113978236379135,L11020210101XQ,1,1,Producción,MA-20210428,Cocina,
MOV-L11120210101EB-MA-20210428,2021-04-28,Merma,111,unid,-0.30509054835621824,L11120210101EB,1,3,Producción,MA-20210428,Cocina,
MOV-L11220210101EC-MA-20210428,2021-04-28,Merma,112,kg,-0.025098426919014136,L11220210101EC,1,1,Producción,MA-20210428,Cocina,
MOV-L11320210101GN-MA-20210428,2021-04-28,Merma,113,kg,-0.02327750319060441,L11320210101GN,1,2,Producción,MA-20210428,Cocina,
MOV-L11420210101TB-MA-20210428,2021-04-28,Merma,114,kg,-0.04845174366319702,L11420210101TB,1,2,Producción,MA-20210428,Cocina,
MOV-L11520210101NP-MA-20210428,2021-04-28,Merma,115,kg,-0.0473742754466902,L11520210101NP,1,3,Producción,MA-20210428,Cocina,
MOV-L11620210101FL-MA-20210428,2021-04-28,Merma,116,kg,-0.03166517192616519,L11620210101FL,1,2,Producción,MA-20210428,Cocina,
MOV-L11720210101WS-MA-20210428,2021-04-28,Merma,117,L,-0.05107362951246847,L11720210101WS,1,2,Producción,MA-20210428,Cocina,
MOV-L11820210101YK-MA-20210428,2021-04-28,Merma,118,L,-0.024601988160842175,L11820210101YK,1,1,Producción,MA-20210428,Cocina,
MOV-L11920210101AE-MA-20210428,2021-04-28,Merma,119,L,-0.030112667473236793,L11920210101AE,1,3,Producción,MA-20210428,Cocina,
MOV-L12020210101EJ-MA-20210428,2021-04-28,Merma,120,kg,-0.0483529325084527,L12020210101EJ,1,1,Producción,MA-20210428,Cocina,
MOV-L12120210101OM-MA-20210428,2021-04-28,Merma,121,kg,-0.053851763041100245,L12120210101OM,1,1,Producción,MA-20210428,Cocina,
MOV-L12220210101TY-MA-20210428,2021-04-28,Merma,122,kg,-0.038882316057592986,L12220210101TY,1,1,Producción,MA-20210428,Cocina,
MOV-L10120210101BX-MA-20210528,2021-05-28,Merma,101,kg,-0.026553537341058035,L10120210101BX,1,1,Producción,MA-20210528,Cocina,
MOV-L10220210101WF-MA-20210528,2021-05-28,Merma,102,kg,-0.05374856758267749,L10220210101WF,1,2,Producción,MA-20210528,Cocina,
MOV-L10320210101BG-MA-20210528,2021-05-28,Merma,103,kg,-0.0488888277358533,L10320210101BG,1,2,Producción,MA-20210528,Cocina,
MOV-L10420210101BO-MA-20210528,2021-05-28,Merma,104,kg,-0.037166910115141304,L10420210101BO,1,4,Producción,MA-20210528,Cocina,
MOV-L10520210101TC-MA-20210528,2021-05-28,Merma,105,kg,-0.02744479391501046,L10520210101TC,1,1,Producción,MA-20210528,Cocina,
MOV-L10620210101JB-MA-20210528,2021-05-28,Merma,106,kg,-0.025082744664995247,L10620210101JB,1,2,Producción,MA-20210528,Cocina,
MOV-L10720210101DZ-MA-20210528,2021-05-28,Merma,107,kg,-0.056172913577778254,L10720210101DZ,1,4,Producción,MA-20210528,Cocina,
MOV-L10820210101NG-MA-20210528,2021-05-28,Merma,108,kg,-0.05630092695645093,L10820210101NG,1,1,Producción,MA-20210528,Cocina,
MOV-L10920210101AL-MA-20210528,2021-05-28,Merma,109,kg,-0.05220422912832021,L10920210101AL,1,1,Producción,MA-20210528,Cocina,
MOV-L11020210101XQ-MA-20210528,2021-05-28,Merma,110,kg,-0.040646104975425854,L11020210101XQ,1,1,Producción,MA-20210528,Cocina,
MOV-L11120210101EB-MA-20210528,2021-05-28,Merma,111,unid,-0.3014294617759436,L11120210101EB,1,3,Producción,MA-20210528,Cocina,
MOV-L11220210101EC-MA-20210528,2021-05-28,Merma,112,kg,-0.024797245795985964,L11220210101EC,1,1,Producción,MA-20210528,Cocina,
MOV-L11320210101GN-MA-20210528,2021-05-28,Merma,113,kg,-0.022998173152317156,L11320210101GN,1,2,Producción,MA-20210528,Cocina,
MOV-L11420210101TB-MA-20210528,2021-05-28,Merma,114,kg,-0.047870322739238656,L11420210101TB,1,2,Producción,MA-20210528,Cocina,
MOV-L11520210101NP-MA-20210528,2021-05-28,Merma,115,kg,-0.04680578414132991,L11520210101NP,1,3,Producción,MA-20210528,Cocina,
MOV-L11620210101FL-MA-20210528,2021-05-28,Merma,116,kg,-0.03128518986305121,L11620210101FL,1,2,Producción,MA-20210528,Cocina,
MOV-L11720210101WS-MA-20210528,2021-05-28,Merma,117,L,-0.05046074595831885,L11720210101WS,1,2,Producción,MA-20210528,Cocina,
MOV-L11820210101YK-MA-20210528,2021-05-28,Merma,118,L,-0.024306764302912072,L11820210101YK,1,1,Producción,MA-20210528,Cocina,
MOV-L11920210101AE-MA-20210528,2021-05-28,Merma,119,L,-0.029751315463557953,L11920210101AE,1,3,Producción,MA-20210528,Cocina,
MOV-L12020210101EJ-MA-20210528,2021-05-28,Merma,120,kg,-0.04777269731835127,L12020210101EJ,1,1,Producción,MA-20210528,Cocina,
MOV-L12120210101OM-MA-20210528,2021-05-28,Merma,121,kg,-0.05320554188460704,L12120210101OM,1,1,Producción,MA-20210528,Cocina,
MOV-L12220210101TY-MA-20210528,2021-05-28,Merma,122,kg,-0.038415728264901874,L12220210101TY,1,1,Producción,MA-20210528,Cocina,
MOV-L10120210101BX-MA-20210628,2021-06-28,Merma,101,kg,-0.02623489489296534,L10120210101BX,1,1,Producción,MA-20210628,Cocina,
MOV-L10220210101WF-MA-20210628,2021-06-28,Merma,102,kg,-0.05310358477168536,L10220210101WF,1,2,Producción,MA-20210628,Cocina,
MOV-L10320210101BG-MA-20210628,2021-06-28,Merma,103,kg,-0.04830216180302306,L10320210101BG,1,2,Producción,MA-20210628,Cocina,
MOV-L10420210101BO-MA-20210628,2021-06-28,Merma,104,kg,-0.0367209071937596,L10420210101BO,1,4,Producción,MA-20210628,Cocina,
MOV-L10520210101TC-MA-20210628,2021-06-28,Merma,105,kg,-0.02711545638803033,L10520210101TC,1,1,Producción,MA-20210628,Cocina,
MOV-L10620210101JB-MA-20210628,2021-06-28,Merma,106,kg,-0.024781751729015304,L10620210101JB,1,2,Producción,MA-20210628,Cocina,
MOV-L10720210101DZ-MA-20210628,2021-06-28,Merma,107,kg,-0.05549883861484491,L10720210101DZ,1,4,Producción,MA-20210628,Cocina,
MOV-L10820210101NG-MA-20210628,2021-06-28,Merma,108,kg,-0.05562531583297352,L10820210101NG,1,1,Producción,MA-20210628,Cocina,
MOV-L10920210101AL-MA-20210628,2021-06-28,Merma,109,kg,-0.051577778378780366,L10920210101AL,1,1,Producción,MA-20210628,Cocina,
MOV-L11020210101XQ-MA-20210628,2021-06-28,Merma,110,kg,-0.04015835171572074,L11020210101XQ,1,1,Producción,MA-20210628,Cocina,
MOV-L11120210101EB-MA-20210628,2021-06-28,Merma,111,unid,-0.2978123082346323,L11120210101EB,1,3,Producción,MA-20210628,Cocina,
MOV-L11220210101EC-MA-20210628,2021-06-28,Merma,112,kg,-0.024499678846434135,L11220210101EC,1,1,Producción,MA-20210628,Cocina,
MOV-L11320210101GN-MA-20210628,2021-06-28,Merma,113,kg,-0.02272219507448935,L11320210101GN,1,2,Producción,MA-20210628,Cocina,
MOV-L11420210101TB-MA-20210628,2021-06-28,Merma,114,kg,-0.04729587886636779,L11420210101TB,1,2,Producción,MA-20210628,Cocina,
MOV-L11520210101NP-MA-20210628,2021-06-28,Merma,115,kg,-0.04624411473163395,L11520210101NP,1,3,Producción,MA-20210628,Cocina,
MOV-L11620210101FL-MA-20210628,2021-06-28,Merma,116,kg,-0.0309097675846946,L11620210101FL,1,2,Producción,MA-20210628,Cocina,
MOV-L11720210101WS-MA-20210628,2021-06-28,Merma,117,L,-0.04985521700681902,L11720210101WS,1,2,Producción,MA-20210628,Cocina,
MOV-L11820210101YK-MA-20210628,2021-06-28,Merma,118,L,-0.024015083131277124,L11820210101YK,1,1,Producción,MA-20210628,Cocina,
MOV-L11920210101AE-MA-20210628,2021-06-28,Merma,119,L,-0.029394299677995256,L11920210101AE,1,3,Producción,MA-20210628,Cocina,
MOV-L12020210101EJ-MA-20210628,2021-06-28,Merma,120,kg,-0.04719942495053105,L12020210101EJ,1,1,Producción,MA-20210628,Cocina,
MOV-L12120210101OM-MA-20210628,2021-06-28,Merma,121,kg,-0.05256707538199176,L12120210101OM,1,1,Producción,MA-20210628,Cocina,
MOV-L12220210101TY-MA-20210628,2021-06-28,Merma,122,kg,-0.03795473952572305,L12220210101TY,1,1,Producción,MA-20210628,Cocina,
MOV-L10120210101BX-MA-20210728,2021-07-28,Merma,101,kg,-0.025920076154249756,L10120210101BX,1,1,Producción,MA-20210728,Cocina,
MOV-L10220210101WF-MA-20210728,2021-07-28,Merma,102,kg,-0.05246634175442513,L10220210101WF,1,2,Producción,MA-20210728,Cocina,
MOV-L10320210101BG-MA-20210728,2021-07-28,Merma,103,kg,-0.047722535861386785,L10320210101BG,1,2,Producción,MA-20210728,Cocina,
MOV-L10420210101BO-MA-20210728,2021-07-28,Merma,104,kg,-0.03628025630743449,L10420210101BO,1,4,Producción,MA-20210728,Cocina,
MOV-L10520210101TC-MA-20210728,2021-07-28,Merma,105,kg,-0.02679007091137397,L10520210101TC,1,1,Producción,MA-20210728,Cocina,
MOV-L10620210101JB-MA-20210728,2021-07-28,Merma,106,kg,-0.024484370708267117,L10620210101JB,1,2,Producción,MA-20210728,Cocina,
MOV-L10720210101DZ-MA-20210728,2021-07-28,Merma,107,kg,-0.05483285255146677,L10720210101DZ,1,4,Producción,MA-20210728,Cocina,
MOV-L10820210101NG-MA-20210728,2021-07-28,Merma,108,kg,-0.05495781204297784,L10820210101NG,1,1,Producción,MA-20210728,Cocina,
MOV-L10920210101AL-MA-20210728,2021-07-28,Merma,109,kg,-0.05095884503823501,L10920210101AL,1,1,Producción,MA-20210728,Cocina,
MOV-L11020210101XQ-MA-20210728,2021-07-28,Merma,110,kg,-0.03967645149513209,L11020210101XQ,1,1,Producción,MA-20210728,Cocina,
MOV-L11120210101EB-MA-20210728,2021-07-28,Merma,111,unid,-0.2942385605358167,L11120210101EB,1,3,Producción,MA-20210728,Cocina,
MOV-L11220210101EC-MA-20210728,2021-07-28,Merma,112,kg,-0.024205682700276926,L11220210101EC,1,1,Producción,MA-20210728,Cocina,
MOV-L11320210101GN-MA-20210728,2021-07-28,Merma,113,kg,-0.022449528733595476,L11320210101GN,1,2,Producción,MA-20210728,Cocina,
MOV-L11420210101TB-MA-20210728,2021-07-28,Merma,114,kg,-0.046728328319971375,L11420210101TB,1,2,Producción,MA-20210728,Cocina,
MOV-L11520210101NP-MA-20210728,2021-07-28,Merma,115,kg,-0.04568918535485434,L11520210101NP,1,3,Producción,MA-20210728,Cocina,
MOV-L11620210101FL-MA-20210728,2021-07-28,Merma,116,kg,-0.03053885037367826,L11620210101FL,1,2,Producción,MA-20210728,Cocina,
MOV-L11720210101WS-MA-20210728,2021-07-28,Merma,117,L,-0.049256954402737196,L11720210101WS,1,2,Producción,MA-20210728,Cocina,
MOV-L11820210101YK-MA-20210728,2021-07-28,Merma,118,L,-0.023726902133701797,L11820210101YK,1,1,Producción,MA-20210728,Cocina,
MOV-L11920210101AE-MA-20210728,2021-07-28,Merma,119,L,-0.029041568081859315,L11920210101AE,1,3,Producción,MA-20210728,Cocina,
MOV-L12020210101EJ-MA-20210728,2021-07-28,Merma,120,kg,-0.04663303185112468,L12020210101EJ,1,1,Producción,MA-20210728,Cocina,
MOV-L12120210101OM-MA-20210728,2021-07-28,Merma,121,kg,-0.051936270477407856,L12120210101OM,1,1,Producción,MA-20210728,Cocina,
MOV-L12220210101TY-MA-20210728,2021-07-28,Merma,122,kg,-0.037499282651414376,L12220210101TY,1,1,Producción,MA-20210728,Cocina,
MOV-L10120210101BX-MA-20210828,2021-08-28,Merma,101,kg,-0.02560903524039876,L10120210101BX,1,1,Producción,MA-20210828,Cocina,
MOV-L10220210101WF-MA-20210828,2021-08-28,Merma,102,kg,-0.05183674565337203,L10220210101WF,1,2,Producción,MA-20210828,Cocina,
MOV-L10320210101BG-MA-20210828,2021-08-28,Merma,103,kg,-0.047149865431050146,L10320210101BG,1,2,Producción,MA-20210828,Cocina,
MOV-L10420210101BO-MA-20210828,2021-08-28,Merma,104,kg,-0.03584489323174528,L10420210101BO,1,4,Producción,MA-20210828,Cocina,
MOV-L10520210101TC-MA-20210828,2021-08-28,Merma,105,kg,-0.02646859006043748,L10520210101TC,1,1,Producción,MA-20210828,Cocina,
MOV-L10620210101JB-MA-20210828,2021-08-28,Merma,106,kg,-0.024190558259767916,L10620210101JB,1,2,Producción,MA-20210828,Cocina,
MOV-L10720210101DZ-MA-20210828,2021-08-28,Merma,107,kg,-0.054174858320849166,L10720210101DZ,1,4,Producción,MA-20210828,Cocina,
MOV-L10820210101NG-MA-20210828,2021-08-28,Merma,108,kg,-0.05429831829846211,L10820210101NG,1,1,Producción,MA-20210828,Cocina,
MOV-L10920210101AL-MA-20210828,2021-08-28,Merma,109,kg,-0.05034733889777618,L10920210101AL,1,1,Producción,MA-20210828,Cocina,
MOV-L11020210101XQ-MA-20210828,2021-08-28,Merma,110,kg,-0.03920033407719051,L11020210101XQ,1,1,Producción,MA-20210828,Cocina,
MOV-L11120210101EB-MA-20210828,2021-08-28,Merma,111,unid,-0.2907076978093869,L11120210101EB,1,3,Producción,MA-20210828,Cocina,
MOV-L11220210101EC-MA-20210828,2021-08-28,Merma,112,kg,-0.0239152145078736,L11220210101EC,1,1,Producción,MA-20210828,Cocina,
MOV-L11320210101GN-MA-20210828,2021-08-28,Merma,113,kg,-0.02218013438879233,L11320210101GN,1,2,Producción,MA-20210828,Cocina,
MOV-L11420210101TB-MA-20210828,2021-08-28,Merma,114,kg,-0.04616758838013172,L11420210101TB,1,2,Producción,MA-20210828,Cocina,
MOV-L11520210101NP-MA-20210828,2021-08-28,Merma,115,kg,-0.045140915130596086,L11520210101NP,1,3,Producción,MA-20210828,Cocina,
MOV-L11620210101FL-MA-20210828,2021-08-28,Merma,116,kg,-0.030172384169194124,L11620210101FL,1,2,Producción,MA-20210828,Cocina,
MOV-L11720210101WS-MA-20210828,2021-08-28,Merma,117,L,-0.04866587094990435,L11720210101WS,1,2,Producción,MA-20210828,Cocina,
MOV-L11820210101YK-MA-20210828,2021-08-28,Merma,118,L,-0.023442179308097374,L11820210101YK,1,1,Producción,MA-20210828,Cocina,
MOV-L11920210101AE-MA-20210828,2021-08-28,Merma,119,L,-0.028693069264877004,L11920210101AE,1,3,Producción,MA-20210828,Cocina,
MOV-L12020210101EJ-MA-20210828,2021-08-28,Merma,120,kg,-0.046073435468911184,L12020210101EJ,1,1,Producción,MA-20210828,Cocina,
MOV-L12120210101OM-MA-20210828,2021-08-28,Merma,121,kg,-0.05131303523167896,L12120210101OM,1,1,Producción,MA-20210828,Cocina,
MOV-L12220210101TY-MA-20210828,2021-08-28,Merma,122,kg,-0.037049291259597404,L12220210101TY,1,1,Producción,MA-20210828,Cocina,
MOV-L10120210101BX-MA-20210928,2021-09-28,Merma,101,kg,-0.025301726817513973,L10120210101BX,1,1,Producción,MA-20210928,Cocina,
MOV-L10220210101WF-MA-20210928,2021-09-28,Merma,102,kg,-0.05121470470553157,L10220210101WF,1,2,Producción,MA-20210928,Cocina,
MOV-L10320210101BG-MA-20210928,2021-09-28,Merma,103,kg,-0.046584067045877545,L10320210101BG,1,2,Producción,MA-20210928,Cocina,
MOV-L10420210101BO-MA-20210928,2021-09-28,Merma,104,kg,-0.03541475451296433,L10420210101BO,1,4,Producción,MA-20210928,Cocina,
MOV-L10520210101TC-MA-20210928,2021-09-28,Merma,105,kg,-0.026150966979712233,L10520210101TC,1,1,Producción,MA-20210928,Cocina,
MOV-L10620210101JB-MA-20210928,2021-09-28,Merma,106,kg,-0.0239002715606507,L10620210101JB,1,2,Producción,MA-20210928,Cocina,
MOV-L10720210101DZ-MA-20210928,2021-09-28,Merma,107,kg,-0.053524760020998985,L10720210101DZ,1,4,Producción,MA-20210928,Cocina,
MOV-L10820210101NG-MA-20210928,2021-09-28,Merma,108,kg,-0.05364673847888056,L10820210101NG,1,1,Producción,MA-20210928,Cocina,
MOV-L10920210101AL-MA-20210928,2021-09-28,Merma,109,kg,-0.04974317083100287,L10920210101AL,1,1,Producción,MA-20210928,Cocina,
MOV-L11020210101XQ-MA-20210928,2021-09-28,Merma,110,kg,-0.03872993006826422,L11020210101XQ,1,1,Producción,MA-20210928,Cocina,
MOV-L11120210101EB-MA-20210928,2021-09-28,Merma,111,unid,-0.28721920543567425,L11120210101EB,1,3,Producción,MA-20210928,Cocina,
MOV-L11220210101EC-MA-20210928,2021-09-28,Merma,112,kg,-0.023628231933779116,L11220210101EC,1,1,Producción,MA-20210928,Cocina,
MOV-L11320210101GN-MA-20210928,2021-09-28,Merma,113,kg,-0.021913972776126823,L11320210101GN,1,2,Producción,MA-20210928,Cocina,
MOV-L11420210101TB-MA-20210928,2021-09-28,Merma,114,kg,-0.04561357731957014,L11420210101TB,1,2,Producción,MA-20210928,Cocina,
MOV-L11520210101NP-MA-20210928,2021-09-28,Merma,115,kg,-0.044599224149028935,L11520210101NP,1,3,Producción,MA-20210928,Cocina,
MOV-L11620210101FL-MA-20210928,2021-09-28,Merma,116,kg,-0.029810315559163796,L11620210101FL,1,2,Producción,MA-20210928,Cocina,
MOV-L11720210101WS-MA-20210928,2021-09-28,Merma,117,L,-0.0480818804985055,L11720210101WS,1,2,Producción,MA-20210928,Cocina,
MOV-L11820210101YK-MA-20210928,2021-09-28,Merma,118,L,-0.023160873156400207,L11820210101YK,1,1,Producción,MA-20210928,Cocina,
MOV-L11920210101AE-MA-20210928,2021-09-28,Merma,119,L,-0.02834875243369848,L11920210101AE,1,3,Producción,MA-20210928,Cocina,
MOV-L12020210101EJ-MA-20210928,2021-09-28,Merma,120,kg,-0.045520554243284245,L12020210101EJ,1,1,Producción,MA-20210928,Cocina,
MOV-L12120210101OM-MA-20210928,2021-09-28,Merma,121,kg,-0.05069727880889881,L12120210101OM,1,1,Producción,MA-20210928,Cocina,
MOV-L12220210101TY-MA-20210928,2021-09-28,Merma,122,kg,-0.03660469976448223,L12220210101TY,1,1,Producción,MA-20210928,Cocina,
MOV-L10120210101BX-MA-20211028,2021-10-28,Merma,101,kg,-0.024998106095703805,L10120210101BX,1,1,Producción,MA-20211028,Cocina,
MOV-L10220210101WF-MA-20211028,2021-10-28,Merma,102,kg,-0.05060012824906519,L10220210101WF,1,2,Producción,MA-20211028,Cocina,
MOV-L10320210101BG-MA-20211028,2021-10-28,Merma,103,kg,-0.046025058241327015,L10320210101BG,1,2,Producción,MA-20211028,Cocina,
MOV-L10420210101BO-MA-20211028,2021-10-28,Merma,104,kg,-0.034989777458808755,L10420210101BO,1,4,Producción,MA-20211028,Cocina,
MOV-L10520210101TC-MA-20211028,2021-10-28,Merma,105,kg,-0.025837155375955687,L10520210101TC,1,1,Producción,MA-20211028,Cocina,
MOV-L10620210101JB-MA-20211028,2021-10-28,Merma,106,kg,-0.02361346830192289,L10620210101JB,1,2,Producción,MA-20211028,Cocina,
MOV-L10720210101DZ-MA-20211028,2021-10-28,Merma,107,kg,-0.05288246290074699,L10720210101DZ,1,4,Producción,MA-20211028,Cocina,
MOV-L10820210101NG-MA-20211028,2021-10-28,Merma,108,kg,-0.053002977617133996,L10820210101NG,1,1,Producción,MA-20211028,Cocina,
MOV-L10920210101AL-MA-20211028,2021-10-28,Merma,109,kg,-0.04914625278103083,L10920210101AL,1,1,Producción,MA-20211028,Cocina,
MOV-L11020210101XQ-MA-20211028,2021-10-28,Merma,110,kg,-0.03826517090744505,L11020210101XQ,1,1,Producción,MA-20211028,Cocina,
MOV-L11120210101EB-MA-20211028,2021-10-28,Merma,111,unid,-0.2837725749704461,L11120210101EB,1,3,Producción,MA-20211028,Cocina,
MOV-L11220210101EC-MA-20211028,2021-10-28,Merma,112,kg,-0.02334469315057377,L11220210101EC,1,1,Producción,MA-20211028,Cocina,
MOV-L11320210101GN-MA-20211028,2021-10-28,Merma,113,kg,-0.0216510051028133,L11320210101GN,1,2,Producción,MA-20211028,Cocina,
MOV-L11420210101TB-MA-20211028,2021-10-28,Merma,114,kg,-0.0450662143917353,L11420210101TB,1,2,Producción,MA-20211028,Cocina,
MOV-L11520210101NP-MA-20211028,2021-10-28,Merma,115,kg,-0.044064033459240586,L11520210101NP,1,3,Producción,MA-20211028,Cocina,
MOV-L11620210101FL-MA-20211028,2021-10-28,Merma,116,kg,-0.02945259177245383,L11620210101FL,1,2,Producción,MA-20211028,Cocina,
MOV-L11720210101WS-MA-20211028,2021-10-28,Merma,117,L,-0.04750489793252344,L11720210101WS,1,2,Producción,MA-20211028,Cocina,
MOV-L11820210101YK-MA-20211028,2021-10-28,Merma,118,L,-0.022882942678523404,L11820210101YK,1,1,Producción,MA-20211028,Cocina,
MOV-L11920210101AE-MA-20211028,2021-10-28,Merma,119,L,-0.0280085674044941,L11920210101AE,1,3,Producción,MA-20211028,Cocina,
MOV-L12020210101EJ-MA-20211028,2021-10-28,Merma,120,kg,-0.044974307592364836,L12020210101EJ,1,1,Producción,MA-20211028,Cocina,
MOV-L12120210101OM-MA-20211028,2021-10-28,Merma,121,kg,-0.05008891146319202,L12120210101OM,1,1,Producción,MA-20211028,Cocina,
MOV-L12220210101TY-MA-20211028,2021-10-28,Merma,122,kg,-0.036165443367308446,L12220210101TY,1,1,Producción,MA-20211028,Cocina,
MOV-L10120210101BX-MA-20211128,2021-11-28,Merma,101,kg,-0.02469812882255536,L10120210101BX,1,1,Producción,MA-20211128,Cocina,
MOV-L10220210101WF-MA-20211128,2021-11-28,Merma,102,kg,-0.049992926710076414,L10220210101WF,1,2,Producción,MA-20211128,Cocina,
MOV-L10320210101BG-MA-20211128,2021-11-28,Merma,103,kg,-0.04547275754243109,L10320210101BG,1,2,Producción,MA-20211128,Cocina,
MOV-L10420210101BO-MA-20211128,2021-11-28,Merma,104,kg,-0.03456990012930305,L10420210101BO,1,4,Producción,MA-20211128,Cocina,
MOV-L10520210101TC-MA-20211128,2021-11-28,Merma,105,kg,-0.02552710951144422,L10520210101TC,1,1,Producción,MA-20211128,Cocina,
MOV-L10620210101JB-MA-20211128,2021-11-28,Merma,106,kg,-0.023330106682299817,L10620210101JB,1,2,Producción,MA-20211128,Cocina,
MOV-L10720210101DZ-MA-20211128,2021-11-28,Merma,107,kg,-0.05224787334593802,L10720210101DZ,1,4,Producción,MA-20211128,Cocina,
MOV-L10820210101NG-MA-20211128,2021-11-28,Merma,108,kg,-0.05236694188572839,L10820210101NG,1,1,Producción,MA-20211128,Cocina,
MOV-L10920210101AL-MA-20211128,2021-11-28,Merma,109,kg,-0.04855649774765846,L10920210101AL,1,1,Producción,MA-20211128,Cocina,
MOV-L11020210101XQ-MA-20211128,2021-11-28,Merma,110,kg,-0.037805988856555714,L11020210101XQ,1,1,Producción,MA-20211128,Cocina,
MOV-L11120210101EB-MA-20211128,2021-11-28,Merma,111,unid,-0.2803673040708008,L11120210101EB,1,3,Producción,MA-20211128,Cocina,
MOV-L11220210101EC-MA-20211128,2021-11-28,Merma,112,kg,-0.023064556832766883,L11220210101EC,1,1,Producción,MA-20211128,Cocina,
MOV-L11320210101GN-MA-20211128,2021-11-28,Merma,113,kg,-0.021391193041579538,L11320210101GN,1,2,Producción,MA-20211128,Cocina,
MOV-L11420210101TB-MA-20211128,2021-11-28,Merma,114,kg,-0.04452541981903447,L11420210101TB,1,2,Producción,MA-20211128,Cocina,
MOV-L11520210101NP-MA-20211128,2021-11-28,Merma,115,kg,-0.0435352650577297,L11520210101NP,1,3,Producción,MA-20211128,Cocina,
MOV-L11620210101FL-MA-20211128,2021-11-28,Merma,116,kg,-0.029099160671184385,L11620210101FL,1,2,Producción,MA-20211128,Cocina,
MOV-L11720210101WS-MA-20211128,2021-11-28,Merma,117,L,-0.04693483915733315,L11720210101WS,1,2,Producción,MA-20211128,Cocina,
MOV-L11820210101YK-MA-20211128,2021-11-28,Merma,118,L,-0.022608347366381124,L11820210101YK,1,1,Producción,MA-20211128,Cocina,
MOV-L11920210101AE-MA-20211128,2021-11-28,Merma,119,L,-0.02767246459564017,L11920210101AE,1,3,Producción,MA-20211128,Cocina,
MOV-L12020210101EJ-MA-20211128,2021-11-28,Merma,120,kg,-0.044434615901256455,L12020210101EJ,1,1,Producción,MA-20211128,Cocina,
MOV-L12120210101OM-MA-20211128,2021-11-28,Merma,121,kg,-0.04948784452563372,L12120210101OM,1,1,Producción,MA-20211128,Cocina,
MOV-L12220210101TY-MA-20211128,2021-11-28,Merma,122,kg,-0.03573145804690074,L12220210101TY,1,1,Producción,MA-20211128,Cocina,
MOV-L10120210101BX-MA-20211228,2021-12-28,Merma,101,kg,-0.0244017512766847,L10120210101BX,1,1,Producción,MA-20211228,Cocina,
MOV-L10220210101WF-MA-20211228,2021-12-28,Merma,102,kg,-0.0493930115895555,L10220210101WF,1,2,Producción,MA-20211228,Cocina,
MOV-L10320210101BG-MA-20211228,2021-12-28,Merma,103,kg,-0.044927084451921916,L10320210101BG,1,2,Producción,MA-20211228,Cocina,
MOV-L10420210101BO-MA-20211228,2021-12-28,Merma,104,kg,-0.03415506132775142,L10420210101BO,1,4,Producción,MA-20211228,Cocina,
MOV-L10520210101TC-MA-20211228,2021-12-28,Merma,105,kg,-0.02522078419730689,L10520210101TC,1,1,Producción,MA-20211228,Cocina,
MOV-L10620210101JB-MA-20211228,2021-12-28,Merma,106,kg,-0.02305014540211222,L10620210101JB,1,2,Producción,MA-20211228,Cocina,
MOV-L10720210101DZ-MA-20211228,2021-12-28,Merma,107,kg,-0.05162089886578677,L10720210101DZ,1,4,Producción,MA-20211228,Cocina,
MOV-L10820210101NG-MA-20211228,2021-12-28,Merma,108,kg,-0.05173853858309964,L10820210101NG,1,1,Producción,MA-20211228,Cocina,
MOV-L10920210101AL-MA-20211228,2021-12-28,Merma,109,kg,-0.04797381977468656,L10920210101AL,1,1,Producción,MA-20211228,Cocina,
MOV-L11020210101XQ-MA-20211228,2021-12-28,Merma,110,kg,-0.037352316990277044,L11020210101XQ,1,1,Producción,MA-20211228,Cocina,
MOV-L11120210101EB-MA-20211228,2021-12-28,Merma,111,unid,-0.2770028964219512,L11120210101EB,1,3,Producción,MA-20211228,Cocina,
MOV-L11220210101EC-MA-20211228,2021-12-28,Merma,112,kg,-0.022787782150773678,L11220210101EC,1,1,Producción,MA-20211228,Cocina,
MOV-L11320210101GN-MA-20211228,2021-12-28,Merma,113,kg,-0.021134498725080584,L11320210101GN,1,2,Producción,MA-20211228,Cocina,
MOV-L11420210101TB-MA-20211228,2021-12-28,Merma,114,kg,-0.043991114781206056,L11420210101TB,1,2,Producción,MA-20211228,Cocina,
MOV-L11520210101NP-MA-20211228,2021-12-28,Merma,115,kg,-0.043012841877036946,L11520210101NP,1,3,Producción,MA-20211228,Cocina,
MOV-L11620210101FL-MA-20211228,2021-12-28,Merma,116,kg,-0.028749970743130175,L11620210101FL,1,2,Producción,MA-20211228,Cocina,
MOV-L11720210101WS-MA-20211228,2021-12-28,Merma,117,L,-0.04637162108744516,L11720210101WS,1,2,Producción,MA-20211228,Cocina,
MOV-L11820210101YK-MA-20211228,2021-12-28,Merma,118,L,-0.02233704719798455,L11820210101YK,1,1,Producción,MA-20211228,Cocina,
MOV-L11920210101AE-MA-20211228,2021-12-28,Merma,119,L,-0.027340395020492486,L11920210101AE,1,3,Producción,MA-20211228,Cocina,
MOV-L12020210101EJ-MA-20211228,2021-12-28,Merma,120,kg,-0.04390140051044138,L12020210101EJ,1,1,Producción,MA-20211228,Cocina,
MOV-L12120210101OM-MA-20211228,2021-12-28,Merma,121,kg,-0.048893990391326116,L12120210101OM,1,1,Producción,MA-20211228,Cocina,
MOV-L12220210101TY-MA-20211228,2021-12-28,Merma,122,kg,-0.03530268055033794,L12220210101TY,1,1,Producción,MA-20211228,Cocina,
MOV-L10120210101BX-MA-20220128,2022-01-28,Merma,101,kg,-0.024108930261364483,L10120210101BX,1,1,Producción,MA-20220128,Cocina,
MOV-L10220210101WF-MA-20220128,2022-01-28,Merma,102,kg,-0.048800295450480834,L10220210101WF,1,2,Producción,MA-20220128,Cocina,
MOV-L10320210101BG-MA-20220128,2022-01-28,Merma,103,kg,-0.04438795943849885,L10320210101BG,1,2,Producción,MA-20220128,Cocina,
MOV-L10420210101BO-MA-20220128,2022-01-28,Merma,104,kg,-0.033745200591818396,L10420210101BO,1,4,Producción,MA-20220128,Cocina,
MOV-L10520210101TC-MA-20220128,2022-01-28,Merma,105,kg,-0.024918134786939203,L10520210101TC,1,1,Producción,MA-20220128,Cocina,
MOV-L10620210101JB-MA-20220128,2022-01-28,Merma,106,kg,-0.022773543657286874,L10620210101JB,1,2,Producción,MA-20220128,Cocina,
MOV-L10720210101DZ-MA-20220128,2022-01-28,Merma,107,kg,-0.05100144807939732,L10720210101DZ,1,4,Producción,MA-20220128,Cocina,
MOV-L10820210101NG-MA-20220128,2022-01-28,Merma,108,kg,-0.05111767612010245,L10820210101NG,1,1,Producción,MA-20220128,Cocina,
MOV-L10920210101AL-MA-20220128,2022-01-28,Merma,109,kg,-0.04739813393739032,L10920210101AL,1,1,Producción,MA-20220128,Cocina,
MOV-L11020210101XQ-MA-20220128,2022-01-28,Merma,110,kg,-0.03690408918639372,L11020210101XQ,1,1,Producción,MA-20220128,Cocina,
MOV-L11120210101EB-MA-20220128,2022-01-28,Merma,111,unid,-0.27367886166488775,L11120210101EB,1,3,Producción,MA-20220128,Cocina,
MOV-L11220210101EC-MA-20220128,2022-01-28,Merma,112,kg,-0.022514328764964394,L11220210101EC,1,1,Producción,MA-20220128,Cocina,
MOV-L11320210101GN-MA-20220128,2022-01-28,Merma,113,kg,-0.020880884740379618,L11320210101GN,1,2,Producción,MA-20220128,Cocina,
MOV-L11420210101TB-MA-20220128,2022-01-28,Merma,114,kg,-0.04346322140383159,L11420210101TB,1,2,Producción,MA-20220128,Cocina,
MOV-L11520210101NP-MA-20220128,2022-01-28,Merma,115,kg,-0.0424966877745125,L11520210101NP,1,3,Producción,MA-20220128,Cocina,
MOV-L11620210101FL-MA-20220128,2022-01-28,Merma,116,kg,-0.02840497109421261,L11620210101FL,1,2,Producción,MA-20220128,Cocina,
MOV-L11720210101WS-MA-20220128,2022-01-28,Merma,117,L,-0.045815161634395814,L11720210101WS,1,2,Producción,MA-20220128,Cocina,
MOV-L11820210101YK-MA-20220128,2022-01-28,Merma,118,L,-0.02206900263160874,L11820210101YK,1,1,Producción,MA-20220128,Cocina,
MOV-L11920210101AE-MA-20220128,2022-01-28,Merma,119,L,-0.027012310280246577,L11920210101AE,1,3,Producción,MA-20220128,Cocina,
MOV-L12020210101EJ-MA-20220128,2022-01-28,Merma,120,kg,-0.043374583704316086,L12020210101EJ,1,1,Producción,MA-20220128,Cocina,
MOV-L12120210101OM-MA-20220128,2022-01-28,Merma,121,kg,-0.04830726250663021,L12120210101OM,1,1,Producción,MA-20220128,Cocina,
MOV-L12220210101TY-MA-20220128,2022-01-28,Merma,122,kg,-0.03487904838373388,L12220210101TY,1,1,Producción,MA-20220128,Cocina,
MOV-L10120210101BX-MA-20220228,2022-02-28,Merma,101,kg,-0.02381962309822811,L10120210101BX,1,1,Producción,MA-20220228,Cocina,
MOV-L10220210101WF-MA-20220228,2022-02-28,Merma,102,kg,-0.04821469190507507,L10220210101WF,1,2,Producción,MA-20220228,Cocina,
MOV-L10320210101BG-MA-20220228,2022-02-28,Merma,103,kg,-0.04385530392523687,L10320210101BG,1,2,Producción,MA-20220228,Cocina,
MOV-L10420210101BO-MA-20220228,2022-02-28,Merma,104,kg,-0.03334025818471658,L10420210101BO,1,4,Producción,MA-20220228,Cocina,
MOV-L10520210101TC-MA-20220228,2022-02-28,Merma,105,kg,-0.02461911716949593,L10520210101TC,1,1,Producción,MA-20220228,Cocina,
MOV-L10620210101JB-MA-20220228,2022-02-28,Merma,106,kg,-0.02250026113339943,L10620210101JB,1,2,Producción,MA-20220228,Cocina,
MOV-L10720210101DZ-MA-20220228,2022-02-28,Merma,107,kg,-0.05038943070244456,L10720210101DZ,1,4,Producción,MA-20220228,Cocina,
MOV-L10820210101NG-MA-20220228,2022-02-28,Merma,108,kg,-0.05050426400666122,L10820210101NG,1,1,Producción,MA-20220228,Cocina,
MOV-L10920210101AL-MA-20220228,2022-02-28,Merma,109,kg,-0.04682935633014164,L10920210101AL,1,1,Producción,MA-20220228,Cocina,
MOV-L11020210101XQ-MA-20220228,2022-02-28,Merma,110,kg,-0.03646124011615699,L11020210101XQ,1,1,Producción,MA-20220228,Cocina,
MOV-L11120210101EB-MA-20220228,2022-02-28,Merma,111,unid,-0.2703947153249091,L11120210101EB,1,3,Producción,MA-20220228,Cocina,
MOV-L11220210101EC-MA-20220228,2022-02-28,Merma,112,kg,-0.022244156819784824,L11220210101EC,1,1,Producción,MA-20220228,Cocina,
MOV-L11320210101GN-MA-20220228,2022-02-28,Merma,113,kg,-0.02063031412349506,L11320210101GN,1,2,Producción,MA-20220228,Cocina,
MOV-L11420210101TB-MA-20220228,2022-02-28,Merma,114,kg,-0.042941662746985604,L11420210101TB,1,2,Producción,MA-20220228,Cocina,
MOV-L11520210101NP-MA-20220228,2022-02-28,Merma,115,kg,-0.041986727521218355,L11520210101NP,1,3,Producción,MA-20220228,Cocina,
MOV-L11620210101FL-MA-20220228,2022-02-28,Merma,116,kg,-0.02806411144108206,L11620210101FL,1,2,Producción,MA-20220228,Cocina,
MOV-L11720210101WS-MA-20220228,2022-02-28,Merma,117,L,-0.045265379694783066,L11720210101WS,1,2,Producción,MA-20220228,Cocina,
MOV-L11820210101YK-MA-20220228,2022-02-28,Merma,118,L,-0.02180417460002943,L11820210101YK,1,1,Producción,MA-20220228,Cocina,
MOV-L11920210101AE-MA-20220228,2022-02-28,Merma,119,L,-0.02668816255688362,L11920210101AE,1,3,Producción,MA-20220228,Cocina,
MOV-L12020210101EJ-MA-20220228,2022-02-28,Merma,120,kg,-0.04285408869986429,L12020210101EJ,1,1,Producción,MA-20220228,Cocina,
MOV-L12120210101OM-MA-20220228,2022-02-28,Merma,121,kg,-0.047727575356550644,L12120210101OM,1,1,Producción,MA-20220228,Cocina,
MOV-L12220210101TY-MA-20220228,2022-02-28,Merma,122,kg,-0.03446049980312907,L12220210101TY,1,1,Producción,MA-20220228,Cocina,
MOV-L10120210101BX-MA-20220328,2022-03-28,Merma,101,kg,-0.023533787621049372,L10120210101BX,1,1,Producción,MA-20220328,Cocina,
MOV-L10220210101WF-MA-20220328,2022-03-28,Merma,102,kg,-0.04763611560221416,L10220210101WF,1,2,Producción,MA-20220328,Cocina,
MOV-L10320210101BG-MA-20220328,2022-03-28,Merma,103,kg,-0.04332904027813403,L10320210101BG,1,2,Producción,MA-20220328,Cocina,
MOV-L10420210101BO-MA-20220328,2022-03-28,Merma,104,kg,-0.032940175086499976,L10420210101BO,1,4,Producción,MA-20220328,Cocina,
MOV-L10520210101TC-MA-20220328,2022-03-28,Merma,105,kg,-0.02432368776346198,L10520210101TC,1,1,Producción,MA-20220328,Cocina,
MOV-L10620210101JB-MA-20220328,2022-03-28,Merma,106,kg,-0.02223025799979864,L10620210101JB,1,2,Producción,MA-20220328,Cocina,
MOV-L10720210101DZ-MA-20220328,2022-03-28,Merma,107,kg,-0.04978475753401523,L10720210101DZ,1,4,Producción,MA-20220328,Cocina,
MOV-L10820210101NG-MA-20220328,2022-03-28,Merma,108,kg,-0.049898212838581285,L10820210101NG,1,1,Producción,MA-20220328,Cocina,
MOV-L10920210101AL-MA-20220328,2022-03-28,Merma,109,kg,-0.046267404054179936,L10920210101AL,1,1,Producción,MA-20220328,Cocina,
MOV-L11020210101XQ-MA-20220328,2022-03-28,Merma,110,kg,-0.036023705234763115,L11020210101XQ,1,1,Producción,MA-20220328,Cocina,
MOV-L11120210101EB-MA-20220328,2022-03-28,Merma,111,unid,-0.2671499787410102,L11120210101EB,1,3,Producción,MA-20220328,Cocina,
MOV-L11220210101EC-MA-20220328,2022-03-28,Merma,112,kg,-0.021977226937947406,L11220210101EC,1,1,Producción,MA-20220328,Cocina,
MOV-L11320210101GN-MA-20220328,2022-03-28,Merma,113,kg,-0.02038275035401312,L11320210101GN,1,2,Producción,MA-20220328,Cocina,
MOV-L11420210101TB-MA-20220328,2022-03-28,Merma,114,kg,-0.04242636279402178,L11420210101TB,1,2,Producción,MA-20220328,Cocina,
MOV-L11520210101NP-MA-20220328,2022-03-28,Merma,115,kg,-0.04148288679096373,L11520210101NP,1,3,Producción,MA-20220328,Cocina,
MOV-L11620210101FL-MA-20220328,2022-03-28,Merma,116,kg,-0.027727342103789073,L11620210101FL,1,2,Producción,MA-20220328,Cocina,
MOV-L11720210101WS-MA-20220328,2022-03-28,Merma,117,L,-0.044722195138445664,L11720210101WS,1,2,Producción,MA-20220328,Cocina,
MOV-L11820210101YK-MA-20220328,2022-03-28,Merma,118,L,-0.021542524504829078,L11820210101YK,1,1,Producción,MA-20220328,Cocina,
MOV-L11920210101AE-MA-20220328,2022-03-28,Merma,119,L,-0.026367904606201018,L11920210101AE,1,3,Producción,MA-20220328,Cocina,
MOV-L12020210101EJ-MA-20220328,2022-03-28,Merma,120,kg,-0.04233983963546592,L12020210101EJ,1,1,Producción,MA-20220328,Cocina,
MOV-L12120210101OM-MA-20220328,2022-03-28,Merma,121,kg,-0.04715484445227204,L12120210101OM,1,1,Producción,MA-20220328,Cocina,
MOV-L12220210101TY-MA-20220328,2022-03-28,Merma,122,kg,-0.03404697380549152,L12220210101TY,1,1,Producción,MA-20220328,Cocina,
MOV-L10120210101BX-MA-20220428,2022-04-28,Merma,101,kg,-0.023251382169596782,L10120210101BX,1,1,Producción,MA-20220428,Cocina,
MOV-L10220210101WF-MA-20220428,2022-04-28,Merma,102,kg,-0.04706448221498759,L10220210101WF,1,2,Producción,MA-20220428,Cocina,
MOV-L10320210101BG-MA-20220428,2022-04-28,Merma,103,kg,-0.04280909179479642,L10320210101BG,1,2,Producción,MA-20220428,Cocina,
MOV-L10420210101BO-MA-20220428,2022-04-28,Merma,104,kg,-0.03254489298546198,L10420210101BO,1,4,Producción,MA-20220428,Cocina,
MOV-L10520210101TC-MA-20220428,2022-04-28,Merma,105,kg,-0.024031803510300435,L10520210101TC,1,1,Producción,MA-20220428,Cocina,
MOV-L10620210101JB-MA-20220428,2022-04-28,Merma,106,kg,-0.021963494903801055,L10620210101JB,1,2,Producción,MA-20220428,Cocina,
MOV-L10720210101DZ-MA-20220428,2022-04-28,Merma,107,kg,-0.04918734044360704,L10720210101DZ,1,4,Producción,MA-20220428,Cocina,
MOV-L10820210101NG-MA-20220428,2022-04-28,Merma,108,kg,-0.04929943428451831,L10820210101NG,1,1,Producción,MA-20220428,Cocina,
MOV-L10920210101AL-MA-20220428,2022-04-28,Merma,109,kg,-0.04571219520552978,L10920210101AL,1,1,Producción,MA-20220428,Cocina,
MOV-L11020210101XQ-MA-20220428,2022-04-28,Merma,110,kg,-0.03559142077194596,L11020210101XQ,1,1,Producción,MA-20220428,Cocina,
MOV-L11120210101EB-MA-20220428,2022-04-28,Merma,111,unid,-0.2639441789961181,L11120210101EB,1,3,Producción,MA-20220428,Cocina,
MOV-L11220210101EC-MA-20220428,2022-04-28,Merma,112,kg,-0.021713500214692035,L11220210101EC,1,1,Producción,MA-20220428,Cocina,
MOV-L11320210101GN-MA-20220428,2022-04-28,Merma,113,kg,-0.020138157349764964,L11320210101GN,1,2,Producción,MA-20220428,Cocina,
MOV-L11420210101TB-MA-20220428,2022-04-28,Merma,114,kg,-0.041917246440493515,L11420210101TB,1,2,Producción,MA-20220428,Cocina,
MOV-L11520210101NP-MA-20220428,2022-04-28,Merma,115,kg,-0.040985092149472165,L11520210101NP,1,3,Producción,MA-20220428,Cocina,
MOV-L11620210101FL-MA-20220428,2022-04-28,Merma,116,kg,-0.027394613998543604,L11620210101FL,1,2,Producción,MA-20220428,Cocina,
MOV-L11720210101WS-MA-20220428,2022-04-28,Merma,117,L,-0.04418552879678432,L11720210101WS,1,2,Producción,MA-20220428,Cocina,
MOV-L11820210101YK-MA-20220428,2022-04-28,Merma,118,L,-0.02128401421077113,L11820210101YK,1,1,Producción,MA-20220428,Cocina,
MOV-L11920210101AE-MA-20220428,2022-04-28,Merma,119,L,-0.026051489750926606,L11920210101AE,1,3,Producción,MA-20220428,Cocina,
MOV-L12020210101EJ-MA-20220428,2022-04-28,Merma,120,kg,-0.041831761559840336,L12020210101EJ,1,1,Producción,MA-20220428,Cocina,
MOV-L12120210101OM-MA-20220428,2022-04-28,Merma,121,kg,-0.046588986318844776,L12120210101OM,1,1,Producción,MA-20220428,Cocina,
MOV-L12220210101TY-MA-20220428,2022-04-28,Merma,122,kg,-0.03363841011982562,L12220210101TY,1,1,Producción,MA-20220428,Cocina,
MOV-L10120210101BX-MA-20220528,2022-05-28,Merma,101,kg,-0.02297236558356162,L10120210101BX,1,1,Producción,MA-20220528,Cocina,
MOV-L10220210101WF-MA-20220528,2022-05-28,Merma,102,kg,-0.04649970842840774,L10220210101WF,1,2,Producción,MA-20220528,Cocina,
MOV-L10320210101BG-MA-20220528,2022-05-28,Merma,103,kg,-0.04229538269325886,L10320210101BG,1,2,Producción,MA-20220528,Cocina,
MOV-L10420210101BO-MA-20220528,2022-05-28,Merma,104,kg,-0.032154354269636434,L10420210101BO,1,4,Producción,MA-20220528,Cocina,
MOV-L10520210101TC-MA-20220528,2022-05-28,Merma,105,kg,-0.02374342186817683,L10520210101TC,1,1,Producción,MA-20220528,Cocina,
MOV-L10620210101JB-MA-20220528,2022-05-28,Merma,106,kg,-0.021699932964955444,L10620210101JB,1,2,Producción,MA-20220528,Cocina,
MOV-L10720210101DZ-MA-20220528,2022-05-28,Merma,107,kg,-0.04859709235828376,L10720210101DZ,1,4,Producción,MA-20220528,Cocina,
MOV-L10820210101NG-MA-20220528,2022-05-28,Merma,108,kg,-0.048707841073104094,L10820210101NG,1,1,Producción,MA-20220528,Cocina,
MOV-L10920210101AL-MA-20220528,2022-05-28,Merma,109,kg,-0.04516364886306342,L10920210101AL,1,1,Producción,MA-20220528,Cocina,
MOV-L11020210101XQ-MA-20220528,2022-05-28,Merma,110,kg,-0.035164323722682606,L11020210101XQ,1,1,Producción,MA-20220528,Cocina,
MOV-L11120210101EB-MA-20220528,2022-05-28,Merma,111,unid,-0.26077684884816466,L11120210101EB,1,3,Producción,MA-20220528,Cocina,
MOV-L11220210101EC-MA-20220528,2022-05-28,Merma,112,kg,-0.021452938212115732,L11220210101EC,1,1,Producción,MA-20220528,Cocina,
MOV-L11320210101GN-MA-20220528,2022-05-28,Merma,113,kg,-0.019896499461567786,L11320210101GN,1,2,Producción,MA-20220528,Cocina,
MOV-L11420210101TB-MA-20220528,2022-05-28,Merma,114,kg,-0.0414142394832076,L11420210101TB,1,2,Producción,MA-20220528,Cocina,
MOV-L11520210101NP-MA-20220528,2022-05-28,Merma,115,kg,-0.0404932710436785,L11520210101NP,1,3,Producción,MA-20220528,Cocina,
MOV-L11620210101FL-MA-20220528,2022-05-28,Merma,116,kg,-0.02706587863056108,L11620210101FL,1,2,Producción,MA-20220528,Cocina,
MOV-L11720210101WS-MA-20220528,2022-05-28,Merma,117,L,-0.043655302451222906,L11720210101WS,1,2,Producción,MA-20220528,Cocina,
MOV-L11820210101YK-MA-20220528,2022-05-28,Merma,118,L,-0.021028606040241878,L11820210101YK,1,1,Producción,MA-20220528,Cocina,
MOV-L11920210101AE-MA-20220528,2022-05-28,Merma,119,L,-0.025738871873915485,L11920210101AE,1,3,Producción,MA-20220528,Cocina,
MOV-L12020210101EJ-MA-20220528,2022-05-28,Merma,120,kg,-0.04132978042112225,L12020210101EJ,1,1,Producción,MA-20220528,Cocina,
MOV-L12120210101OM-MA-20220528,2022-05-28,Merma,121,kg,-0.04602991848301864,L12120210101OM,1,1,Producción,MA-20220528,Cocina,
MOV-L12220210101TY-MA-20220528,2022-05-28,Merma,122,kg,-0.03323474919838772,L12220210101TY,1,1,Producción,MA-20220528,Cocina,
MOV-L10120210101BX-MA-20220628,2022-06-28,Merma,101,kg,-0.02269669719655888,L10120210101BX,1,1,Producción,MA-20220628,Cocina,
MOV-L10220210101WF-MA-20220628,2022-06-28,Merma,102,kg,-0.04594171192726684,L10220210101WF,1,2,Producción,MA-20220628,Cocina,
MOV-L10320210101BG-MA-20220628,2022-06-28,Merma,103,kg,-0.04178783810093976,L10320210101BG,1,2,Producción,MA-20220628,Cocina,
MOV-L10420210101BO-MA-20220628,2022-06-28,Merma,104,kg,-0.03176850201840079,L10420210101BO,1,4,Producción,MA-20220628,Cocina,
MOV-L10520210101TC-MA-20220628,2022-06-28,Merma,105,kg,-0.023458500805758706,L10520210101TC,1,1,Producción,MA-20220628,Cocina,
MOV-L10620210101JB-MA-20220628,2022-06-28,Merma,106,kg,-0.021439533769375976,L10620210101JB,1,2,Producción,MA-20220628,Cocina,
MOV-L10720210101DZ-MA-20220628,2022-06-28,Merma,107,kg,-0.04801392724998435,L10720210101DZ,1,4,Producción,MA-20220628,Cocina,
MOV-L10820210101NG-MA-20220628,2022-06-28,Merma,108,kg,-0.04812334698022685,L10820210101NG,1,1,Producción,MA-20220628,Cocina,
MOV-L10920210101AL-MA-20220628,2022-06-28,Merma,109,kg,-0.04462168507670666,L10920210101AL,1,1,Producción,MA-20220628,Cocina,
MOV-L11020210101XQ-MA-20220628,2022-06-28,Merma,110,kg,-0.034742351838010416,L11020210101XQ,1,1,Producción,MA-20220628,Cocina,
MOV-L11120210101EB-MA-20220628,2022-06-28,Merma,111,unid,-0.2576475266619867,L11120210101EB,1,3,Producción,MA-20220628,Cocina,
MOV-L11220210101EC-MA-20220628,2022-06-28,Merma,112,kg,-0.021195502953570342,L11220210101EC,1,1,Producción,MA-20220628,Cocina,
MOV-L11320210101GN-MA-20220628,2022-06-28,Merma,113,kg,-0.01965774146802897,L11320210101GN,1,2,Producción,MA-20220628,Cocina,
MOV-L11420210101TB-MA-20220628,2022-06-28,Merma,114,kg,-0.040917268609409106,L11420210101TB,1,2,Producción,MA-20220628,Cocina,
MOV-L11520210101NP-MA-20220628,2022-06-28,Merma,115,kg,-0.040007351791154354,L11520210101NP,1,3,Producción,MA-20220628,Cocina,
MOV-L11620210101FL-MA-20220628,2022-06-28,Merma,116,kg,-0.02674108808699435,L11620210101FL,1,2,Producción,MA-20220628,Cocina,
MOV-L11720210101WS-MA-20220628,2022-06-28,Merma,117,L,-0.043131438821808234,L11720210101WS,1,2,Producción,MA-20220628,Cocina,
MOV-L11820210101YK-MA-20220628,2022-06-28,Merma,118,L,-0.020776262767758975,L11820210101YK,1,1,Producción,MA-20220628,Cocina,
MOV-L11920210101AE-MA-20220628,2022-06-28,Merma,119,L,-0.0254300054114285,L11920210101AE,1,3,Producción,MA-20220628,Cocina,
MOV-L12020210101EJ-MA-20220628,2022-06-28,Merma,120,kg,-0.04083382305606879,L12020210101EJ,1,1,Producción,MA-20220628,Cocina,
MOV-L12120210101OM-MA-20220628,2022-06-28,Merma,121,kg,-0.045477559461222415,L12120210101OM,1,1,Producción,MA-20220628,Cocina,
MOV-L12220210101TY-MA-20220628,2022-06-28,Merma,122,kg,-0.03283593220800707,L12220210101TY,1,1,Producción,MA-20220628,Cocina,
MOV-L10120210101BX-MA-20220728,2022-07-28,Merma,101,kg,-0.022424336830200172,L10120210101BX,1,1,Producción,MA-20220728,Cocina,
MOV-L10220210101WF-MA-20220728,2022-07-28,Merma,102,kg,-0.04539041138413964,L10220210101WF,1,2,Producción,MA-20220728,Cocina,
MOV-L10320210101BG-MA-20220728,2022-07-28,Merma,103,kg,-0.04128638404372848,L10320210101BG,1,2,Producción,MA-20220728,Cocina,
MOV-L10420210101BO-MA-20220728,2022-07-28,Merma,104,kg,-0.031387279994179985,L10420210101BO,1,4,Producción,MA-20220728,Cocina,
MOV-L10520210101TC-MA-20220728,2022-07-28,Merma,105,kg,-0.023176998796089605,L10520210101TC,1,1,Producción,MA-20220728,Cocina,
MOV-L10620210101JB-MA-20220728,2022-07-28,Merma,106,kg,-0.021182259364143464,L10620210101JB,1,2,Producción,MA-20220728,Cocina,
MOV-L10720210101DZ-MA-20220728,2022-07-28,Merma,107,kg,-0.04743776012298454,L10720210101DZ,1,4,Producción,MA-20220728,Cocina,
MOV-L10820210101NG-MA-20220728,2022-07-28,Merma,108,kg,-0.047545866816464125,L10820210101NG,1,1,Producción,MA-20220728,Cocina,
MOV-L10920210101AL-MA-20220728,2022-07-28,Merma,109,kg,-0.04408622485578618,L10920210101AL,1,1,Producción,MA-20220728,Cocina,
MOV-L11020210101XQ-MA-20220728,2022-07-28,Merma,110,kg,-0.03432544361595429,L11020210101XQ,1,1,Producción,MA-20220728,Cocina,
MOV-L11120210101EB-MA-20220728,2022-07-28,Merma,111,unid,-0.25455575634204286,L11120210101EB,1,3,Producción,MA-20220728,Cocina,
MOV-L11220210101EC-MA-20220728,2022-07-28,Merma,112,kg,-0.020941156918127497,L11220210101EC,1,1,Producción,MA-20220728,Cocina,
MOV-L11320210101GN-MA-20220728,2022-07-28,Merma,113,kg,-0.019421848570412622,L11320210101GN,1,2,Producción,MA-20220728,Cocina,
MOV-L11420210101TB-MA-20220728,2022-07-28,Merma,114,kg,-0.040426261386096195,L11420210101TB,1,2,Producción,MA-20220728,Cocina,
MOV-L11520210101NP-MA-20220728,2022-07-28,Merma,115,kg,-0.0395272635696605,L11520210101NP,1,3,Producción,MA-20220728,Cocina,
MOV-L11620210101FL-MA-20220728,2022-07-28,Merma,116,kg,-0.026420195029950414,L11620210101FL,1,2,Producción,MA-20220728,Cocina,
MOV-L11720210101WS-MA-20220728,2022-07-28,Merma,117,L,-0.042613861555946535,L11720210101WS,1,2,Producción,MA-20220728,Cocina,
MOV-L11820210101YK-MA-20220728,2022-07-28,Merma,118,L,-0.020526947614545866,L11820210101YK,1,1,Producción,MA-20220728,Cocina,
MOV-L11920210101AE-MA-20220728,2022-07-28,Merma,119,L,-0.025124845346491356,L11920210101AE,1,3,Producción,MA-20220728,Cocina,
MOV-L12020210101EJ-MA-20220728,2022-07-28,Merma,120,kg,-0.04034381717939596,L12020210101EJ,1,1,Producción,MA-20220728,Cocina,
MOV-L12120210101OM-MA-20220728,2022-07-28,Merma,121,kg,-0.044931828747687745,L12120210101OM,1,1,Producción,MA-20220728,Cocina,
MOV-L12220210101TY-MA-20220728,2022-07-28,Merma,122,kg,-0.03244190102151098,L12220210101TY,1,1,Producción,MA-20220728,Cocina,
MOV-L10120210101BX-MA-20220828,2022-08-28,Merma,101,kg,-0.02215524478823777,L10120210101BX,1,1,Producción,MA-20220828,Cocina,
MOV-L10220210101WF-MA-20220828,2022-08-28,Merma,102,kg,-0.04484572644752997,L10220210101WF,1,2,Producción,MA-20220828,Cocina,
MOV-L10320210101BG-MA-20220828,2022-08-28,Merma,103,kg,-0.04079094743520374,L10320210101BG,1,2,Producción,MA-20220828,Cocina,
MOV-L10420210101BO-MA-20220828,2022-08-28,Merma,104,kg,-0.031010632634249826,L10420210101BO,1,4,Producción,MA-20220828,Cocina,
MOV-L10520210101TC-MA-20220828,2022-08-28,Merma,105,kg,-0.022898874810536526,L10520210101TC,1,1,Producción,MA-20220828,Cocina,
MOV-L10620210101JB-MA-20220828,2022-08-28,Merma,106,kg,-0.020928072251773743,L10620210101JB,1,2,Producción,MA-20220828,Cocina,
MOV-L10720210101DZ-MA-20220828,2022-08-28,Merma,107,kg,-0.04686850700150873,L10720210101DZ,1,4,Producción,MA-20220828,Cocina,
MOV-L10820210101NG-MA-20220828,2022-08-28,Merma,108,kg,-0.046975316414666554,L10820210101NG,1,1,Producción,MA-20220828,Cocina,
MOV-L10920210101AL-MA-20220828,2022-08-28,Merma,109,kg,-0.043557190157516745,L10920210101AL,1,1,Producción,MA-20220828,Cocina,
MOV-L11020210101XQ-MA-20220828,2022-08-28,Merma,110,kg,-0.03391353829256284,L11020210101XQ,1,1,Producción,MA-20220828,Cocina,
MOV-L11120210101EB-MA-20220828,2022-08-28,Merma,111,unid,-0.25150108726593834,L11120210101EB,1,3,Producción,MA-20220828,Cocina,
MOV-L11220210101EC-MA-20220828,2022-08-28,Merma,112,kg,-0.020689863035109966,L11220210101EC,1,1,Producción,MA-20220828,Cocina,
MOV-L11320210101GN-MA-20220828,2022-08-28,Merma,113,kg,-0.019188786387567672,L11320210101GN,1,2,Producción,MA-20220828,Cocina,
MOV-L11420210101TB-MA-20220828,2022-08-28,Merma,114,kg,-0.03994114624946304,L11420210101TB,1,2,Producción,MA-20220828,Cocina,
MOV-L11520210101NP-MA-20220828,2022-08-28,Merma,115,kg,-0.03905293640682458,L11520210101NP,1,3,Producción,MA-20220828,Cocina,
MOV-L11620210101FL-MA-20220828,2022-08-28,Merma,116,kg,-0.02610315268959101,L11620210101FL,1,2,Producción,MA-20220828,Cocina,
MOV-L11720210101WS-MA-20220828,2022-08-28,Merma,117,L,-0.04210249521727518,L11720210101WS,1,2,Producción,MA-20220828,Cocina,
MOV-L11820210101YK-MA-20220828,2022-08-28,Merma,118,L,-0.020280624243171317,L11820210101YK,1,1,Producción,MA-20220828,Cocina,
MOV-L11920210101AE-MA-20220828,2022-08-28,Merma,119,L,-0.024823347202333458,L11920210101AE,1,3,Producción,MA-20220828,Cocina,
MOV-L12020210101EJ-MA-20220828,2022-08-28,Merma,120,kg,-0.0398596913732432,L12020210101EJ,1,1,Producción,MA-20220828,Cocina,
MOV-L12120210101OM-MA-20220828,2022-08-28,Merma,121,kg,-0.04439264680271549,L12120210101OM,1,1,Producción,MA-20220828,Cocina,
MOV-L12220210101TY-MA-20220828,2022-08-28,Merma,122,kg,-0.032052598209252846,L12220210101TY,1,1,Producción,MA-20220828,Cocina,
MOV-L10120210101BX-MA-20220928,2022-09-28,Merma,101,kg,-0.021889381850778915,L10120210101BX,1,1,Producción,MA-20220928,Cocina,
MOV-L10220210101WF-MA-20220928,2022-09-28,Merma,102,kg,-0.04430757773015961,L10220210101WF,1,2,Producción,MA-20220928,Cocina,
MOV-L10320210101BG-MA-20220928,2022-09-28,Merma,103,kg,-0.04030145606598129,L10320210101BG,1,2,Producción,MA-20220928,Cocina,
MOV-L10420210101BO-MA-20220928,2022-09-28,Merma,104,kg,-0.030638505042638833,L10420210101BO,1,4,Producción,MA-20220928,Cocina,
MOV-L10520210101TC-MA-20220928,2022-09-28,Merma,105,kg,-0.022624088312810087,L10520210101TC,1,1,Producción,MA-20220928,Cocina,
MOV-L10620210101JB-MA-20220928,2022-09-28,Merma,106,kg,-0.02067693538475246,L10620210101JB,1,2,Producción,MA-20220928,Cocina,
MOV-L10720210101DZ-MA-20220928,2022-09-28,Merma,107,kg,-0.04630608491749062,L10720210101DZ,1,4,Producción,MA-20220928,Cocina,
MOV-L10820210101NG-MA-20220928,2022-09-28,Merma,108,kg,-0.046411612617690556,L10820210101NG,1,1,Producción,MA-20220928,Cocina,
MOV-L10920210101AL-MA-20220928,2022-09-28,Merma,109,kg,-0.043034503875626545,L10920210101AL,1,1,Producción,MA-20220928,Cocina,
MOV-L11020210101XQ-MA-20220928,2022-09-28,Merma,110,kg,-0.03350657583305208,L11020210101XQ,1,1,Producción,MA-20220928,Cocina,
MOV-L11120210101EB-MA-20220928,2022-09-28,Merma,111,unid,-0.24848307421874705,L11120210101EB,1,3,Producción,MA-20220928,Cocina,
MOV-L11220210101EC-MA-20220928,2022-09-28,Merma,112,kg,-0.02044158467868865,L11220210101EC,1,1,Producción,MA-20220928,Cocina,
MOV-L11320210101GN-MA-20220928,2022-09-28,Merma,113,kg,-0.01895852095091686,L11320210101GN,1,2,Producción,MA-20220928,Cocina,
MOV-L11420210101TB-MA-20220928,2022-09-28,Merma,114,kg,-0.03946185249446948,L11420210101TB,1,2,Producción,MA-20220928,Cocina,
MOV-L11520210101NP-MA-20220928,2022-09-28,Merma,115,kg,-0.038584301169942686,L11520210101NP,1,3,Producción,MA-20220928,Cocina,
MOV-L11620210101FL-MA-20220928,2022-09-28,Merma,116,kg,-0.025789914857315917,L11620210101FL,1,2,Producción,MA-20220928,Cocina,
MOV-L11720210101WS-MA-20220928,2022-09-28,Merma,117,L,-0.04159726527466788,L11720210101WS,1,2,Producción,MA-20220928,Cocina,
MOV-L11820210101YK-MA-20220928,2022-09-28,Merma,118,L,-0.020037256752253263,L11820210101YK,1,1,Producción,MA-20220928,Cocina,
MOV-L11920210101AE-MA-20220928,2022-09-28,Merma,119,L,-0.024525467035905454,L11920210101AE,1,3,Producción,MA-20220928,Cocina,
MOV-L12020210101EJ-MA-20220928,2022-09-28,Merma,120,kg,-0.039381375076764286,L12020210101EJ,1,1,Producción,MA-20220928,Cocina,
MOV-L12120210101OM-MA-20220928,2022-09-28,Merma,121,kg,-0.043859935041082904,L12120210101OM,1,1,Producción,MA-20220928,Cocina,
MOV-L12220210101TY-MA-20220928,2022-09-28,Merma,122,kg,-0.03166796703074181,L12220210101TY,1,1,Producción,MA-20220928,Cocina,
MOV-L10120210101BX-MA-20221028,2022-10-28,Merma,101,kg,-0.02162670926856957,L10120210101BX,1,1,Producción,MA-20221028,Cocina,
MOV-L10220210101WF-MA-20221028,2022-10-28,Merma,102,kg,-0.04377588679739769,L10220210101WF,1,2,Producción,MA-20221028,Cocina,
MOV-L10320210101BG-MA-20221028,2022-10-28,Merma,103,kg,-0.03981783859318952,L10320210101BG,1,2,Producción,MA-20221028,Cocina,
MOV-L10420210101BO-MA-20221028,2022-10-28,Merma,104,kg,-0.030270842982127164,L10420210101BO,1,4,Producción,MA-20221028,Cocina,
MOV-L10520210101TC-MA-20221028,2022-10-28,Merma,105,kg,-0.02235259925305637,L10520210101TC,1,1,Producción,MA-20221028,Cocina,
MOV-L10620210101JB-MA-20221028,2022-10-28,Merma,106,kg,-0.02042881216013543,L10620210101JB,1,2,Producción,MA-20221028,Cocina,
MOV-L10720210101DZ-MA-20221028,2022-10-28,Merma,107,kg,-0.04575041189848073,L10720210101DZ,1,4,Producción,MA-20221028,Cocina,
MOV-L10820210101NG-MA-20221028,2022-10-28,Merma,108,kg,-0.04585467326627827,L10820210101NG,1,1,Producción,MA-20221028,Cocina,
MOV-L10920210101AL-MA-20221028,2022-10-28,Merma,109,kg,-0.042518089829119025,L10920210101AL,1,1,Producción,MA-20221028,Cocina,
MOV-L11020210101XQ-MA-20221028,2022-10-28,Merma,110,kg,-0.03310449692305546,L11020210101XQ,1,1,Producción,MA-20221028,Cocina,
MOV-L11120210101EB-MA-20221028,2022-10-28,Merma,111,unid,-0.2455012773281221,L11120210101EB,1,3,Producción,MA-20221028,Cocina,
MOV-L11220210101EC-MA-20221028,2022-10-28,Merma,112,kg,-0.020196285662544382,L11220210101EC,1,1,Producción,MA-20221028,Cocina,
MOV-L11320210101GN-MA-20221028,2022-10-28,Merma,113,kg,-0.018731018699505858,L11320210101GN,1,2,Producción,MA-20221028,Cocina,
MOV-L11420210101TB-MA-20221028,2022-10-28,Merma,114,kg,-0.03898831026453585,L11420210101TB,1,2,Producción,MA-20221028,Cocina,
MOV-L11520210101NP-MA-20221028,2022-10-28,Merma,115,kg,-0.038121289555903375,L11520210101NP,1,3,Producción,MA-20221028,Cocina,
MOV-L11620210101FL-MA-20221028,2022-10-28,Merma,116,kg,-0.025480435879028127,L11620210101FL,1,2,Producción,MA-20221028,Cocina,
MOV-L11720210101WS-MA-20221028,2022-10-28,Merma,117,L,-0.04109809809137186,L11720210101WS,1,2,Producción,MA-20221028,Cocina,
MOV-L11820210101YK-MA-20221028,2022-10-28,Merma,118,L,-0.019796809671226222,L11820210101YK,1,1,Producción,MA-20221028,Cocina,
MOV-L11920210101AE-MA-20221028,2022-10-28,Merma,119,L,-0.02423116143147459,L11920210101AE,1,3,Producción,MA-20221028,Cocina,
MOV-L12020210101EJ-MA-20221028,2022-10-28,Merma,120,kg,-0.03890879857584311,L12020210101EJ,1,1,Producción,MA-20221028,Cocina,
MOV-L12120210101OM-MA-20221028,2022-10-28,Merma,121,kg,-0.04333361582058991,L12120210101OM,1,1,Producción,MA-20221028,Cocina,
MOV-L12220210101TY-MA-20221028,2022-10-28,Merma,122,kg,-0.03128795142637291,L12220210101TY,1,1,Producción,MA-20221028,Cocina,
MOV-L10120210101BX-MA-20221128,2022-11-28,Merma,101,kg,-0.021367188757346736,L10120210101BX,1,1,Producción,MA-20221128,Cocina,
MOV-L10220210101WF-MA-20221128,2022-11-28,Merma,102,kg,-0.04325057615582892,L10220210101WF,1,2,Producción,MA-20221128,Cocina,
MOV-L10320210101BG-MA-20221128,2022-11-28,Merma,103,kg,-0.039340024530071245,L10320210101BG,1,2,Producción,MA-20221128,Cocina,
MOV-L10420210101BO-MA-20221128,2022-11-28,Merma,104,kg,-0.02990759286634164,L10420210101BO,1,4,Producción,MA-20221128,Cocina,
MOV-L10520210101TC-MA-20221128,2022-11-28,Merma,105,kg,-0.02208436806201969,L10520210101TC,1,1,Producción,MA-20221128,Cocina,
MOV-L10620210101JB-MA-20221128,2022-11-28,Merma,106,kg,-0.0201836664142138,L10620210101JB,1,2,Producción,MA-20221128,Cocina,
MOV-L10720210101DZ-MA-20221128,2022-11-28,Merma,107,kg,-0.045201406955698964,L10720210101DZ,1,4,Producción,MA-20221128,Cocina,
MOV-L10820210101NG-MA-20221128,2022-11-28,Merma,108,kg,-0.04530441718708293,L10820210101NG,1,1,Producción,MA-20221128,Cocina,
MOV-L10920210101AL-MA-20221128,2022-11-28,Merma,109,kg,-0.0420078727511696,L10920210101AL,1,1,Producción,MA-20221128,Cocina,
MOV-L11020210101XQ-MA-20221128,2022-11-28,Merma,110,kg,-0.032707242959978795,L11020210101XQ,1,1,Producción,MA-20221128,Cocina,
MOV-L11120210101EB-MA-20221128,2022-11-28,Merma,111,unid,-0.24255526200018465,L11120210101EB,1,3,Producción,MA-20221128,Cocina,
MOV-L11220210101EC-MA-20221128,2022-11-28,Merma,112,kg,-0.01995393023459385,L11220210101EC,1,1,Producción,MA-20221128,Cocina,
MOV-L11320210101GN-MA-20221128,2022-11-28,Merma,113,kg,-0.018506246475111787,L11320210101GN,1,2,Producción,MA-20221128,Cocina,
MOV-L11420210101TB-MA-20221128,2022-11-28,Merma,114,kg,-0.03852045054136142,L11420210101TB,1,2,Producción,MA-20221128,Cocina,
MOV-L11520210101NP-MA-20221128,2022-11-28,Merma,115,kg,-0.037663834081232535,L11520210101NP,1,3,Producción,MA-20221128,Cocina,
MOV-L11620210101FL-MA-20221128,2022-11-28,Merma,116,kg,-0.02517467064847979,L11620210101FL,1,2,Producción,MA-20221128,Cocina,
MOV-L11720210101WS-MA-20221128,2022-11-28,Merma,117,L,-0.0406049209142754,L11720210101WS,1,2,Producción,MA-20221128,Cocina,
MOV-L11820210101YK-MA-20221128,2022-11-28,Merma,118,L,-0.019559247955171506,L11820210101YK,1,1,Producción,MA-20221128,Cocina,
MOV-L11920210101AE-MA-20221128,2022-11-28,Merma,119,L,-0.023940387494296896,L11920210101AE,1,3,Producción,MA-20221128,Cocina,
MOV-L12020210101EJ-MA-20221128,2022-11-28,Merma,120,kg,-0.038441892992933,L12020210101EJ,1,1,Producción,MA-20221128,Cocina,
MOV-L12120210101OM-MA-20221128,2022-11-28,Merma,121,kg,-0.04281361243074283,L12120210101OM,1,1,Producción,MA-20221128,Cocina,
MOV-L12220210101TY-MA-20221128,2022-11-28,Merma,122,kg,-0.03091249600925643,L12220210101TY,1,1,Producción,MA-20221128,Cocina,
MOV-L10120210101BX-MA-20221228,2022-12-28,Merma,101,kg,-0.021110782492258576,L10120210101BX,1,1,Producción,MA-20221228,Cocina,
MOV-L10220210101WF-MA-20221228,2022-12-28,Merma,102,kg,-0.04273156924195897,L10220210101WF,1,2,Producción,MA-20221228,Cocina,
MOV-L10320210101BG-MA-20221228,2022-12-28,Merma,103,kg,-0.03886794423571039,L10320210101BG,1,2,Producción,MA-20221228,Cocina,
MOV-L10420210101BO-MA-20221228,2022-12-28,Merma,104,kg,-0.02954870175194554,L10420210101BO,1,4,Producción,MA-20221228,Cocina,
MOV-L10520210101TC-MA-20221228,2022-12-28,Merma,105,kg,-0.021819355645275453,L10520210101TC,1,1,Producción,MA-20221228,Cocina,
MOV-L10620210101JB-MA-20221228,2022-12-28,Merma,106,kg,-0.019941462417243237,L10620210101JB,1,2,Producción,MA-20221228,Cocina,
MOV-L10720210101DZ-MA-20221228,2022-12-28,Merma,107,kg,-0.04465899007223058,L10720210101DZ,1,4,Producción,MA-20221228,Cocina,
MOV-L10820210101NG-MA-20221228,2022-12-28,Merma,108,kg,-0.044760764180837936,L10820210101NG,1,1,Producción,MA-20221228,Cocina,
MOV-L10920210101AL-MA-20221228,2022-12-28,Merma,109,kg,-0.041503778278155566,L10920210101AL,1,1,Producción,MA-20221228,Cocina,
MOV-L11020210101XQ-MA-20221228,2022-12-28,Merma,110,kg,-0.032314756044459055,L11020210101XQ,1,1,Producción,MA-20221228,Cocina,
MOV-L11120210101EB-MA-20221228,2022-12-28,Merma,111,unid,-0.23964459885618244,L11120210101EB,1,3,Producción,MA-20221228,Cocina,
MOV-L11220210101EC-MA-20221228,2022-12-28,Merma,112,kg,-0.019714483071778723,L11220210101EC,1,1,Producción,MA-20221228,Cocina,
MOV-L11320210101GN-MA-20221228,2022-12-28,Merma,113,kg,-0.018284171517410446,L11320210101GN,1,2,Producción,MA-20221228,Cocina,
MOV-L11420210101TB-MA-20221228,2022-12-28,Merma,114,kg,-0.03805820513486508,L11420210101TB,1,2,Producción,MA-20221228,Cocina,
MOV-L11520210101NP-MA-20221228,2022-12-28,Merma,115,kg,-0.03721186807225774,L11520210101NP,1,3,Producción,MA-20221228,Cocina,
MOV-L11620210101FL-MA-20221228,2022-12-28,Merma,116,kg,-0.024872574600698034,L11620210101FL,1,2,Producción,MA-20221228,Cocina,
MOV-L11720210101WS-MA-20221228,2022-12-28,Merma,117,L,-0.040117661863304094,L11720210101WS,1,2,Producción,MA-20221228,Cocina,
MOV-L11820210101YK-MA-20221228,2022-12-28,Merma,118,L,-0.01932453697970945,L11820210101YK,1,1,Producción,MA-20221228,Cocina,
MOV-L11920210101AE-MA-20221228,2022-12-28,Merma,119,L,-0.02365310284436533,L11920210101AE,1,3,Producción,MA-20221228,Cocina,
MOV-L12020210101EJ-MA-20221228,2022-12-28,Merma,120,kg,-0.0379805902770178,L12020210101EJ,1,1,Producción,MA-20221228,Cocina,
MOV-L12120210101OM-MA-20221228,2022-12-28,Merma,121,kg,-0.04229984908157392,L12120210101OM,1,1,Producción,MA-20221228,Cocina,
MOV-L12220210101TY-MA-20221228,2022-12-28,Merma,122,kg,-0.030541546057145354,L12220210101TY,1,1,Producción,MA-20221228,Cocina,
MOV-L10120210101BX-MA-20230128,2023-01-28,Merma,101,kg,-0.020857453102351473,L10120210101BX,1,1,Producción,MA-20230128,Cocina,
MOV-L10220210101WF-MA-20230128,2023-01-28,Merma,102,kg,-0.04221879041105547,L10220210101WF,1,2,Producción,MA-20230128,Cocina,
MOV-L10320210101BG-MA-20230128,2023-01-28,Merma,103,kg,-0.03840152890488186,L10320210101BG,1,2,Producción,MA-20230128,Cocina,
MOV-L10420210101BO-MA-20230128,2023-01-28,Merma,104,kg,-0.029194117330922194,L10420210101BO,1,4,Producción,MA-20230128,Cocina,
MOV-L10520210101TC-MA-20230128,2023-01-28,Merma,105,kg,-0.021557523377532146,L10520210101TC,1,1,Producción,MA-20230128,Cocina,
MOV-L10620210101JB-MA-20230128,2023-01-28,Merma,106,kg,-0.019702164868236317,L10620210101JB,1,2,Producción,MA-20230128,Cocina,
MOV-L10720210101DZ-MA-20230128,2023-01-28,Merma,107,kg,-0.044123082191363815,L10720210101DZ,1,4,Producción,MA-20230128,Cocina,
MOV-L10820210101NG-MA-20230128,2023-01-28,Merma,108,kg,-0.04422363501066788,L10820210101NG,1,1,Producción,MA-20230128,Cocina,
MOV-L10920210101AL-MA-20230128,2023-01-28,Merma,109,kg,-0.04100573293881769,L10920210101AL,1,1,Producción,MA-20230128,Cocina,
MOV-L11020210101XQ-MA-20230128,2023-01-28,Merma,110,kg,-0.03192697897192555,L11020210101XQ,1,1,Producción,MA-20230128,Cocina,
MOV-L11120210101EB-MA-20230128,2023-01-28,Merma,111,unid,-0.23676886366990826,L11120210101EB,1,3,Producción,MA-20230128,Cocina,
MOV-L11220210101EC-MA-20230128,2023-01-28,Merma,112,kg,-0.01947790927491738,L11220210101EC,1,1,Producción,MA-20230128,Cocina,
MOV-L11320210101GN-MA-20230128,2023-01-28,Merma,113,kg,-0.01806476145920152,L11320210101GN,1,2,Producción,MA-20230128,Cocina,
MOV-L11420210101TB-MA-20230128,2023-01-28,Merma,114,kg,-0.0376015066732467,L11420210101TB,1,2,Producción,MA-20230128,Cocina,
MOV-L11520210101NP-MA-20230128,2023-01-28,Merma,115,kg,-0.036765325655390646,L11520210101NP,1,3,Producción,MA-20230128,Cocina,
MOV-L11620210101FL-MA-20230128,2023-01-28,Merma,116,kg,-0.02457410370548966,L11620210101FL,1,2,Producción,MA-20230128,Cocina,
MOV-L11720210101WS-MA-20230128,2023-01-28,Merma,117,L,-0.039636249920944444,L11720210101WS,1,2,Producción,MA-20230128,Cocina,
MOV-L11820210101YK-MA-20230128,2023-01-28,Merma,118,L,-0.019092642535952935,L11820210101YK,1,1,Producción,MA-20230128,Cocina,
MOV-L11920210101AE-MA-20230128,2023-01-28,Merma,119,L,-0.023369265610232948,L11920210101AE,1,3,Producción,MA-20230128,Cocina,
MOV-L12020210101EJ-MA-20230128,2023-01-28,Merma,120,kg,-0.03752482319369359,L12020210101EJ,1,1,Producción,MA-20230128,Cocina,
MOV-L12120210101OM-MA-20230128,2023-01-28,Merma,121,kg,-0.041792250892595036,L12120210101OM,1,1,Producción,MA-20230128,Cocina,
MOV-L12220210101TY-MA-20230128,2023-01-28,Merma,122,kg,-0.03017504750445961,L12220210101TY,1,1,Producción,MA-20230128,Cocina,
MOV-L10120210101BX-MA-20230228,2023-02-28,Merma,101,kg,-0.020607163665123253,L10120210101BX,1,1,Producción,MA-20230228,Cocina,
MOV-L10220210101WF-MA-20230228,2023-02-28,Merma,102,kg,-0.0417121649261228,L10220210101WF,1,2,Producción,MA-20230228,Cocina,
MOV-L10320210101BG-MA-20230228,2023-02-28,Merma,103,kg,-0.037940710558023276,L10320210101BG,1,2,Producción,MA-20230228,Cocina,
MOV-L10420210101BO-MA-20230228,2023-02-28,Merma,104,kg,-0.028843787922951128,L10420210101BO,1,4,Producción,MA-20230228,Cocina,
MOV-L10520210101TC-MA-20230228,2023-02-28,Merma,105,kg,-0.02129883309700176,L10520210101TC,1,1,Producción,MA-20230228,Cocina,
MOV-L10620210101JB-MA-20230228,2023-02-28,Merma,106,kg,-0.019465738889817483,L10620210101JB,1,2,Producción,MA-20230228,Cocina,
MOV-L10720210101DZ-MA-20230228,2023-02-28,Merma,107,kg,-0.04359360520506744,L10720210101DZ,1,4,Producción,MA-20230228,Cocina,
MOV-L10820210101NG-MA-20230228,2023-02-28,Merma,108,kg,-0.04369295139053987,L10820210101NG,1,1,Producción,MA-20230228,Cocina,
MOV-L10920210101AL-MA-20230228,2023-02-28,Merma,109,kg,-0.040513664143551884,L10920210101AL,1,1,Producción,MA-20230228,Cocina,
MOV-L11020210101XQ-MA-20230228,2023-02-28,Merma,110,kg,-0.03154385522426244,L11020210101XQ,1,1,Producción,MA-20230228,Cocina,
MOV-L11120210101EB-MA-20230228,2023-02-28,Merma,111,unid,-0.23392763730586935,L11120210101EB,1,3,Producción,MA-20230228,Cocina,
MOV-L11220210101EC-MA-20230228,2023-02-28,Merma,112,kg,-0.01924417436361837,L11220210101EC,1,1,Producción,MA-20230228,Cocina,
MOV-L11320210101GN-MA-20230228,2023-02-28,Merma,113,kg,-0.0178479843216911,L11320210101GN,1,2,Producción,MA-20230228,Cocina,
MOV-L11420210101TB-MA-20230228,2023-02-28,Merma,114,kg,-0.03715028859316774,L11420210101TB,1,2,Producción,MA-20230228,Cocina,
MOV-L11520210101NP-MA-20230228,2023-02-28,Merma,115,kg,-0.03632414174752596,L11520210101NP,1,3,Producción,MA-20230228,Cocina,
MOV-L11620210101FL-MA-20230228,2023-02-28,Merma,116,kg,-0.024279214461023782,L11620210101FL,1,2,Producción,MA-20230228,Cocina,
MOV-L11720210101WS-MA-20230228,2023-02-28,Merma,117,L,-0.039160614921893114,L11720210101WS,1,2,Producción,MA-20230228,Cocina,
MOV-L11820210101YK-MA-20230228,2023-02-28,Merma,118,L,-0.018863530825521498,L11820210101YK,1,1,Producción,MA-20230228,Cocina,
MOV-L11920210101AE-MA-20230228,2023-02-28,Merma,119,L,-0.02308883442291015,L11920210101AE,1,3,Producción,MA-20230228,Cocina,
MOV-L12020210101EJ-MA-20230228,2023-02-28,Merma,120,kg,-0.03707452531536926,L12020210101EJ,1,1,Producción,MA-20230228,Cocina,
MOV-L12120210101OM-MA-20230228,2023-02-28,Merma,121,kg,-0.04129074388188389,L12120210101OM,1,1,Producción,MA-20230228,Cocina,
MOV-L12220210101TY-MA-20230228,2023-02-28,Merma,122,kg,-0.029812946934406094,L12220210101TY,1,1,Producción,MA-20230228,Cocina,
MOV-L10120210101BX-MA-20230328,2023-03-28,Merma,101,kg,-0.020359877701141775,L10120210101BX,1,1,Producción,MA-20230328,Cocina,
MOV-L10220210101WF-MA-20230328,2023-03-28,Merma,102,kg,-0.041211618947009324,L10220210101WF,1,2,Producción,MA-20230328,Cocina,
MOV-L10320210101BG-MA-20230328,2023-03-28,Merma,103,kg,-0.037485422031327,L10320210101BG,1,2,Producción,MA-20230328,Cocina,
MOV-L10420210101BO-MA-20230328,2023-03-28,Merma,104,kg,-0.028497662467875717,L10420210101BO,1,4,Producción,MA-20230328,Cocina,
MOV-L10520210101TC-MA-20230328,2023-03-28,Merma,105,kg,-0.021043247099837736,L10520210101TC,1,1,Producción,MA-20230328,Cocina,
MOV-L10620210101JB-MA-20230328,2023-03-28,Merma,106,kg,-0.019232150023139674,L10620210101JB,1,2,Producción,MA-20230328,Cocina,
MOV-L10720210101DZ-MA-20230328,2023-03-28,Merma,107,kg,-0.04307048194260664,L10720210101DZ,1,4,Producción,MA-20230328,Cocina,
MOV-L10820210101NG-MA-20230328,2023-03-28,Merma,108,kg,-0.04316863597385339,L10820210101NG,1,1,Producción,MA-20230328,Cocina,
MOV-L10920210101AL-MA-20230328,2023-03-28,Merma,109,kg,-0.04002750017382926,L10920210101AL,1,1,Producción,MA-20230328,Cocina,
MOV-L11020210101XQ-MA-20230328,2023-03-28,Merma,110,kg,-0.031165328961571287,L11020210101XQ,1,1,Producción,MA-20230328,Cocina,
MOV-L11120210101EB-MA-20230328,2023-03-28,Merma,111,unid,-0.23112050565819894,L11120210101EB,1,3,Producción,MA-20230328,Cocina,
MOV-L11220210101EC-MA-20230328,2023-03-28,Merma,112,kg,-0.019013244271254948,L11220210101EC,1,1,Producción,MA-20230328,Cocina,
MOV-L11320210101GN-MA-20230328,2023-03-28,Merma,113,kg,-0.017633808509830807,L11320210101GN,1,2,Producción,MA-20230328,Cocina,
MOV-L11420210101TB-MA-20230328,2023-03-28,Merma,114,kg,-0.03670448513004973,L11420210101TB,1,2,Producción,MA-20230328,Cocina,
MOV-L11520210101NP-MA-20230328,2023-03-28,Merma,115,kg,-0.03588825204655565,L11520210101NP,1,3,Producción,MA-20230328,Cocina,
MOV-L11620210101FL-MA-20230328,2023-03-28,Merma,116,kg,-0.0239878638874915,L11620210101FL,1,2,Producción,MA-20230328,Cocina,
MOV-L11720210101WS-MA-20230328,2023-03-28,Merma,117,L,-0.03869068754283039,L11720210101WS,1,2,Producción,MA-20230328,Cocina,
MOV-L11820210101YK-MA-20230328,2023-03-28,Merma,118,L,-0.018637168455615243,L11820210101YK,1,1,Producción,MA-20230328,Cocina,
MOV-L11920210101AE-MA-20230328,2023-03-28,Merma,119,L,-0.02281176840983523,L11920210101AE,1,3,Producción,MA-20230328,Cocina,
MOV-L12020210101EJ-MA-20230328,2023-03-28,Merma,120,kg,-0.03662963101158483,L12020210101EJ,1,1,Producción,MA-20230328,Cocina,
MOV-L12120210101OM-MA-20230328,2023-03-28,Merma,121,kg,-0.040795254955301286,L12120210101OM,1,1,Producción,MA-20230328,Cocina,
MOV-L12220210101TY-MA-20230328,2023-03-28,Merma,122,kg,-0.02945519157119322,L12220210101TY,1,1,Producción,MA-20230328,Cocina,
MOV-L10120210101BX-MA-20230428,2023-04-28,Merma,101,kg,-0.02011555916872807,L10120210101BX,1,1,Producción,MA-20230428,Cocina,
MOV-L10220210101WF-MA-20230428,2023-04-28,Merma,102,kg,-0.04071707951964521,L10220210101WF,1,2,Producción,MA-20230428,Cocina,
MOV-L10320210101BG-MA-20230428,2023-04-28,Merma,103,kg,-0.03703559696695107,L10320210101BG,1,2,Producción,MA-20230428,Cocina,
MOV-L10420210101BO-MA-20230428,2023-04-28,Merma,104,kg,-0.028155690518261205,L10420210101BO,1,4,Producción,MA-20230428,Cocina,
MOV-L10520210101TC-MA-20230428,2023-04-28,Merma,105,kg,-0.020790728134639686,L10520210101TC,1,1,Producción,MA-20230428,Cocina,
MOV-L10620210101JB-MA-20230428,2023-04-28,Merma,106,kg,-0.019001364222862,L10620210101JB,1,2,Producción,MA-20230428,Cocina,
MOV-L10720210101DZ-MA-20230428,2023-04-28,Merma,107,kg,-0.04255363615929536,L10720210101DZ,1,4,Producción,MA-20230428,Cocina,
MOV-L10820210101NG-MA-20230428,2023-04-28,Merma,108,kg,-0.04265061234216715,L10820210101NG,1,1,Producción,MA-20230428,Cocina,
MOV-L10920210101AL-MA-20230428,2023-04-28,Merma,109,kg,-0.03954717017174331,L10920210101AL,1,1,Producción,MA-20230428,Cocina,
MOV-L11020210101XQ-MA-20230428,2023-04-28,Merma,110,kg,-0.03079134501403243,L11020210101XQ,1,1,Producción,MA-20230428,Cocina,
MOV-L11120210101EB-MA-20230428,2023-04-28,Merma,111,unid,-0.22834705959030055,L11120210101EB,1,3,Producción,MA-20230428,Cocina,
MOV-L11220210101EC-MA-20230428,2023-04-28,Merma,112,kg,-0.01878508533999989,L11220210101EC,1,1,Producción,MA-20230428,Cocina,
MOV-L11320210101GN-MA-20230428,2023-04-28,Merma,113,kg,-0.017422202807712835,L11320210101GN,1,2,Producción,MA-20230428,Cocina,
MOV-L11420210101TB-MA-20230428,2023-04-28,Merma,114,kg,-0.03626403130848913,L11420210101TB,1,2,Producción,MA-20230428,Cocina,
MOV-L11520210101NP-MA-20230428,2023-04-28,Merma,115,kg,-0.03545759302199698,L11520210101NP,1,3,Producción,MA-20230428,Cocina,
MOV-L11620210101FL-MA-20230428,2023-04-28,Merma,116,kg,-0.0237000095208416,L11620210101FL,1,2,Producción,MA-20230428,Cocina,
MOV-L11720210101WS-MA-20230428,2023-04-28,Merma,117,L,-0.03822639929231642,L11720210101WS,1,2,Producción,MA-20230428,Cocina,
MOV-L11820210101YK-MA-20230428,2023-04-28,Merma,118,L,-0.018413522434147858,L11820210101YK,1,1,Producción,MA-20230428,Cocina,
MOV-L11920210101AE-MA-20230428,2023-04-28,Merma,119,L,-0.022538027188917207,L11920210101AE,1,3,Producción,MA-20230428,Cocina,
MOV-L12020210101EJ-MA-20230428,2023-04-28,Merma,120,kg,-0.036190075439445815,L12020210101EJ,1,1,Producción,MA-20230428,Cocina,
MOV-L12120210101OM-MA-20230428,2023-04-28,Merma,121,kg,-0.04030571189583767,L12120210101OM,1,1,Producción,MA-20230428,Cocina,
MOV-L12220210101TY-MA-20230428,2023-04-28,Merma,122,kg,-0.0291017292723389,L12220210101TY,1,1,Producción,MA-20230428,Cocina,
MOV-L10120210101BX-MA-20230528,2023-05-28,Merma,101,kg,-0.019874172458703335,L10120210101BX,1,1,Producción,MA-20230528,Cocina,
MOV-L10220210101WF-MA-20230528,2023-05-28,Merma,102,kg,-0.04022847456540947,L10220210101WF,1,2,Producción,MA-20230528,Cocina,
MOV-L10320210101BG-MA-20230528,2023-05-28,Merma,103,kg,-0.036591169803347666,L10320210101BG,1,2,Producción,MA-20230528,Cocina,
MOV-L10420210101BO-MA-20230528,2023-05-28,Merma,104,kg,-0.027817822232042072,L10420210101BO,1,4,Producción,MA-20230528,Cocina,
MOV-L10520210101TC-MA-20230528,2023-05-28,Merma,105,kg,-0.02054123939702401,L10520210101TC,1,1,Producción,MA-20230528,Cocina,
MOV-L10620210101JB-MA-20230528,2023-05-28,Merma,106,kg,-0.018773347852187657,L10620210101JB,1,2,Producción,MA-20230528,Cocina,
MOV-L10720210101DZ-MA-20230528,2023-05-28,Merma,107,kg,-0.042042992525383814,L10720210101DZ,1,4,Producción,MA-20230528,Cocina,
MOV-L10820210101NG-MA-20230528,2023-05-28,Merma,108,kg,-0.04213880499406115,L10820210101NG,1,1,Producción,MA-20230528,Cocina,
MOV-L10920210101AL-MA-20230528,2023-05-28,Merma,109,kg,-0.039072604129682394,L10920210101AL,1,1,Producción,MA-20230528,Cocina,
MOV-L11020210101XQ-MA-20230528,2023-05-28,Merma,110,kg,-0.03042184887386404,L11020210101XQ,1,1,Producción,MA-20230528,Cocina,
MOV-L11120210101EB-MA-20230528,2023-05-28,Merma,111,unid,-0.2256068948752169,L11120210101EB,1,3,Producción,MA-20230528,Cocina,
MOV-L11220210101EC-MA-20230528,2023-05-28,Merma,112,kg,-0.01855966431591989,L11220210101EC,1,1,Producción,MA-20230528,Cocina,
MOV-L11320210101GN-MA-20230528,2023-05-28,Merma,113,kg,-0.017213136374020284,L11320210101GN,1,2,Producción,MA-20230528,Cocina,
MOV-L11420210101TB-MA-20230528,2023-05-28,Merma,114,kg,-0.03582886293278726,L11420210101TB,1,2,Producción,MA-20230528,Cocina,
MOV-L11520210101NP-MA-20230528,2023-05-28,Merma,115,kg,-0.03503210190573302,L11520210101NP,1,3,Producción,MA-20230528,Cocina,
MOV-L11620210101FL-MA-20230528,2023-05-28,Merma,116,kg,-0.0234156094065915,L11620210101FL,1,2,Producción,MA-20230528,Cocina,
MOV-L11720210101WS-MA-20230528,2023-05-28,Merma,117,L,-0.03776768250080863,L11720210101WS,1,2,Producción,MA-20230528,Cocina,
MOV-L11820210101YK-MA-20230528,2023-05-28,Merma,118,L,-0.018192560164938084,L11820210101YK,1,1,Producción,MA-20230528,Cocina,
MOV-L11920210101AE-MA-20230528,2023-05-28,Merma,119,L,-0.022267570862650198,L11920210101AE,1,3,Producción,MA-20230528,Cocina,
MOV-L12020210101EJ-MA-20230528,2023-05-28,Merma,120,kg,-0.035755794534172464,L12020210101EJ,1,1,Producción,MA-20230528,Cocina,
MOV-L12120210101OM-MA-20230528,2023-05-28,Merma,121,kg,-0.039822043353087616,L12120210101OM,1,1,Producción,MA-20230528,Cocina,
MOV-L12220210101TY-MA-20230528,2023-05-28,Merma,122,kg,-0.028752508521070835,L12220210101TY,1,1,Producción,MA-20230528,Cocina,
MOV-L10120210101BX-MA-20230628,2023-06-28,Merma,101,kg,-0.019635682389198897,L10120210101BX,1,1,Producción,MA-20230628,Cocina,
MOV-L10220210101WF-MA-20230628,2023-06-28,Merma,102,kg,-0.03974573287062456,L10220210101WF,1,2,Producción,MA-20230628,Cocina,
MOV-L10320210101BG-MA-20230628,2023-06-28,Merma,103,kg,-0.03615207576570749,L10320210101BG,1,2,Producción,MA-20230628,Cocina,
MOV-L10420210101BO-MA-20230628,2023-06-28,Merma,104,kg,-0.027484008365257565,L10420210101BO,1,4,Producción,MA-20230628,Cocina,
MOV-L10520210101TC-MA-20230628,2023-06-28,Merma,105,kg,-0.020294744524259722,L10520210101TC,1,1,Producción,MA-20230628,Cocina,
MOV-L10620210101JB-MA-20230628,2023-06-28,Merma,106,kg,-0.018548067677961404,L10620210101JB,1,2,Producción,MA-20230628,Cocina,
MOV-L10720210101DZ-MA-20230628,2023-06-28,Merma,107,kg,-0.04153847661507921,L10720210101DZ,1,4,Producción,MA-20230628,Cocina,
MOV-L10820210101NG-MA-20230628,2023-06-28,Merma,108,kg,-0.041633139334132416,L10820210101NG,1,1,Producción,MA-20230628,Cocina,
MOV-L10920210101AL-MA-20230628,2023-06-28,Merma,109,kg,-0.0386037328801262,L10920210101AL,1,1,Producción,MA-20230628,Cocina,
MOV-L11020210101XQ-MA-20230628,2023-06-28,Merma,110,kg,-0.030056786687377674,L11020210101XQ,1,1,Producción,MA-20230628,Cocina,
MOV-L11120210101EB-MA-20230628,2023-06-28,Merma,111,unid,-0.2228996121367143,L11120210101EB,1,3,Producción,MA-20230628,Cocina,
MOV-L11220210101EC-MA-20230628,2023-06-28,Merma,112,kg,-0.018336948344128853,L11220210101EC,1,1,Producción,MA-20230628,Cocina,
MOV-L11320210101GN-MA-20230628,2023-06-28,Merma,113,kg,-0.01700657873753204,L11320210101GN,1,2,Producción,MA-20230628,Cocina,
MOV-L11420210101TB-MA-20230628,2023-06-28,Merma,114,kg,-0.035398916577593816,L11420210101TB,1,2,Producción,MA-20230628,Cocina,
MOV-L11520210101NP-MA-20230628,2023-06-28,Merma,115,kg,-0.034611716682864224,L11520210101NP,1,3,Producción,MA-20230628,Cocina,
MOV-L11620210101FL-MA-20230628,2023-06-28,Merma,116,kg,-0.023134622093712403,L11620210101FL,1,2,Producción,MA-20230628,Cocina,
MOV-L11720210101WS-MA-20230628,2023-06-28,Merma,117,L,-0.037314470310798924,L11720210101WS,1,2,Producción,MA-20230628,Cocina,
MOV-L11820210101YK-MA-20230628,2023-06-28,Merma,118,L,-0.017974249442958827,L11820210101YK,1,1,Producción,MA-20230628,Cocina,
MOV-L11920210101AE-MA-20230628,2023-06-28,Merma,119,L,-0.022000360012298395,L11920210101AE,1,3,Producción,MA-20230628,Cocina,
MOV-L12020210101EJ-MA-20230628,2023-06-28,Merma,120,kg,-0.035326724999762395,L12020210101EJ,1,1,Producción,MA-20230628,Cocina,
MOV-L12120210101OM-MA-20230628,2023-06-28,Merma,121,kg,-0.03934417883285056,L12120210101OM,1,1,Producción,MA-20230628,Cocina,
MOV-L12220210101TY-MA-20230628,2023-06-28,Merma,122,kg,-0.028407478418817984,L12220210101TY,1,1,Producción,MA-20230628,Cocina,
MOV-L10120210101BX-MA-20230728,2023-07-28,Merma,101,kg,-0.01940005420052851,L10120210101BX,1,1,Producción,MA-20230728,Cocina,
MOV-L10220210101WF-MA-20230728,2023-07-28,Merma,102,kg,-0.03926878407617706,L10220210101WF,1,2,Producción,MA-20230728,Cocina,
MOV-L10320210101BG-MA-20230728,2023-07-28,Merma,103,kg,-0.035718250856519,L10320210101BG,1,2,Producción,MA-20230728,Cocina,
MOV-L10420210101BO-MA-20230728,2023-07-28,Merma,104,kg,-0.027154200264874473,L10420210101BO,1,4,Producción,MA-20230728,Cocina,
MOV-L10520210101TC-MA-20230728,2023-07-28,Merma,105,kg,-0.020051207589968603,L10520210101TC,1,1,Producción,MA-20230728,Cocina,
MOV-L10620210101JB-MA-20230728,2023-07-28,Merma,106,kg,-0.018325490865825866,L10620210101JB,1,2,Producción,MA-20230728,Cocina,
MOV-L10720210101DZ-MA-20230728,2023-07-28,Merma,107,kg,-0.04104001489569826,L10720210101DZ,1,4,Producción,MA-20230728,Cocina,
MOV-L10820210101NG-MA-20230728,2023-07-28,Merma,108,kg,-0.041133541662122824,L10820210101NG,1,1,Producción,MA-20230728,Cocina,
MOV-L10920210101AL-MA-20230728,2023-07-28,Merma,109,kg,-0.03814048808556469,L10920210101AL,1,1,Producción,MA-20230728,Cocina,
MOV-L11020210101XQ-MA-20230728,2023-07-28,Merma,110,kg,-0.02969610524712914,L11020210101XQ,1,1,Producción,MA-20230728,Cocina,
MOV-L11120210101EB-MA-20230728,2023-07-28,Merma,111,unid,-0.22022481679107375,L11120210101EB,1,3,Producción,MA-20230728,Cocina,
MOV-L11220210101EC-MA-20230728,2023-07-28,Merma,112,kg,-0.018116904963999307,L11220210101EC,1,1,Producción,MA-20230728,Cocina,
MOV-L11320210101GN-MA-20230728,2023-07-28,Merma,113,kg,-0.016802499792681655,L11320210101GN,1,2,Producción,MA-20230728,Cocina,
MOV-L11420210101TB-MA-20230728,2023-07-28,Merma,114,kg,-0.03497412957866269,L11420210101TB,1,2,Producción,MA-20230728,Cocina,
MOV-L11520210101NP-MA-20230728,2023-07-28,Merma,115,kg,-0.03419637608266986,L11520210101NP,1,3,Producción,MA-20230728,Cocina,
MOV-L11620210101FL-MA-20230728,2023-07-28,Merma,116,kg,-0.022857006628587855,L11620210101FL,1,2,Producción,MA-20230728,Cocina,
MOV-L11720210101WS-MA-20230728,2023-07-28,Merma,117,L,-0.03686669666706934,L11720210101WS,1,2,Producción,MA-20230728,Cocina,
MOV-L11820210101YK-MA-20230728,2023-07-28,Merma,118,L,-0.01775855844964332,L11820210101YK,1,1,Producción,MA-20230728,Cocina,
MOV-L11920210101AE-MA-20230728,2023-07-28,Merma,119,L,-0.021736355692150815,L11920210101AE,1,3,Producción,MA-20230728,Cocina,
MOV-L12020210101EJ-MA-20230728,2023-07-28,Merma,120,kg,-0.03490280429976524,L12020210101EJ,1,1,Producción,MA-20230728,Cocina,
MOV-L12120210101OM-MA-20230728,2023-07-28,Merma,121,kg,-0.038872048686856356,L12120210101OM,1,1,Producción,MA-20230728,Cocina,
MOV-L12220210101TY-MA-20230728,2023-07-28,Merma,122,kg,-0.02806658867779217,L12220210101TY,1,1,Producción,MA-20230728,Cocina,
MOV-L10120210101BX-MA-20230828,2023-08-28,Merma,101,kg,-0.019167253550122165,L10120210101BX,1,1,Producción,MA-20230828,Cocina,
MOV-L10220210101WF-MA-20230828,2023-08-28,Merma,102,kg,-0.038797558667262935,L10220210101WF,1,2,Producción,MA-20230828,Cocina,
MOV-L10320210101BG-MA-20230828,2023-08-28,Merma,103,kg,-0.035289631846240774,L10320210101BG,1,2,Producción,MA-20230828,Cocina,
MOV-L10420210101BO-MA-20230828,2023-08-28,Merma,104,kg,-0.02682834986169598,L10420210101BO,1,4,Producción,MA-20230828,Cocina,
MOV-L10520210101TC-MA-20230828,2023-08-28,Merma,105,kg,-0.01981059309888898,L10520210101TC,1,1,Producción,MA-20230828,Cocina,
MOV-L10620210101JB-MA-20230828,2023-08-28,Merma,106,kg,-0.018105584975435955,L10620210101JB,1,2,Producción,MA-20230828,Cocina,
MOV-L10720210101DZ-MA-20230828,2023-08-28,Merma,107,kg,-0.04054753471694988,L10720210101DZ,1,4,Producción,MA-20230828,Cocina,
MOV-L10820210101NG-MA-20230828,2023-08-28,Merma,108,kg,-0.04063993916217735,L10820210101NG,1,1,Producción,MA-20230828,Cocina,
MOV-L10920210101AL-MA-20230828,2023-08-28,Merma,109,kg,-0.03768280222853791,L10920210101AL,1,1,Producción,MA-20230828,Cocina,
MOV-L11020210101XQ-MA-20230828,2023-08-28,Merma,110,kg,-0.02933975198416359,L11020210101XQ,1,1,Producción,MA-20230828,Cocina,
MOV-L11120210101EB-MA-20230828,2023-08-28,Merma,111,unid,-0.21758211898958085,L11120210101EB,1,3,Producción,MA-20230828,Cocina,
MOV-L11220210101EC-MA-20230828,2023-08-28,Merma,112,kg,-0.017899502104431315,L11220210101EC,1,1,Producción,MA-20230828,Cocina,
MOV-L11320210101GN-MA-20230828,2023-08-28,Merma,113,kg,-0.016600869795169476,L11320210101GN,1,2,Producción,MA-20230828,Cocina,
MOV-L11420210101TB-MA-20230828,2023-08-28,Merma,114,kg,-0.03455444002371874,L11420210101TB,1,2,Producción,MA-20230828,Cocina,
MOV-L11520210101NP-MA-20230828,2023-08-28,Merma,115,kg,-0.03378601956967782,L11520210101NP,1,3,Producción,MA-20230828,Cocina,
MOV-L11620210101FL-MA-20230828,2023-08-28,Merma,116,kg,-0.022582722549044802,L11620210101FL,1,2,Producción,MA-20230828,Cocina,
MOV-L11720210101WS-MA-20230828,2023-08-28,Merma,117,L,-0.03642429630706451,L11720210101WS,1,2,Producción,MA-20230828,Cocina,
MOV-L11820210101YK-MA-20230828,2023-08-28,Merma,118,L,-0.0175454557482476,L11820210101YK,1,1,Producción,MA-20230828,Cocina,
MOV-L11920210101AE-MA-20230828,2023-08-28,Merma,119,L,-0.021475519423845006,L11920210101AE,1,3,Producción,MA-20230828,Cocina,
MOV-L12020210101EJ-MA-20230828,2023-08-28,Merma,120,kg,-0.034483970648168064,L12020210101EJ,1,1,Producción,MA-20230828,Cocina,
MOV-L12120210101OM-MA-20230828,2023-08-28,Merma,121,kg,-0.038405584102614077,L12120210101OM,1,1,Producción,MA-20230828,Cocina,
MOV-L12220210101TY-MA-20230828,2023-08-28,Merma,122,kg,-0.027729789613658663,L12220210101TY,1,1,Producción,MA-20230828,Cocina,
MOV-L10120210101BX-MA-20230928,2023-09-28,Merma,101,kg,-0.0189372465075207,L10120210101BX,1,1,Producción,MA-20230928,Cocina,
MOV-L10220210101WF-MA-20230928,2023-09-28,Merma,102,kg,-0.03833198796325578,L10220210101WF,1,2,Producción,MA-20230928,Cocina,
MOV-L10320210101BG-MA-20230928,2023-09-28,Merma,103,kg,-0.03486615626408589,L10320210101BG,1,2,Producción,MA-20230928,Cocina,
MOV-L10420210101BO-MA-20230928,2023-09-28,Merma,104,kg,-0.026506409663355626,L10420210101BO,1,4,Producción,MA-20230928,Cocina,
MOV-L10520210101TC-MA-20230928,2023-09-28,Merma,105,kg,-0.01957286598170231,L10520210101TC,1,1,Producción,MA-20230928,Cocina,
MOV-L10620210101JB-MA-20230928,2023-09-28,Merma,106,kg,-0.017888317955730725,L10620210101JB,1,2,Producción,MA-20230928,Cocina,
MOV-L10720210101DZ-MA-20230928,2023-09-28,Merma,107,kg,-0.04006096430034648,L10720210101DZ,1,4,Producción,MA-20230928,Cocina,
MOV-L10820210101NG-MA-20230928,2023-09-28,Merma,108,kg,-0.04015225989223122,L10820210101NG,1,1,Producción,MA-20230928,Cocina,
MOV-L10920210101AL-MA-20230928,2023-09-28,Merma,109,kg,-0.03723060860179546,L10920210101AL,1,1,Producción,MA-20230928,Cocina,
MOV-L11020210101XQ-MA-20230928,2023-09-28,Merma,110,kg,-0.028987674960353628,L11020210101XQ,1,1,Producción,MA-20230928,Cocina,
MOV-L11120210101EB-MA-20230928,2023-09-28,Merma,111,unid,-0.2149711335617059,L11120210101EB,1,3,Producción,MA-20230928,Cocina,
MOV-L11220210101EC-MA-20230928,2023-09-28,Merma,112,kg,-0.01768470807917814,L11220210101EC,1,1,Producción,MA-20230928,Cocina,
MOV-L11320210101GN-MA-20230928,2023-09-28,Merma,113,kg,-0.016401659357627444,L11320210101GN,1,2,Producción,MA-20230928,Cocina,
MOV-L11420210101TB-MA-20230928,2023-09-28,Merma,114,kg,-0.03413978674343411,L11420210101TB,1,2,Producción,MA-20230928,Cocina,
MOV-L11520210101NP-MA-20230928,2023-09-28,Merma,115,kg,-0.03338058733484168,L11520210101NP,1,3,Producción,MA-20230928,Cocina,
MOV-L11620210101FL-MA-20230928,2023-09-28,Merma,116,kg,-0.022311729878456265,L11620210101FL,1,2,Producción,MA-20230928,Cocina,
MOV-L11720210101WS-MA-20230928,2023-09-28,Merma,117,L,-0.03598720475137973,L11720210101WS,1,2,Producción,MA-20230928,Cocina,
MOV-L11820210101YK-MA-20230928,2023-09-28,Merma,118,L,-0.01733491027926863,L11820210101YK,1,1,Producción,MA-20230928,Cocina,
MOV-L11920210101AE-MA-20230928,2023-09-28,Merma,119,L,-0.021217813190758866,L11920210101AE,1,3,Producción,MA-20230928,Cocina,
MOV-L12020210101EJ-MA-20230928,2023-09-28,Merma,120,kg,-0.03407016300039005,L12020210101EJ,1,1,Producción,MA-20230928,Cocina,
MOV-L12120210101OM-MA-20230928,2023-09-28,Merma,121,kg,-0.037944717093382714,L12120210101OM,1,1,Producción,MA-20230928,Cocina,
MOV-L12220210101TY-MA-20230928,2023-09-28,Merma,122,kg,-0.027397032138294756,L12220210101TY,1,1,Producción,MA-20230928,Cocina,
MOV-L10120210101BX-MA-20231028,2023-10-28,Merma,101,kg,-0.018709999549430454,L10120210101BX,1,1,Producción,MA-20231028,Cocina,
MOV-L10220210101WF-MA-20231028,2023-10-28,Merma,102,kg,-0.037872004107696706,L10220210101WF,1,2,Producción,MA-20231028,Cocina,
MOV-L10320210101BG-MA-20231028,2023-10-28,Merma,103,kg,-0.03444776238891686,L10320210101BG,1,2,Producción,MA-20231028,Cocina,
MOV-L10420210101BO-MA-20231028,2023-10-28,Merma,104,kg,-0.02618833274739536,L10420210101BO,1,4,Producción,MA-20231028,Cocina,
MOV-L10520210101TC-MA-20231028,2023-10-28,Merma,105,kg,-0.019337991589921884,L10520210101TC,1,1,Producción,MA-20231028,Cocina,
MOV-L10620210101JB-MA-20231028,2023-10-28,Merma,106,kg,-0.017673658140261957,L10620210101JB,1,2,Producción,MA-20231028,Cocina,
MOV-L10720210101DZ-MA-20231028,2023-10-28,Merma,107,kg,-0.03958023272874232,L10720210101DZ,1,4,Producción,MA-20231028,Cocina,
MOV-L10820210101NG-MA-20231028,2023-10-28,Merma,108,kg,-0.039670432773524444,L10820210101NG,1,1,Producción,MA-20231028,Cocina,
MOV-L10920210101AL-MA-20231028,2023-10-28,Merma,109,kg,-0.03678384129857391,L10920210101AL,1,1,Producción,MA-20231028,Cocina,
MOV-L11020210101XQ-MA-20231028,2023-10-28,Merma,110,kg,-0.028639822860829386,L11020210101XQ,1,1,Producción,MA-20231028,Cocina,
MOV-L11120210101EB-MA-20231028,2023-10-28,Merma,111,unid,-0.21239147995896546,L11120210101EB,1,3,Producción,MA-20231028,Cocina,
MOV-L11220210101EC-MA-20231028,2023-10-28,Merma,112,kg,-0.017472491582228,L11220210101EC,1,1,Producción,MA-20231028,Cocina,
MOV-L11320210101GN-MA-20231028,2023-10-28,Merma,113,kg,-0.016204839445335913,L11320210101GN,1,2,Producción,MA-20231028,Cocina,
MOV-L11420210101TB-MA-20231028,2023-10-28,Merma,114,kg,-0.033730109302512905,L11420210101TB,1,2,Producción,MA-20231028,Cocina,
MOV-L11520210101NP-MA-20231028,2023-10-28,Merma,115,kg,-0.03298002028682358,L11520210101NP,1,3,Producción,MA-20231028,Cocina,
MOV-L11620210101FL-MA-20231028,2023-10-28,Merma,116,kg,-0.02204398911991479,L11620210101FL,1,2,Producción,MA-20231028,Cocina,
MOV-L11720210101WS-MA-20231028,2023-10-28,Merma,117,L,-0.035555358294363175,L11720210101WS,1,2,Producción,MA-20231028,Cocina,
MOV-L11820210101YK-MA-20231028,2023-10-28,Merma,118,L,-0.01712689135591741,L11820210101YK,1,1,Producción,MA-20231028,Cocina,
MOV-L11920210101AE-MA-20231028,2023-10-28,Merma,119,L,-0.02096319943246976,L11920210101AE,1,3,Producción,MA-20231028,Cocina,
MOV-L12020210101EJ-MA-20231028,2023-10-28,Merma,120,kg,-0.03366132104438537,L12020210101EJ,1,1,Producción,MA-20231028,Cocina,
MOV-L12120210101OM-MA-20231028,2023-10-28,Merma,121,kg,-0.037489380488262114,L12120210101OM,1,1,Producción,MA-20231028,Cocina,
MOV-L12220210101TY-MA-20231028,2023-10-28,Merma,122,kg,-0.027068267752635218,L12220210101TY,1,1,Producción,MA-20231028,Cocina,
MOV-L10120210101BX-MA-20231128,2023-11-28,Merma,101,kg,-0.018485479554837286,L10120210101BX,1,1,Producción,MA-20231128,Cocina,
MOV-L10220210101WF-MA-20231128,2023-11-28,Merma,102,kg,-0.03741754005840435,L10220210101WF,1,2,Producción,MA-20231128,Cocina,
MOV-L10320210101BG-MA-20231128,2023-11-28,Merma,103,kg,-0.03403438924024985,L10320210101BG,1,2,Producción,MA-20231128,Cocina,
MOV-L10420210101BO-MA-20231128,2023-11-28,Merma,104,kg,-0.025874072754426616,L10420210101BO,1,4,Producción,MA-20231128,Cocina,
MOV-L10520210101TC-MA-20231128,2023-11-28,Merma,105,kg,-0.01910593569084282,L10520210101TC,1,1,Producción,MA-20231128,Cocina,
MOV-L10620210101JB-MA-20231128,2023-11-28,Merma,106,kg,-0.017461574242578812,L10620210101JB,1,2,Producción,MA-20231128,Cocina,
MOV-L10720210101DZ-MA-20231128,2023-11-28,Merma,107,kg,-0.03910526993599741,L10720210101DZ,1,4,Producción,MA-20231128,Cocina,
MOV-L10820210101NG-MA-20231128,2023-11-28,Merma,108,kg,-0.03919438758024216,L10820210101NG,1,1,Producción,MA-20231128,Cocina,
MOV-L10920210101AL-MA-20231128,2023-11-28,Merma,109,kg,-0.036342435202991026,L10920210101AL,1,1,Producción,MA-20231128,Cocina,
MOV-L11020210101XQ-MA-20231128,2023-11-28,Merma,110,kg,-0.028296144986499433,L11020210101XQ,1,1,Producción,MA-20231128,Cocina,
MOV-L11120210101EB-MA-20231128,2023-11-28,Merma,111,unid,-0.20984278219945784,L11120210101EB,1,3,Producción,MA-20231128,Cocina,
MOV-L11220210101EC-MA-20231128,2023-11-28,Merma,112,kg,-0.017262821683241267,L11220210101EC,1,1,Producción,MA-20231128,Cocina,
MOV-L11320210101GN-MA-20231128,2023-11-28,Merma,113,kg,-0.016010381371991882,L11320210101GN,1,2,Producción,MA-20231128,Cocina,
MOV-L11420210101TB-MA-20231128,2023-11-28,Merma,114,kg,-0.03332534799088275,L11420210101TB,1,2,Producción,MA-20231128,Cocina,
MOV-L11520210101NP-MA-20231128,2023-11-28,Merma,115,kg,-0.0325842600433817,L11520210101NP,1,3,Producción,MA-20231128,Cocina,
MOV-L11620210101FL-MA-20231128,2023-11-28,Merma,116,kg,-0.02177946125047581,L11620210101FL,1,2,Producción,MA-20231128,Cocina,
MOV-L11720210101WS-MA-20231128,2023-11-28,Merma,117,L,-0.03512869399483082,L11720210101WS,1,2,Producción,MA-20231128,Cocina,
MOV-L11820210101YK-MA-20231128,2023-11-28,Merma,118,L,-0.0169213686596464,L11820210101YK,1,1,Producción,MA-20231128,Cocina,
MOV-L11920210101AE-MA-20231128,2023-11-28,Merma,119,L,-0.020711641039280124,L11920210101AE,1,3,Producción,MA-20231128,Cocina,
MOV-L12020210101EJ-MA-20231128,2023-11-28,Merma,120,kg,-0.03325738519185274,L12020210101EJ,1,1,Producción,MA-20231128,Cocina,
MOV-L12120210101OM-MA-20231128,2023-11-28,Merma,121,kg,-0.03703950792240297,L12120210101OM,1,1,Producción,MA-20231128,Cocina,
MOV-L12220210101TY-MA-20231128,2023-11-28,Merma,122,kg,-0.026743448539603597,L12220210101TY,1,1,Producción,MA-20231128,Cocina,
MOV-L10120210101BX-MA-20231228,2023-12-28,Merma,101,kg,-0.01826365380017924,L10120210101BX,1,1,Producción,MA-20231228,Cocina,
MOV-L10220210101WF-MA-20231228,2023-12-28,Merma,102,kg,-0.036968529577703496,L10220210101WF,1,2,Producción,MA-20231228,Cocina,
MOV-L10320210101BG-MA-20231228,2023-12-28,Merma,103,kg,-0.033625976569366854,L10320210101BG,1,2,Producción,MA-20231228,Cocina,
MOV-L10420210101BO-MA-20231228,2023-12-28,Merma,104,kg,-0.0255635838813735,L10420210101BO,1,4,Producción,MA-20231228,Cocina,
MOV-L10520210101TC-MA-20231228,2023-12-28,Merma,105,kg,-0.01887666446255271,L10520210101TC,1,1,Producción,MA-20231228,Cocina,
MOV-L10620210101JB-MA-20231228,2023-12-28,Merma,106,kg,-0.017252035351667867,L10620210101JB,1,2,Producción,MA-20231228,Cocina,
MOV-L10720210101DZ-MA-20231228,2023-12-28,Merma,107,kg,-0.038636006696765444,L10720210101DZ,1,4,Producción,MA-20231228,Cocina,
MOV-L10820210101NG-MA-20231228,2023-12-28,Merma,108,kg,-0.038724054929279245,L10820210101NG,1,1,Producción,MA-20231228,Cocina,
MOV-L10920210101AL-MA-20231228,2023-12-28,Merma,109,kg,-0.03590632598055514,L10920210101AL,1,1,Producción,MA-20231228,Cocina,
MOV-L11020210101XQ-MA-20231228,2023-12-28,Merma,110,kg,-0.02795659124666144,L11020210101XQ,1,1,Producción,MA-20231228,Cocina,
MOV-L11120210101EB-MA-20231228,2023-12-28,Merma,111,unid,-0.20732466881306433,L11120210101EB,1,3,Producción,MA-20231228,Cocina,
MOV-L11220210101EC-MA-20231228,2023-12-28,Merma,112,kg,-0.01705566782304237,L11220210101EC,1,1,Producción,MA-20231228,Cocina,
MOV-L11320210101GN-MA-20231228,2023-12-28,Merma,113,kg,-0.01581825679552798,L11320210101GN,1,2,Producción,MA-20231228,Cocina,
MOV-L11420210101TB-MA-20231228,2023-12-28,Merma,114,kg,-0.032925443814992156,L11420210101TB,1,2,Producción,MA-20231228,Cocina,
MOV-L11520210101NP-MA-20231228,2023-12-28,Merma,115,kg,-0.032193248922861115,L11520210101NP,1,3,Producción,MA-20231228,Cocina,
MOV-L11620210101FL-MA-20231228,2023-12-28,Merma,116,kg,-0.0215181077154701,L11620210101FL,1,2,Producción,MA-20231228,Cocina,
MOV-L11720210101WS-MA-20231228,2023-12-28,Merma,117,L,-0.03470714966689285,L11720210101WS,1,2,Producción,MA-20231228,Cocina,
MOV-L11820210101YK-MA-20231228,2023-12-28,Merma,118,L,-0.016718312235730642,L11820210101YK,1,1,Producción,MA-20231228,Cocina,
MOV-L11920210101AE-MA-20231228,2023-12-28,Merma,119,L,-0.020463101346808763,L11920210101AE,1,3,Producción,MA-20231228,Cocina,
MOV-L12020210101EJ-MA-20231228,2023-12-28,Merma,120,kg,-0.03285829656955051,L12020210101EJ,1,1,Producción,MA-20231228,Cocina,
MOV-L12120210101OM-MA-20231228,2023-12-28,Merma,121,kg,-0.03659503382733414,L12120210101OM,1,1,Producción,MA-20231228,Cocina,
MOV-L12220210101TY-MA-20231228,2023-12-28,Merma,122,kg,-0.026422527157128357,L12220210101TY,1,1,Producción,MA-20231228,Cocina,
MOV-L10120210101BX-MA-20240128,2024-01-28,Merma,101,kg,-0.018044489954577088,L10120210101BX,1,1,Producción,MA-20240128,Cocina,
MOV-L10220210101WF-MA-20240128,2024-01-28,Merma,102,kg,-0.03652490722277106,L10220210101WF,1,2,Producción,MA-20240128,Cocina,
MOV-L10320210101BG-MA-20240128,2024-01-28,Merma,103,kg,-0.03322246485053445,L10320210101BG,1,2,Producción,MA-20240128,Cocina,
MOV-L10420210101BO-MA-20240128,2024-01-28,Merma,104,kg,-0.025256820874797015,L10420210101BO,1,4,Producción,MA-20240128,Cocina,
MOV-L10520210101TC-MA-20240128,2024-01-28,Merma,105,kg,-0.01865014448900208,L10520210101TC,1,1,Producción,MA-20240128,Cocina,
MOV-L10620210101JB-MA-20240128,2024-01-28,Merma,106,kg,-0.017045010927447854,L10620210101JB,1,2,Producción,MA-20240128,Cocina,
MOV-L10720210101DZ-MA-20240128,2024-01-28,Merma,107,kg,-0.03817237461640426,L10720210101DZ,1,4,Producción,MA-20240128,Cocina,
MOV-L10820210101NG-MA-20240128,2024-01-28,Merma,108,kg,-0.038259366270127895,L10820210101NG,1,1,Producción,MA-20240128,Cocina,
MOV-L10920210101AL-MA-20240128,2024-01-28,Merma,109,kg,-0.035475450068788474,L10920210101AL,1,1,Producción,MA-20240128,Cocina,
MOV-L11020210101XQ-MA-20240128,2024-01-28,Merma,110,kg,-0.027621112151701502,L11020210101XQ,1,1,Producción,MA-20240128,Cocina,
MOV-L11120210101EB-MA-20240128,2024-01-28,Merma,111,unid,-0.20483677278730755,L11120210101EB,1,3,Producción,MA-20240128,Cocina,
MOV-L11220210101EC-MA-20240128,2024-01-28,Merma,112,kg,-0.01685099980916586,L11220210101EC,1,1,Producción,MA-20240128,Cocina,
MOV-L11320210101GN-MA-20240128,2024-01-28,Merma,113,kg,-0.015628437713981643,L11320210101GN,1,2,Producción,MA-20240128,Cocina,
MOV-L11420210101TB-MA-20240128,2024-01-28,Merma,114,kg,-0.03253033848921225,L11420210101TB,1,2,Producción,MA-20240128,Cocina,
MOV-L11520210101NP-MA-20240128,2024-01-28,Merma,115,kg,-0.03180692993578678,L11520210101NP,1,3,Producción,MA-20240128,Cocina,
MOV-L11620210101FL-MA-20240128,2024-01-28,Merma,116,kg,-0.02125989042288446,L11620210101FL,1,2,Producción,MA-20240128,Cocina,
MOV-L11720210101WS-MA-20240128,2024-01-28,Merma,117,L,-0.03429066387089014,L11720210101WS,1,2,Producción,MA-20240128,Cocina,
MOV-L11820210101YK-MA-20240128,2024-01-28,Merma,118,L,-0.016517692488901874,L11820210101YK,1,1,Producción,MA-20240128,Cocina,
MOV-L11920210101AE-MA-20240128,2024-01-28,Merma,119,L,-0.020217544130647056,L11920210101AE,1,3,Producción,MA-20240128,Cocina,
MOV-L12020210101EJ-MA-20240128,2024-01-28,Merma,120,kg,-0.03246399701071591,L12020210101EJ,1,1,Producción,MA-20240128,Cocina,
MOV-L12120210101OM-MA-20240128,2024-01-28,Merma,121,kg,-0.03615589342140613,L12120210101OM,1,1,Producción,MA-20240128,Cocina,
MOV-L12220210101TY-MA-20240128,2024-01-28,Merma,122,kg,-0.026105456831242817,L12220210101TY,1,1,Producción,MA-20240128,Cocina,
MOV-L10120210101BX-MA-20240228,2024-02-28,Merma,101,kg,-0.017827956075122164,L10120210101BX,1,1,Producción,MA-20240228,Cocina,
MOV-L10220210101WF-MA-20240228,2024-02-28,Merma,102,kg,-0.0360866083360978,L10220210101WF,1,2,Producción,MA-20240228,Cocina,
MOV-L10320210101BG-MA-20240228,2024-02-28,Merma,103,kg,-0.03282379527232804,L10320210101BG,1,2,Producción,MA-20240228,Cocina,
MOV-L10420210101BO-MA-20240228,2024-02-28,Merma,104,kg,-0.02495373902429945,L10420210101BO,1,4,Producción,MA-20240228,Cocina,
MOV-L10520210101TC-MA-20240228,2024-02-28,Merma,105,kg,-0.01842634275513405,L10520210101TC,1,1,Producción,MA-20240228,Cocina,
MOV-L10620210101JB-MA-20240228,2024-02-28,Merma,106,kg,-0.01684047079631848,L10620210101JB,1,2,Producción,MA-20240228,Cocina,
MOV-L10720210101DZ-MA-20240228,2024-02-28,Merma,107,kg,-0.03771430612100741,L10720210101DZ,1,4,Producción,MA-20240228,Cocina,
MOV-L10820210101NG-MA-20240228,2024-02-28,Merma,108,kg,-0.037800253874886364,L10820210101NG,1,1,Producción,MA-20240228,Cocina,
MOV-L10920210101AL-MA-20240228,2024-02-28,Merma,109,kg,-0.03504974466796302,L10920210101AL,1,1,Producción,MA-20240228,Cocina,
MOV-L11020210101XQ-MA-20240228,2024-02-28,Merma,110,kg,-0.027289658805881082,L11020210101XQ,1,1,Producción,MA-20240228,Cocina,
MOV-L11120210101EB-MA-20240228,2024-02-28,Merma,111,unid,-0.20237873151385988,L11120210101EB,1,3,Producción,MA-20240228,Cocina,
MOV-L11220210101EC-MA-20240228,2024-02-28,Merma,112,kg,-0.01664878781145587,L11220210101EC,1,1,Producción,MA-20240228,Cocina,
MOV-L11320210101GN-MA-20240228,2024-02-28,Merma,113,kg,-0.015440896461413861,L11320210101GN,1,2,Producción,MA-20240228,Cocina,
MOV-L11420210101TB-MA-20240228,2024-02-28,Merma,114,kg,-0.032139974427341705,L11420210101TB,1,2,Producción,MA-20240228,Cocina,
MOV-L11520210101NP-MA-20240228,2024-02-28,Merma,115,kg,-0.03142524677655734,L11520210101NP,1,3,Producción,MA-20240228,Cocina,
MOV-L11620210101FL-MA-20240228,2024-02-28,Merma,116,kg,-0.021004771737809846,L11620210101FL,1,2,Producción,MA-20240228,Cocina,
MOV-L11720210101WS-MA-20240228,2024-02-28,Merma,117,L,-0.03387917590443946,L11720210101WS,1,2,Producción,MA-20240228,Cocina,
MOV-L11820210101YK-MA-20240228,2024-02-28,Merma,118,L,-0.01631948017903505,L11820210101YK,1,1,Producción,MA-20240228,Cocina,
MOV-L11920210101AE-MA-20240228,2024-02-28,Merma,119,L,-0.01997493360107929,L11920210101AE,1,3,Producción,MA-20240228,Cocina,
MOV-L12020210101EJ-MA-20240228,2024-02-28,Merma,120,kg,-0.03207442904658731,L12020210101EJ,1,1,Producción,MA-20240228,Cocina,
MOV-L12120210101OM-MA-20240228,2024-02-28,Merma,121,kg,-0.03572202270034926,L12120210101OM,1,1,Producción,MA-20240228,Cocina,
MOV-L12220210101TY-MA-20240228,2024-02-28,Merma,122,kg,-0.025792191349267902,L12220210101TY,1,1,Producción,MA-20240228,Cocina,
MOV-L10120210101BX-MA-20240328,2024-03-28,Merma,101,kg,-0.017614020602220698,L10120210101BX,1,1,Producción,MA-20240328,Cocina,
MOV-L10220210101WF-MA-20240328,2024-03-28,Merma,102,kg,-0.035653569036064627,L10220210101WF,1,2,Producción,MA-20240328,Cocina,
MOV-L10320210101BG-MA-20240328,2024-03-28,Merma,103,kg,-0.032429909729060104,L10320210101BG,1,2,Producción,MA-20240328,Cocina,
MOV-L10420210101BO-MA-20240328,2024-03-28,Merma,104,kg,-0.024654294156007856,L10420210101BO,1,4,Producción,MA-20240328,Cocina,
MOV-L10520210101TC-MA-20240328,2024-03-28,Merma,105,kg,-0.018205226642072442,L10520210101TC,1,1,Producción,MA-20240328,Cocina,
MOV-L10620210101JB-MA-20240328,2024-03-28,Merma,106,kg,-0.016638385146762656,L10620210101JB,1,2,Producción,MA-20240328,Cocina,
MOV-L10720210101DZ-MA-20240328,2024-03-28,Merma,107,kg,-0.03726173444755532,L10720210101DZ,1,4,Producción,MA-20240328,Cocina,
MOV-L10820210101NG-MA-20240328,2024-03-28,Merma,108,kg,-0.03734665082838773,L10820210101NG,1,1,Producción,MA-20240328,Cocina,
MOV-L10920210101AL-MA-20240328,2024-03-28,Merma,109,kg,-0.03462914773194746,L10920210101AL,1,1,Producción,MA-20240328,Cocina,
MOV-L11020210101XQ-MA-20240328,2024-03-28,Merma,110,kg,-0.026962182900210508,L11020210101XQ,1,1,Producción,MA-20240328,Cocina,
MOV-L11120210101EB-MA-20240328,2024-03-28,Merma,111,unid,-0.19995018673569356,L11120210101EB,1,3,Producción,MA-20240328,Cocina,
MOV-L11220210101EC-MA-20240328,2024-03-28,Merma,112,kg,-0.016449002357718397,L11220210101EC,1,1,Producción,MA-20240328,Cocina,
MOV-L11320210101GN-MA-20240328,2024-03-28,Merma,113,kg,-0.015255605703876894,L11320210101GN,1,2,Producción,MA-20240328,Cocina,
MOV-L11420210101TB-MA-20240328,2024-03-28,Merma,114,kg,-0.0317542947342136,L11420210101TB,1,2,Producción,MA-20240328,Cocina,
MOV-L11520210101NP-MA-20240328,2024-03-28,Merma,115,kg,-0.031048143815238655,L11520210101NP,1,3,Producción,MA-20240328,Cocina,
MOV-L11620210101FL-MA-20240328,2024-03-28,Merma,116,kg,-0.020752714476956126,L11620210101FL,1,2,Producción,MA-20240328,Cocina,
MOV-L11720210101WS-MA-20240328,2024-03-28,Merma,117,L,-0.03347262579358618,L11720210101WS,1,2,Producción,MA-20240328,Cocina,
MOV-L11820210101YK-MA-20240328,2024-03-28,Merma,118,L,-0.01612364641688663,L11820210101YK,1,1,Producción,MA-20240328,Cocina,
MOV-L11920210101AE-MA-20240328,2024-03-28,Merma,119,L,-0.01973523439786634,L11920210101AE,1,3,Producción,MA-20240328,Cocina,
MOV-L12020210101EJ-MA-20240328,2024-03-28,Merma,120,kg,-0.03168953589802827,L12020210101EJ,1,1,Producción,MA-20240328,Cocina,
MOV-L12120210101OM-MA-20240328,2024-03-28,Merma,121,kg,-0.035293358427945065,L12120210101OM,1,1,Producción,MA-20240328,Cocina,
MOV-L12220210101TY-MA-20240328,2024-03-28,Merma,122,kg,-0.025482685053076687,L12220210101TY,1,1,Producción,MA-20240328,Cocina,
MOV-L10120210101BX-MA-20240428,2024-04-28,Merma,101,kg,-0.01740265235499405,L10120210101BX,1,1,Producción,MA-20240428,Cocina,
MOV-L10220210101WF-MA-20240428,2024-04-28,Merma,102,kg,-0.035225726207631855,L10220210101WF,1,2,Producción,MA-20240428,Cocina,
MOV-L10320210101BG-MA-20240428,2024-04-28,Merma,103,kg,-0.03204075081231138,L10320210101BG,1,2,Producción,MA-20240428,Cocina,
MOV-L10420210101BO-MA-20240428,2024-04-28,Merma,104,kg,-0.024358442626135762,L10420210101BO,1,4,Producción,MA-20240428,Cocina,
MOV-L10520210101TC-MA-20240428,2024-04-28,Merma,105,kg,-0.017986763922367574,L10520210101TC,1,1,Producción,MA-20240428,Cocina,
MOV-L10620210101JB-MA-20240428,2024-04-28,Merma,106,kg,-0.016438724525001506,L10620210101JB,1,2,Producción,MA-20240428,Cocina,
MOV-L10720210101DZ-MA-20240428,2024-04-28,Merma,107,kg,-0.036814593634184656,L10720210101DZ,1,4,Producción,MA-20240428,Cocina,
MOV-L10820210101NG-MA-20240428,2024-04-28,Merma,108,kg,-0.036898491018447076,L10820210101NG,1,1,Producción,MA-20240428,Cocina,
MOV-L10920210101AL-MA-20240428,2024-04-28,Merma,109,kg,-0.03421359795916409,L10920210101AL,1,1,Producción,MA-20240428,Cocina,
MOV-L11020210101XQ-MA-20240428,2024-04-28,Merma,110,kg,-0.026638636705407982,L11020210101XQ,1,1,Producción,MA-20240428,Cocina,
MOV-L11120210101EB-MA-20240428,2024-04-28,Merma,111,unid,-0.1975507844948652,L11120210101EB,1,3,Producción,MA-20240428,Cocina,
MOV-L11220210101EC-MA-20240428,2024-04-28,Merma,112,kg,-0.01625161432942578,L11220210101EC,1,1,Producción,MA-20240428,Cocina,
MOV-L11320210101GN-MA-20240428,2024-04-28,Merma,113,kg,-0.015072538435430372,L11320210101GN,1,2,Producción,MA-20240428,Cocina,
MOV-L11420210101TB-MA-20240428,2024-04-28,Merma,114,kg,-0.03137324319740304,L11420210101TB,1,2,Producción,MA-20240428,Cocina,
MOV-L11520210101NP-MA-20240428,2024-04-28,Merma,115,kg,-0.03067556608945579,L11520210101NP,1,3,Producción,MA-20240428,Cocina,
MOV-L11620210101FL-MA-20240428,2024-04-28,Merma,116,kg,-0.020503681903232655,L11620210101FL,1,2,Producción,MA-20240428,Cocina,
MOV-L11720210101WS-MA-20240428,2024-04-28,Merma,117,L,-0.03307095428406315,L11720210101WS,1,2,Producción,MA-20240428,Cocina,
MOV-L11820210101YK-MA-20240428,2024-04-28,Merma,118,L,-0.015930162659883992,L11820210101YK,1,1,Producción,MA-20240428,Cocina,
MOV-L11920210101AE-MA-20240428,2024-04-28,Merma,119,L,-0.019498411585091944,L11920210101AE,1,3,Producción,MA-20240428,Cocina,
MOV-L12020210101EJ-MA-20240428,2024-04-28,Merma,120,kg,-0.03130926146725192,L12020210101EJ,1,1,Producción,MA-20240428,Cocina,
MOV-L12120210101OM-MA-20240428,2024-04-28,Merma,121,kg,-0.03486983812680972,L12120210101OM,1,1,Producción,MA-20240428,Cocina,
MOV-L12220210101TY-MA-20240428,2024-04-28,Merma,122,kg,-0.025176892832439766,L12220210101TY,1,1,Producción,MA-20240428,Cocina,
MOV-L10120210101BX-MA-20240528,2024-05-28,Merma,101,kg,-0.017193820526734124,L10120210101BX,1,1,Producción,MA-20240528,Cocina,
MOV-L10220210101WF-MA-20240528,2024-05-28,Merma,102,kg,-0.03480301749314027,L10220210101WF,1,2,Producción,MA-20240528,Cocina,
MOV-L10320210101BG-MA-20240528,2024-05-28,Merma,103,kg,-0.031656261802563646,L10320210101BG,1,2,Producción,MA-20240528,Cocina,
MOV-L10420210101BO-MA-20240528,2024-05-28,Merma,104,kg,-0.024066141314622133,L10420210101BO,1,4,Producción,MA-20240528,Cocina,
MOV-L10520210101TC-MA-20240528,2024-05-28,Merma,105,kg,-0.01777092275529916,L10520210101TC,1,1,Producción,MA-20240528,Cocina,
MOV-L10620210101JB-MA-20240528,2024-05-28,Merma,106,kg,-0.016241459830701487,L10620210101JB,1,2,Producción,MA-20240528,Cocina,
MOV-L10720210101DZ-MA-20240528,2024-05-28,Merma,107,kg,-0.03637281851057444,L10720210101DZ,1,4,Producción,MA-20240528,Cocina,
MOV-L10820210101NG-MA-20240528,2024-05-28,Merma,108,kg,-0.03645570912622571,L10820210101NG,1,1,Producción,MA-20240528,Cocina,
MOV-L10920210101AL-MA-20240528,2024-05-28,Merma,109,kg,-0.033803034783654116,L10920210101AL,1,1,Producción,MA-20240528,Cocina,
MOV-L11020210101XQ-MA-20240528,2024-05-28,Merma,110,kg,-0.026318973064943085,L11020210101XQ,1,1,Producción,MA-20240528,Cocina,
MOV-L11120210101EB-MA-20240528,2024-05-28,Merma,111,unid,-0.19518017508092683,L11120210101EB,1,3,Producción,MA-20240528,Cocina,
MOV-L11220210101EC-MA-20240528,2024-05-28,Merma,112,kg,-0.016056594957472668,L11220210101EC,1,1,Producción,MA-20240528,Cocina,
MOV-L11320210101GN-MA-20240528,2024-05-28,Merma,113,kg,-0.014891667974205207,L11320210101GN,1,2,Producción,MA-20240528,Cocina,
MOV-L11420210101TB-MA-20240528,2024-05-28,Merma,114,kg,-0.0309967642790342,L11420210101TB,1,2,Producción,MA-20240528,Cocina,
MOV-L11520210101NP-MA-20240528,2024-05-28,Merma,115,kg,-0.030307459296382323,L11520210101NP,1,3,Producción,MA-20240528,Cocina,
MOV-L11620210101FL-MA-20240528,2024-05-28,Merma,116,kg,-0.02025763772039386,L11620210101FL,1,2,Producción,MA-20240528,Cocina,
MOV-L11720210101WS-MA-20240528,2024-05-28,Merma,117,L,-0.032674102832654386,L11720210101WS,1,2,Producción,MA-20240528,Cocina,
MOV-L11820210101YK-MA-20240528,2024-05-28,Merma,118,L,-0.015739000707965384,L11820210101YK,1,1,Producción,MA-20240528,Cocina,
MOV-L11920210101AE-MA-20240528,2024-05-28,Merma,119,L,-0.01926443064607084,L11920210101AE,1,3,Producción,MA-20240528,Cocina,
MOV-L12020210101EJ-MA-20240528,2024-05-28,Merma,120,kg,-0.030933550329644902,L12020210101EJ,1,1,Producción,MA-20240528,Cocina,
MOV-L12120210101OM-MA-20240528,2024-05-28,Merma,121,kg,-0.034451400069288006,L12120210101OM,1,1,Producción,MA-20240528,Cocina,
MOV-L12220210101TY-MA-20240528,2024-05-28,Merma,122,kg,-0.02487477011845049,L12220210101TY,1,1,Producción,MA-20240528,Cocina,
MOV-L10120210101BX-MA-20240628,2024-06-28,Merma,101,kg,-0.016987494680413315,L10120210101BX,1,1,Producción,MA-20240628,Cocina,
MOV-L10220210101WF-MA-20240628,2024-06-28,Merma,102,kg,-0.03438538128322259,L10220210101WF,1,2,Producción,MA-20240628,Cocina,
MOV-L10320210101BG-MA-20240628,2024-06-28,Merma,103,kg,-0.03127638666093288,L10320210101BG,1,2,Producción,MA-20240628,Cocina,
MOV-L10420210101BO-MA-20240628,2024-06-28,Merma,104,kg,-0.02377734761884667,L10420210101BO,1,4,Producción,MA-20240628,Cocina,
MOV-L10520210101TC-MA-20240628,2024-06-28,Merma,105,kg,-0.017557671682235574,L10520210101TC,1,1,Producción,MA-20240628,Cocina,
MOV-L10620210101JB-MA-20240628,2024-06-28,Merma,106,kg,-0.01604656231273307,L10620210101JB,1,2,Producción,MA-20240628,Cocina,
MOV-L10720210101DZ-MA-20240628,2024-06-28,Merma,107,kg,-0.035936344688447544,L10720210101DZ,1,4,Producción,MA-20240628,Cocina,
MOV-L10820210101NG-MA-20240628,2024-06-28,Merma,108,kg,-0.036018240616711,L10820210101NG,1,1,Producción,MA-20240628,Cocina,
MOV-L10920210101AL-MA-20240628,2024-06-28,Merma,109,kg,-0.03339739836625027,L10920210101AL,1,1,Producción,MA-20240628,Cocina,
MOV-L11020210101XQ-MA-20240628,2024-06-28,Merma,110,kg,-0.026003145388163767,L11020210101XQ,1,1,Producción,MA-20240628,Cocina,
MOV-L11120210101EB-MA-20240628,2024-06-28,Merma,111,unid,-0.1928380129799557,L11120210101EB,1,3,Producción,MA-20240628,Cocina,
MOV-L11220210101EC-MA-20240628,2024-06-28,Merma,112,kg,-0.015863915817982997,L11220210101EC,1,1,Producción,MA-20240628,Cocina,
MOV-L11320210101GN-MA-20240628,2024-06-28,Merma,113,kg,-0.014712967958514744,L11320210101GN,1,2,Producción,MA-20240628,Cocina,
MOV-L11420210101TB-MA-20240628,2024-06-28,Merma,114,kg,-0.03062480310768579,L11420210101TB,1,2,Producción,MA-20240628,Cocina,
MOV-L11520210101NP-MA-20240628,2024-06-28,Merma,115,kg,-0.029943769784825734,L11520210101NP,1,3,Producción,MA-20240628,Cocina,
MOV-L11620210101FL-MA-20240628,2024-06-28,Merma,116,kg,-0.020014546067749137,L11620210101FL,1,2,Producción,MA-20240628,Cocina,
MOV-L11720210101WS-MA-20240628,2024-06-28,Merma,117,L,-0.032282013598662535,L11720210101WS,1,2,Producción,MA-20240628,Cocina,
MOV-L11820210101YK-MA-20240628,2024-06-28,Merma,118,L,-0.015550132699469801,L11820210101YK,1,1,Producción,MA-20240628,Cocina,
MOV-L11920210101AE-MA-20240628,2024-06-28,Merma,119,L,-0.01903325747831799,L11920210101AE,1,3,Producción,MA-20240628,Cocina,
MOV-L12020210101EJ-MA-20240628,2024-06-28,Merma,120,kg,-0.03056234772568916,L12020210101EJ,1,1,Producción,MA-20240628,Cocina,
MOV-L12120210101OM-MA-20240628,2024-06-28,Merma,121,kg,-0.03403798326845655,L12120210101OM,1,1,Producción,MA-20240628,Cocina,
MOV-L12220210101TY-MA-20240628,2024-06-28,Merma,122,kg,-0.024576272877029084,L12220210101TY,1,1,Producción,MA-20240628,Cocina,
MOV-L10120210101BX-MA-20240728,2024-07-28,Merma,101,kg,-0.016783644744248354,L10120210101BX,1,1,Producción,MA-20240728,Cocina,
MOV-L10220210101WF-MA-20240728,2024-07-28,Merma,102,kg,-0.03397275670782392,L10220210101WF,1,2,Producción,MA-20240728,Cocina,
MOV-L10320210101BG-MA-20240728,2024-07-28,Merma,103,kg,-0.03090107002100169,L10320210101BG,1,2,Producción,MA-20240728,Cocina,
MOV-L10420210101BO-MA-20240728,2024-07-28,Merma,104,kg,-0.023492019447420506,L10420210101BO,1,4,Producción,MA-20240728,Cocina,
MOV-L10520210101TC-MA-20240728,2024-07-28,Merma,105,kg,-0.017346979622048744,L10520210101TC,1,1,Producción,MA-20240728,Cocina,
MOV-L10620210101JB-MA-20240728,2024-07-28,Merma,106,kg,-0.015854003564980273,L10620210101JB,1,2,Producción,MA-20240728,Cocina,
MOV-L10720210101DZ-MA-20240728,2024-07-28,Merma,107,kg,-0.03550510855218618,L10720210101DZ,1,4,Producción,MA-20240728,Cocina,
MOV-L10820210101NG-MA-20240728,2024-07-28,Merma,108,kg,-0.03558602172931047,L10820210101NG,1,1,Producción,MA-20240728,Cocina,
MOV-L10920210101AL-MA-20240728,2024-07-28,Merma,109,kg,-0.03299662958585527,L10920210101AL,1,1,Producción,MA-20240728,Cocina,
MOV-L11020210101XQ-MA-20240728,2024-07-28,Merma,110,kg,-0.0256911076435058,L11020210101XQ,1,1,Producción,MA-20240728,Cocina,
MOV-L11120210101EB-MA-20240728,2024-07-28,Merma,111,unid,-0.19052395682419623,L11120210101EB,1,3,Producción,MA-20240728,Cocina,
MOV-L11220210101EC-MA-20240728,2024-07-28,Merma,112,kg,-0.0156735488281672,L11220210101EC,1,1,Producción,MA-20240728,Cocina,
MOV-L11320210101GN-MA-20240728,2024-07-28,Merma,113,kg,-0.014536412343012568,L11320210101GN,1,2,Producción,MA-20240728,Cocina,
MOV-L11420210101TB-MA-20240728,2024-07-28,Merma,114,kg,-0.030257305470393563,L11420210101TB,1,2,Producción,MA-20240728,Cocina,
MOV-L11520210101NP-MA-20240728,2024-07-28,Merma,115,kg,-0.029584444547407822,L11520210101NP,1,3,Producción,MA-20240728,Cocina,
MOV-L11620210101FL-MA-20240728,2024-07-28,Merma,116,kg,-0.019774371514936145,L11620210101FL,1,2,Producción,MA-20240728,Cocina,
MOV-L11720210101WS-MA-20240728,2024-07-28,Merma,117,L,-0.031894629435478584,L11720210101WS,1,2,Producción,MA-20240728,Cocina,
MOV-L11820210101YK-MA-20240728,2024-07-28,Merma,118,L,-0.015363531107076162,L11820210101YK,1,1,Producción,MA-20240728,Cocina,
MOV-L11920210101AE-MA-20240728,2024-07-28,Merma,119,L,-0.018804858388578174,L11920210101AE,1,3,Producción,MA-20240728,Cocina,
MOV-L12020210101EJ-MA-20240728,2024-07-28,Merma,120,kg,-0.030195599552980887,L12020210101EJ,1,1,Producción,MA-20240728,Cocina,
MOV-L12120210101OM-MA-20240728,2024-07-28,Merma,121,kg,-0.033629527469235074,L12120210101OM,1,1,Producción,MA-20240728,Cocina,
MOV-L12220210101TY-MA-20240728,2024-07-28,Merma,122,kg,-0.024281357602504737,L12220210101TY,1,1,Producción,MA-20240728,Cocina,
MOV-L10120210101BX-MA-20240828,2024-08-28,Merma,101,kg,-0.016582241007317373,L10120210101BX,1,1,Producción,MA-20240828,Cocina,
MOV-L10220210101WF-MA-20240828,2024-08-28,Merma,102,kg,-0.03356508362733003,L10220210101WF,1,2,Producción,MA-20240828,Cocina,
MOV-L10320210101BG-MA-20240828,2024-08-28,Merma,103,kg,-0.03053025718074967,L10320210101BG,1,2,Producción,MA-20240828,Cocina,
MOV-L10420210101BO-MA-20240828,2024-08-28,Merma,104,kg,-0.02321011521405146,L10420210101BO,1,4,Producción,MA-20240828,Cocina,
MOV-L10520210101TC-MA-20240828,2024-08-28,Merma,105,kg,-0.01713881586658416,L10520210101TC,1,1,Producción,MA-20240828,Cocina,
MOV-L10620210101JB-MA-20240828,2024-08-28,Merma,106,kg,-0.01566375552220051,L10620210101JB,1,2,Producción,MA-20240828,Cocina,
MOV-L10720210101DZ-MA-20240828,2024-08-28,Merma,107,kg,-0.035079047249559944,L10720210101DZ,1,4,Producción,MA-20240828,Cocina,
MOV-L10820210101NG-MA-20240828,2024-08-28,Merma,108,kg,-0.03515898946855874,L10820210101NG,1,1,Producción,MA-20240828,Cocina,
MOV-L10920210101AL-MA-20240828,2024-08-28,Merma,109,kg,-0.03260067003082501,L10920210101AL,1,1,Producción,MA-20240828,Cocina,
MOV-L11020210101XQ-MA-20240828,2024-08-28,Merma,110,kg,-0.02538281435178373,L11020210101XQ,1,1,Producción,MA-20240828,Cocina,
MOV-L11120210101EB-MA-20240828,2024-08-28,Merma,111,unid,-0.1882376693423059,L11120210101EB,1,3,Producción,MA-20240828,Cocina,
MOV-L11220210101EC-MA-20240828,2024-08-28,Merma,112,kg,-0.015485466242229195,L11220210101EC,1,1,Producción,MA-20240828,Cocina,
MOV-L11320210101GN-MA-20240828,2024-08-28,Merma,113,kg,-0.014361975394896417,L11320210101GN,1,2,Producción,MA-20240828,Cocina,
MOV-L11420210101TB-MA-20240828,2024-08-28,Merma,114,kg,-0.029894217804748838,L11420210101TB,1,2,Producción,MA-20240828,Cocina,
MOV-L11520210101NP-MA-20240828,2024-08-28,Merma,115,kg,-0.02922943121283893,L11520210101NP,1,3,Producción,MA-20240828,Cocina,
MOV-L11620210101FL-MA-20240828,2024-08-28,Merma,116,kg,-0.01953707905675691,L11620210101FL,1,2,Producción,MA-20240828,Cocina,
MOV-L11720210101WS-MA-20240828,2024-08-28,Merma,117,L,-0.03151189388225284,L11720210101WS,1,2,Producción,MA-20240828,Cocina,
MOV-L11820210101YK-MA-20240828,2024-08-28,Merma,118,L,-0.01517916873379125,L11820210101YK,1,1,Producción,MA-20240828,Cocina,
MOV-L11920210101AE-MA-20240828,2024-08-28,Merma,119,L,-0.018579200087915235,L11920210101AE,1,3,Producción,MA-20240828,Cocina,
MOV-L12020210101EJ-MA-20240828,2024-08-28,Merma,120,kg,-0.029833252358345115,L12020210101EJ,1,1,Producción,MA-20240828,Cocina,
MOV-L12120210101OM-MA-20240828,2024-08-28,Merma,121,kg,-0.03322597313960425,L12120210101OM,1,1,Producción,MA-20240828,Cocina,
MOV-L12220210101TY-MA-20240828,2024-08-28,Merma,122,kg,-0.02398998131127468,L12220210101TY,1,1,Producción,MA-20240828,Cocina,
MOV-L10120210101BX-MA-20240928,2024-09-28,Merma,101,kg,-0.016383254115229565,L10120210101BX,1,1,Producción,MA-20240928,Cocina,
MOV-L10220210101WF-MA-20240928,2024-09-28,Merma,102,kg,-0.03316230262380207,L10220210101WF,1,2,Producción,MA-20240928,Cocina,
MOV-L10320210101BG-MA-20240928,2024-09-28,Merma,103,kg,-0.030163894094580673,L10320210101BG,1,2,Producción,MA-20240928,Cocina,
MOV-L10420210101BO-MA-20240928,2024-09-28,Merma,104,kg,-0.022931593831482844,L10420210101BO,1,4,Producción,MA-20240928,Cocina,
MOV-L10520210101TC-MA-20240928,2024-09-28,Merma,105,kg,-0.01693315007618515,L10520210101TC,1,1,Producción,MA-20240928,Cocina,
MOV-L10620210101JB-MA-20240928,2024-09-28,Merma,106,kg,-0.015475790455934103,L10620210101JB,1,2,Producción,MA-20240928,Cocina,
MOV-L10720210101DZ-MA-20240928,2024-09-28,Merma,107,kg,-0.034658098682565225,L10720210101DZ,1,4,Producción,MA-20240928,Cocina,
MOV-L10820210101NG-MA-20240928,2024-09-28,Merma,108,kg,-0.034737081594936034,L10820210101NG,1,1,Producción,MA-20240928,Cocina,
MOV-L10920210101AL-MA-20240928,2024-09-28,Merma,109,kg,-0.03220946199045511,L10920210101AL,1,1,Producción,MA-20240928,Cocina,
MOV-L11020210101XQ-MA-20240928,2024-09-28,Merma,110,kg,-0.025078220579562324,L11020210101XQ,1,1,Producción,MA-20240928,Cocina,
MOV-L11120210101EB-MA-20240928,2024-09-28,Merma,111,unid,-0.18597881731019822,L11120210101EB,1,3,Producción,MA-20240928,Cocina,
MOV-L11220210101EC-MA-20240928,2024-09-28,Merma,112,kg,-0.015299640647322444,L11220210101EC,1,1,Producción,MA-20240928,Cocina,
MOV-L11320210101GN-MA-20240928,2024-09-28,Merma,113,kg,-0.01418963169015766,L11320210101GN,1,2,Producción,MA-20240928,Cocina,
MOV-L11420210101TB-MA-20240928,2024-09-28,Merma,114,kg,-0.02953548719109185,L11420210101TB,1,2,Producción,MA-20240928,Cocina,
MOV-L11520210101NP-MA-20240928,2024-09-28,Merma,115,kg,-0.028878678038284866,L11520210101NP,1,3,Producción,MA-20240928,Cocina,
MOV-L11620210101FL-MA-20240928,2024-09-28,Merma,116,kg,-0.01930263410807583,L11620210101FL,1,2,Producción,MA-20240928,Cocina,
MOV-L11720210101WS-MA-20240928,2024-09-28,Merma,117,L,-0.031133751155665808,L11720210101WS,1,2,Producción,MA-20240928,Cocina,
MOV-L11820210101YK-MA-20240928,2024-09-28,Merma,118,L,-0.014997018708985755,L11820210101YK,1,1,Producción,MA-20240928,Cocina,
MOV-L11920210101AE-MA-20240928,2024-09-28,Merma,119,L,-0.018356249686860254,L11920210101AE,1,3,Producción,MA-20240928,Cocina,
MOV-L12020210101EJ-MA-20240928,2024-09-28,Merma,120,kg,-0.02947525333004497,L12020210101EJ,1,1,Producción,MA-20240928,Cocina,
MOV-L12120210101OM-MA-20240928,2024-09-28,Merma,121,kg,-0.032827261461929,L12120210101OM,1,1,Producción,MA-20240928,Cocina,
MOV-L12220210101TY-MA-20240928,2024-09-28,Merma,122,kg,-0.023702101535539383,L12220210101TY,1,1,Producción,MA-20240928,Cocina,
MOV-L10120210101BX-MA-20241028,2024-10-28,Merma,101,kg,-0.01618665506584681,L10120210101BX,1,1,Producción,MA-20241028,Cocina,
MOV-L10220210101WF-MA-20241028,2024-10-28,Merma,102,kg,-0.03276435499231645,L10220210101WF,1,2,Producción,MA-20241028,Cocina,
MOV-L10320210101BG-MA-20241028,2024-10-28,Merma,103,kg,-0.029801927365445707,L10320210101BG,1,2,Producción,MA-20241028,Cocina,
MOV-L10420210101BO-MA-20241028,2024-10-28,Merma,104,kg,-0.02265641470550505,L10420210101BO,1,4,Producción,MA-20241028,Cocina,
MOV-L10520210101TC-MA-20241028,2024-10-28,Merma,105,kg,-0.01672995227527093,L10520210101TC,1,1,Producción,MA-20241028,Cocina,
MOV-L10620210101JB-MA-20241028,2024-10-28,Merma,106,kg,-0.015290080970462892,L10620210101JB,1,2,Producción,MA-20241028,Cocina,
MOV-L10720210101DZ-MA-20241028,2024-10-28,Merma,107,kg,-0.034242201498374446,L10720210101DZ,1,4,Producción,MA-20241028,Cocina,
MOV-L10820210101NG-MA-20241028,2024-10-28,Merma,108,kg,-0.034320236615796806,L10820210101NG,1,1,Producción,MA-20241028,Cocina,
MOV-L10920210101AL-MA-20241028,2024-10-28,Merma,109,kg,-0.031822948446569646,L10920210101AL,1,1,Producción,MA-20241028,Cocina,
MOV-L11020210101XQ-MA-20241028,2024-10-28,Merma,110,kg,-0.024777281932607576,L11020210101XQ,1,1,Producción,MA-20241028,Cocina,
MOV-L11120210101EB-MA-20241028,2024-10-28,Merma,111,unid,-0.18374707150247585,L11120210101EB,1,3,Producción,MA-20241028,Cocina,
MOV-L11220210101EC-MA-20241028,2024-10-28,Merma,112,kg,-0.015116044959554573,L11220210101EC,1,1,Producción,MA-20241028,Cocina,
MOV-L11320210101GN-MA-20241028,2024-10-28,Merma,113,kg,-0.014019356109875767,L11320210101GN,1,2,Producción,MA-20241028,Cocina,
MOV-L11420210101TB-MA-20241028,2024-10-28,Merma,114,kg,-0.029181061344798746,L11420210101TB,1,2,Producción,MA-20241028,Cocina,
MOV-L11520210101NP-MA-20241028,2024-10-28,Merma,115,kg,-0.02853213390182545,L11520210101NP,1,3,Producción,MA-20241028,Cocina,
MOV-L11620210101FL-MA-20241028,2024-10-28,Merma,116,kg,-0.01907100249877892,L11620210101FL,1,2,Producción,MA-20241028,Cocina,
MOV-L11720210101WS-MA-20241028,2024-10-28,Merma,117,L,-0.03076014614179782,L11720210101WS,1,2,Producción,MA-20241028,Cocina,
MOV-L11820210101YK-MA-20241028,2024-10-28,Merma,118,L,-0.014817054484477924,L11820210101YK,1,1,Producción,MA-20241028,Cocina,
MOV-L11920210101AE-MA-20241028,2024-10-28,Merma,119,L,-0.01813597469061793,L11920210101AE,1,3,Producción,MA-20241028,Cocina,
MOV-L12020210101EJ-MA-20241028,2024-10-28,Merma,120,kg,-0.02912155029008443,L12020210101EJ,1,1,Producción,MA-20241028,Cocina,
MOV-L12120210101OM-MA-20241028,2024-10-28,Merma,121,kg,-0.03243333432438585,L12120210101OM,1,1,Producción,MA-20241028,Cocina,
MOV-L12220210101TY-MA-20241028,2024-10-28,Merma,122,kg,-0.02341767631711291,L12220210101TY,1,1,Producción,MA-20241028,Cocina,
MOV-L10120210101BX-MA-20241128,2024-11-28,Merma,101,kg,-0.015992415205056648,L10120210101BX,1,1,Producción,MA-20241128,Cocina,
MOV-L10220210101WF-MA-20241128,2024-11-28,Merma,102,kg,-0.032371182732408646,L10220210101WF,1,2,Producción,MA-20241128,Cocina,
MOV-L10320210101BG-MA-20241128,2024-11-28,Merma,103,kg,-0.02944430423706036,L10320210101BG,1,2,Producción,MA-20241128,Cocina,
MOV-L10420210101BO-MA-20241128,2024-11-28,Merma,104,kg,-0.02238453772903899,L10420210101BO,1,4,Producción,MA-20241128,Cocina,
MOV-L10520210101TC-MA-20241128,2024-11-28,Merma,105,kg,-0.01652919284796768,L10520210101TC,1,1,Producción,MA-20241128,Cocina,
MOV-L10620210101JB-MA-20241128,2024-11-28,Merma,106,kg,-0.015106599998817338,L10620210101JB,1,2,Producción,MA-20241128,Cocina,
MOV-L10720210101DZ-MA-20241128,2024-11-28,Merma,107,kg,-0.03383129508039395,L10720210101DZ,1,4,Producción,MA-20241128,Cocina,
MOV-L10820210101NG-MA-20241128,2024-11-28,Merma,108,kg,-0.033908393776407246,L10820210101NG,1,1,Producción,MA-20241128,Cocina,
MOV-L10920210101AL-MA-20241128,2024-11-28,Merma,109,kg,-0.03144107306521081,L10920210101AL,1,1,Producción,MA-20241128,Cocina,
MOV-L11020210101XQ-MA-20241128,2024-11-28,Merma,110,kg,-0.02447995454941628,L11020210101XQ,1,1,Producción,MA-20241128,Cocina,
MOV-L11120210101EB-MA-20241128,2024-11-28,Merma,111,unid,-0.18154210664444614,L11120210101EB,1,3,Producción,MA-20241128,Cocina,
MOV-L11220210101EC-MA-20241128,2024-11-28,Merma,112,kg,-0.014934652420039917,L11220210101EC,1,1,Producción,MA-20241128,Cocina,
MOV-L11320210101GN-MA-20241128,2024-11-28,Merma,113,kg,-0.013851123836557257,L11320210101GN,1,2,Producción,MA-20241128,Cocina,
MOV-L11420210101TB-MA-20241128,2024-11-28,Merma,114,kg,-0.02883088860866116,L11420210101TB,1,2,Producción,MA-20241128,Cocina,
MOV-L11520210101NP-MA-20241128,2024-11-28,Merma,115,kg,-0.028189748295003543,L11520210101NP,1,3,Producción,MA-20241128,Cocina,
MOV-L11620210101FL-MA-20241128,2024-11-28,Merma,116,kg,-0.018842150468793572,L11620210101FL,1,2,Producción,MA-20241128,Cocina,
MOV-L11720210101WS-MA-20241128,2024-11-28,Merma,117,L,-0.030391024388096245,L11720210101WS,1,2,Producción,MA-20241128,Cocina,
MOV-L11820210101YK-MA-20241128,2024-11-28,Merma,118,L,-0.01463924983066419,L11820210101YK,1,1,Producción,MA-20241128,Cocina,
MOV-L11920210101AE-MA-20241128,2024-11-28,Merma,119,L,-0.017918342994330514,L11920210101AE,1,3,Producción,MA-20241128,Cocina,
MOV-L12020210101EJ-MA-20241128,2024-11-28,Merma,120,kg,-0.028772091686603416,L12020210101EJ,1,1,Producción,MA-20241128,Cocina,
MOV-L12120210101OM-MA-20241128,2024-11-28,Merma,121,kg,-0.03204413431249322,L12120210101OM,1,1,Producción,MA-20241128,Cocina,
MOV-L12220210101TY-MA-20241128,2024-11-28,Merma,122,kg,-0.023136664201307555,L12220210101TY,1,1,Producción,MA-20241128,Cocina,
MOV-L10120210101BX-MA-20241228,2024-12-28,Merma,101,kg,-0.01580050622259597,L10120210101BX,1,1,Producción,MA-20241228,Cocina,
MOV-L10220210101WF-MA-20241228,2024-12-28,Merma,102,kg,-0.03198272853961975,L10220210101WF,1,2,Producción,MA-20241228,Cocina,
MOV-L10320210101BG-MA-20241228,2024-12-28,Merma,103,kg,-0.029090972586215635,L10320210101BG,1,2,Producción,MA-20241228,Cocina,
MOV-L10420210101BO-MA-20241228,2024-12-28,Merma,104,kg,-0.02211592327629052,L10420210101BO,1,4,Producción,MA-20241228,Cocina,
MOV-L10520210101TC-MA-20241228,2024-12-28,Merma,105,kg,-0.016330842533792068,L10520210101TC,1,1,Producción,MA-20241228,Cocina,
MOV-L10620210101JB-MA-20241228,2024-12-28,Merma,106,kg,-0.014925320798831531,L10620210101JB,1,2,Producción,MA-20241228,Cocina,
MOV-L10720210101DZ-MA-20241228,2024-12-28,Merma,107,kg,-0.033425319539429225,L10720210101DZ,1,4,Producción,MA-20241228,Cocina,
MOV-L10820210101NG-MA-20241228,2024-12-28,Merma,108,kg,-0.033501493051090354,L10820210101NG,1,1,Producción,MA-20241228,Cocina,
MOV-L10920210101AL-MA-20241228,2024-12-28,Merma,109,kg,-0.03106378018842828,L10920210101AL,1,1,Producción,MA-20241228,Cocina,
MOV-L11020210101XQ-MA-20241228,2024-12-28,Merma,110,kg,-0.02418619509482329,L11020210101XQ,1,1,Producción,MA-20241228,Cocina,
MOV-L11120210101EB-MA-20241228,2024-12-28,Merma,111,unid,-0.17936360136471277,L11120210101EB,1,3,Producción,MA-20241228,Cocina,
MOV-L11220210101EC-MA-20241228,2024-12-28,Merma,112,kg,-0.014755436590999437,L11220210101EC,1,1,Producción,MA-20241228,Cocina,
MOV-L11320210101GN-MA-20241228,2024-12-28,Merma,113,kg,-0.013684910350518569,L11320210101GN,1,2,Producción,MA-20241228,Cocina,
MOV-L11420210101TB-MA-20241228,2024-12-28,Merma,114,kg,-0.02848491794535723,L11420210101TB,1,2,Producción,MA-20241228,Cocina,
MOV-L11520210101NP-MA-20241228,2024-12-28,Merma,115,kg,-0.0278514713154635,L11520210101NP,1,3,Producción,MA-20241228,Cocina,
MOV-L11620210101FL-MA-20241228,2024-12-28,Merma,116,kg,-0.01861604466316805,L11620210101FL,1,2,Producción,MA-20241228,Cocina,
MOV-L11720210101WS-MA-20241228,2024-12-28,Merma,117,L,-0.03002633209543909,L11720210101WS,1,2,Producción,MA-20241228,Cocina,
MOV-L11820210101YK-MA-20241228,2024-12-28,Merma,118,L,-0.014463578832696219,L11820210101YK,1,1,Producción,MA-20241228,Cocina,
MOV-L11920210101AE-MA-20241228,2024-12-28,Merma,119,L,-0.017703322878398545,L11920210101AE,1,3,Producción,MA-20241228,Cocina,
MOV-L12020210101EJ-MA-20241228,2024-12-28,Merma,120,kg,-0.028426826586364178,L12020210101EJ,1,1,Producción,MA-20241228,Cocina,
MOV-L12120210101OM-MA-20241228,2024-12-28,Merma,121,kg,-0.031659604700743305,L12120210101OM,1,1,Producción,MA-20241228,Cocina,
MOV-L12220210101TY-MA-20241228,2024-12-28,Merma,122,kg,-0.022859024230891863,L12220210101TY,1,1,Producción,MA-20241228,Cocina,
MOV-L10120210101BX-MA-20250128,2025-01-28,Merma,101,kg,-0.015610900147924819,L10120210101BX,1,1,Producción,MA-20250128,Cocina,
MOV-L10220210101WF-MA-20250128,2025-01-28,Merma,102,kg,-0.031598935797144304,L10220210101WF,1,2,Producción,MA-20250128,Cocina,
MOV-L10320210101BG-MA-20250128,2025-01-28,Merma,103,kg,-0.028741880915181046,L10320210101BG,1,2,Producción,MA-20250128,Cocina,
MOV-L10420210101BO-MA-20250128,2025-01-28,Merma,104,kg,-0.021850532196975036,L10420210101BO,1,4,Producción,MA-20250128,Cocina,
MOV-L10520210101TC-MA-20250128,2025-01-28,Merma,105,kg,-0.016134872423386563,L10520210101TC,1,1,Producción,MA-20250128,Cocina,
MOV-L10620210101JB-MA-20250128,2025-01-28,Merma,106,kg,-0.014746216949245551,L10620210101JB,1,2,Producción,MA-20250128,Cocina,
MOV-L10720210101DZ-MA-20250128,2025-01-28,Merma,107,kg,-0.03302421570495607,L10720210101DZ,1,4,Producción,MA-20250128,Cocina,
MOV-L10820210101NG-MA-20250128,2025-01-28,Merma,108,kg,-0.03309947513447727,L10820210101NG,1,1,Producción,MA-20250128,Cocina,
MOV-L10920210101AL-MA-20250128,2025-01-28,Merma,109,kg,-0.03069101482616714,L10920210101AL,1,1,Producción,MA-20250128,Cocina,
MOV-L11020210101XQ-MA-20250128,2025-01-28,Merma,110,kg,-0.02389596075368541,L11020210101XQ,1,1,Producción,MA-20250128,Cocina,
MOV-L11120210101EB-MA-20250128,2025-01-28,Merma,111,unid,-0.17721123814833623,L11120210101EB,1,3,Producción,MA-20250128,Cocina,
MOV-L11220210101EC-MA-20250128,2025-01-28,Merma,112,kg,-0.014578371351907444,L11220210101EC,1,1,Producción,MA-20250128,Cocina,
MOV-L11320210101GN-MA-20250128,2025-01-28,Merma,113,kg,-0.013520691426312346,L11320210101GN,1,2,Producción,MA-20250128,Cocina,
MOV-L11420210101TB-MA-20250128,2025-01-28,Merma,114,kg,-0.02814309893001294,L11420210101TB,1,2,Producción,MA-20250128,Cocina,
MOV-L11520210101NP-MA-20250128,2025-01-28,Merma,115,kg,-0.02751725365967794,L11520210101NP,1,3,Producción,MA-20250128,Cocina,
MOV-L11620210101FL-MA-20250128,2025-01-28,Merma,116,kg,-0.018392652127210033,L11620210101FL,1,2,Producción,MA-20250128,Cocina,
MOV-L11720210101WS-MA-20250128,2025-01-28,Merma,117,L,-0.029666016110293823,L11720210101WS,1,2,Producción,MA-20250128,Cocina,
MOV-L11820210101YK-MA-20250128,2025-01-28,Merma,118,L,-0.014290015886703866,L11820210101YK,1,1,Producción,MA-20250128,Cocina,
MOV-L11920210101AE-MA-20250128,2025-01-28,Merma,119,L,-0.017490883003857764,L11920210101AE,1,3,Producción,MA-20250128,Cocina,
MOV-L12020210101EJ-MA-20250128,2025-01-28,Merma,120,kg,-0.028085704667327807,L12020210101EJ,1,1,Producción,MA-20250128,Cocina,
MOV-L12120210101OM-MA-20250128,2025-01-28,Merma,121,kg,-0.03127968944433439,L12120210101OM,1,1,Producción,MA-20250128,Cocina,
MOV-L12220210101TY-MA-20250128,2025-01-28,Merma,122,kg,-0.02258471594012116,L12220210101TY,1,1,Producción,MA-20250128,Cocina,
MOV-L10120210101BX-MA-20250228,2025-02-28,Merma,101,kg,-0.015423569346149722,L10120210101BX,1,1,Producción,MA-20250228,Cocina,
MOV-L10220210101WF-MA-20250228,2025-02-28,Merma,102,kg,-0.031219748567578573,L10220210101WF,1,2,Producción,MA-20250228,Cocina,
MOV-L10320210101BG-MA-20250228,2025-02-28,Merma,103,kg,-0.028396978344198878,L10320210101BG,1,2,Producción,MA-20250228,Cocina,
MOV-L10420210101BO-MA-20250228,2025-02-28,Merma,104,kg,-0.021588325810611333,L10420210101BO,1,4,Producción,MA-20250228,Cocina,
MOV-L10520210101TC-MA-20250228,2025-02-28,Merma,105,kg,-0.015941253954305925,L10520210101TC,1,1,Producción,MA-20250228,Cocina,
MOV-L10620210101JB-MA-20250228,2025-02-28,Merma,106,kg,-0.014569262345854605,L10620210101JB,1,2,Producción,MA-20250228,Cocina,
MOV-L10720210101DZ-MA-20250228,2025-02-28,Merma,107,kg,-0.03262792511649659,L10720210101DZ,1,4,Producción,MA-20250228,Cocina,
MOV-L10820210101NG-MA-20250228,2025-02-28,Merma,108,kg,-0.03270228143286354,L10820210101NG,1,1,Producción,MA-20250228,Cocina,
MOV-L10920210101AL-MA-20250228,2025-02-28,Merma,109,kg,-0.030322722648253135,L10920210101AL,1,1,Producción,MA-20250228,Cocina,
MOV-L11020210101XQ-MA-20250228,2025-02-28,Merma,110,kg,-0.023609209224641183,L11020210101XQ,1,1,Producción,MA-20250228,Cocina,
MOV-L11120210101EB-MA-20250228,2025-02-28,Merma,111,unid,-0.1750847032905562,L11120210101EB,1,3,Producción,MA-20250228,Cocina,
MOV-L11220210101EC-MA-20250228,2025-02-28,Merma,112,kg,-0.014403430895684556,L11220210101EC,1,1,Producción,MA-20250228,Cocina,
MOV-L11320210101GN-MA-20250228,2025-02-28,Merma,113,kg,-0.013358443129196597,L11320210101GN,1,2,Producción,MA-20250228,Cocina,
MOV-L11420210101TB-MA-20250228,2025-02-28,Merma,114,kg,-0.027805381742852783,L11420210101TB,1,2,Producción,MA-20250228,Cocina,
MOV-L11520210101NP-MA-20250228,2025-02-28,Merma,115,kg,-0.027187046615761806,L11520210101NP,1,3,Producción,MA-20250228,Cocina,
MOV-L11620210101FL-MA-20250228,2025-02-28,Merma,116,kg,-0.018171940301683513,L11620210101FL,1,2,Producción,MA-20250228,Cocina,
MOV-L11720210101WS-MA-20250228,2025-02-28,Merma,117,L,-0.029310023916970296,L11720210101WS,1,2,Producción,MA-20250228,Cocina,
MOV-L11820210101YK-MA-20250228,2025-02-28,Merma,118,L,-0.014118535696063418,L11820210101YK,1,1,Producción,MA-20250228,Cocina,
MOV-L11920210101AE-MA-20250228,2025-02-28,Merma,119,L,-0.01728099240781147,L11920210101AE,1,3,Producción,MA-20250228,Cocina,
MOV-L12020210101EJ-MA-20250228,2025-02-28,Merma,120,kg,-0.02774867621131987,L12020210101EJ,1,1,Producción,MA-20250228,Cocina,
MOV-L12120210101OM-MA-20250228,2025-02-28,Merma,121,kg,-0.030904333171002375,L12120210101OM,1,1,Producción,MA-20250228,Cocina,
MOV-L12220210101TY-MA-20250228,2025-02-28,Merma,122,kg,-0.022313699348839706,L12220210101TY,1,1,Producción,MA-20250228,Cocina,
MOV-L10120210101BX-MA-20250328,2025-03-28,Merma,101,kg,-0.015238486513995925,L10120210101BX,1,1,Producción,MA-20250328,Cocina,
MOV-L10220210101WF-MA-20250328,2025-03-28,Merma,102,kg,-0.030845111584767628,L10220210101WF,1,2,Producción,MA-20250328,Cocina,
MOV-L10320210101BG-MA-20250328,2025-03-28,Merma,103,kg,-0.02805621460406849,L10320210101BG,1,2,Producción,MA-20250328,Cocina,
MOV-L10420210101BO-MA-20250328,2025-03-28,Merma,104,kg,-0.021329265900884,L10420210101BO,1,4,Producción,MA-20250328,Cocina,
MOV-L10520210101TC-MA-20250328,2025-03-28,Merma,105,kg,-0.015749958906854253,L10520210101TC,1,1,Producción,MA-20250328,Cocina,
MOV-L10620210101JB-MA-20250328,2025-03-28,Merma,106,kg,-0.014394431197704349,L10620210101JB,1,2,Producción,MA-20250328,Cocina,
MOV-L10720210101DZ-MA-20250328,2025-03-28,Merma,107,kg,-0.032236390015098634,L10720210101DZ,1,4,Producción,MA-20250328,Cocina,
MOV-L10820210101NG-MA-20250328,2025-03-28,Merma,108,kg,-0.032309854055669184,L10820210101NG,1,1,Producción,MA-20250328,Cocina,
MOV-L10920210101AL-MA-20250328,2025-03-28,Merma,109,kg,-0.0299588499764741,L10920210101AL,1,1,Producción,MA-20250328,Cocina,
MOV-L11020210101XQ-MA-20250328,2025-03-28,Merma,110,kg,-0.023325898713945487,L11020210101XQ,1,1,Producción,MA-20250328,Cocina,
MOV-L11120210101EB-MA-20250328,2025-03-28,Merma,111,unid,-0.17298368685106952,L11120210101EB,1,3,Producción,MA-20250328,Cocina,
MOV-L11220210101EC-MA-20250328,2025-03-28,Merma,112,kg,-0.01423058972493634,L11220210101EC,1,1,Producción,MA-20250328,Cocina,
MOV-L11320210101GN-MA-20250328,2025-03-28,Merma,113,kg,-0.013198141811646238,L11320210101GN,1,2,Producción,MA-20250328,Cocina,
MOV-L11420210101TB-MA-20250328,2025-03-28,Merma,114,kg,-0.02747171716193855,L11420210101TB,1,2,Producción,MA-20250328,Cocina,
MOV-L11520210101NP-MA-20250328,2025-03-28,Merma,115,kg,-0.026860802056372663,L11520210101NP,1,3,Producción,MA-20250328,Cocina,
MOV-L11620210101FL-MA-20250328,2025-03-28,Merma,116,kg,-0.01795387701806331,L11620210101FL,1,2,Producción,MA-20250328,Cocina,
MOV-L11720210101WS-MA-20250328,2025-03-28,Merma,117,L,-0.028958303629966653,L11720210101WS,1,2,Producción,MA-20250328,Cocina,
MOV-L11820210101YK-MA-20250328,2025-03-28,Merma,118,L,-0.013949113267710658,L11820210101YK,1,1,Producción,MA-20250328,Cocina,
MOV-L11920210101AE-MA-20250328,2025-03-28,Merma,119,L,-0.01707362049891773,L11920210101AE,1,3,Producción,MA-20250328,Cocina,
MOV-L12020210101EJ-MA-20250328,2025-03-28,Merma,120,kg,-0.027415692096784034,L12020210101EJ,1,1,Producción,MA-20250328,Cocina,
MOV-L12120210101OM-MA-20250328,2025-03-28,Merma,121,kg,-0.030533481172950346,L12120210101OM,1,1,Producción,MA-20250328,Cocina,
MOV-L12220210101TY-MA-20250328,2025-03-28,Merma,122,kg,-0.02204593495665363,L12220210101TY,1,1,Producción,MA-20250328,Cocina,
MOV-L10120210101BX-MA-20250428,2025-04-28,Merma,101,kg,-0.015055624675827975,L10120210101BX,1,1,Producción,MA-20250428,Cocina,
MOV-L10220210101WF-MA-20250428,2025-04-28,Merma,102,kg,-0.030474970245750417,L10220210101WF,1,2,Producción,MA-20250428,Cocina,
MOV-L10320210101BG-MA-20250428,2025-04-28,Merma,103,kg,-0.027719540028819666,L10320210101BG,1,2,Producción,MA-20250428,Cocina,
MOV-L10420210101BO-MA-20250428,2025-04-28,Merma,104,kg,-0.02107331471007339,L10420210101BO,1,4,Producción,MA-20250428,Cocina,
MOV-L10520210101TC-MA-20250428,2025-04-28,Merma,105,kg,-0.015560959399972003,L10520210101TC,1,1,Producción,MA-20250428,Cocina,
MOV-L10620210101JB-MA-20250428,2025-04-28,Merma,106,kg,-0.014221698023331895,L10620210101JB,1,2,Producción,MA-20250428,Cocina,
MOV-L10720210101DZ-MA-20250428,2025-04-28,Merma,107,kg,-0.03184955333491746,L10720210101DZ,1,4,Producción,MA-20250428,Cocina,
MOV-L10820210101NG-MA-20250428,2025-04-28,Merma,108,kg,-0.03192213580700115,L10820210101NG,1,1,Producción,MA-20250428,Cocina,
MOV-L10920210101AL-MA-20250428,2025-04-28,Merma,109,kg,-0.029599343776756406,L10920210101AL,1,1,Producción,MA-20250428,Cocina,
MOV-L11020210101XQ-MA-20250428,2025-04-28,Merma,110,kg,-0.02304598792937814,L11020210101XQ,1,1,Producción,MA-20250428,Cocina,
MOV-L11120210101EB-MA-20250428,2025-04-28,Merma,111,unid,-0.1709078826088567,L11120210101EB,1,3,Producción,MA-20250428,Cocina,
MOV-L11220210101EC-MA-20250428,2025-04-28,Merma,112,kg,-0.014059822648237102,L11220210101EC,1,1,Producción,MA-20250428,Cocina,
MOV-L11320210101GN-MA-20250428,2025-04-28,Merma,113,kg,-0.013039764109906484,L11320210101GN,1,2,Producción,MA-20250428,Cocina,
MOV-L11420210101TB-MA-20250428,2025-04-28,Merma,114,kg,-0.02714205655599529,L11420210101TB,1,2,Producción,MA-20250428,Cocina,
MOV-L11520210101NP-MA-20250428,2025-04-28,Merma,115,kg,-0.02653847243169619,L11520210101NP,1,3,Producción,MA-20250428,Cocina,
MOV-L11620210101FL-MA-20250428,2025-04-28,Merma,116,kg,-0.01773843049384655,L11620210101FL,1,2,Producción,MA-20250428,Cocina,
MOV-L11720210101WS-MA-20250428,2025-04-28,Merma,117,L,-0.02861080398640705,L11720210101WS,1,2,Producción,MA-20250428,Cocina,
MOV-L11820210101YK-MA-20250428,2025-04-28,Merma,118,L,-0.01378172390849813,L11820210101YK,1,1,Producción,MA-20250428,Cocina,
MOV-L11920210101AE-MA-20250428,2025-04-28,Merma,119,L,-0.01686873705293072,L11920210101AE,1,3,Producción,MA-20250428,Cocina,
MOV-L12020210101EJ-MA-20250428,2025-04-28,Merma,120,kg,-0.02708670379162263,L12020210101EJ,1,1,Producción,MA-20250428,Cocina,
MOV-L12120210101OM-MA-20250428,2025-04-28,Merma,121,kg,-0.03016707939887494,L12120210101OM,1,1,Producción,MA-20250428,Cocina,
MOV-L12220210101TY-MA-20250428,2025-04-28,Merma,122,kg,-0.02178138373717379,L12220210101TY,1,1,Producción,MA-20250428,Cocina,
MOV-L10120210101BX-MA-20250528,2025-05-28,Merma,101,kg,-0.014874957179718038,L10120210101BX,1,1,Producción,MA-20250528,Cocina,
MOV-L10220210101WF-MA-20250528,2025-05-28,Merma,102,kg,-0.030109270602801417,L10220210101WF,1,2,Producción,MA-20250528,Cocina,
MOV-L10320210101BG-MA-20250528,2025-05-28,Merma,103,kg,-0.027386905548473832,L10320210101BG,1,2,Producción,MA-20250528,Cocina,
MOV-L10420210101BO-MA-20250528,2025-05-28,Merma,104,kg,-0.020820434933552512,L10420210101BO,1,4,Producción,MA-20250528,Cocina,
MOV-L10520210101TC-MA-20250528,2025-05-28,Merma,105,kg,-0.01537422788717234,L10520210101TC,1,1,Producción,MA-20250528,Cocina,
MOV-L10620210101JB-MA-20250528,2025-05-28,Merma,106,kg,-0.014051037647051913,L10620210101JB,1,2,Producción,MA-20250528,Cocina,
MOV-L10720210101DZ-MA-20250528,2025-05-28,Merma,107,kg,-0.031467358694898445,L10720210101DZ,1,4,Producción,MA-20250528,Cocina,
MOV-L10820210101NG-MA-20250528,2025-05-28,Merma,108,kg,-0.03153907017731714,L10820210101NG,1,1,Producción,MA-20250528,Cocina,
MOV-L10920210101AL-MA-20250528,2025-05-28,Merma,109,kg,-0.02924415165143533,L10920210101AL,1,1,Producción,MA-20250528,Cocina,
MOV-L11020210101XQ-MA-20250528,2025-05-28,Merma,110,kg,-0.022769436074225605,L11020210101XQ,1,1,Producción,MA-20250528,Cocina,
MOV-L11120210101EB-MA-20250528,2025-05-28,Merma,111,unid,-0.1688569880175504,L11120210101EB,1,3,Producción,MA-20250528,Cocina,
MOV-L11220210101EC-MA-20250528,2025-05-28,Merma,112,kg,-0.013891104776458257,L11220210101EC,1,1,Producción,MA-20250528,Cocina,
MOV-L11320210101GN-MA-20250528,2025-05-28,Merma,113,kg,-0.012883286940587605,L11320210101GN,1,2,Producción,MA-20250528,Cocina,
MOV-L11420210101TB-MA-20250528,2025-05-28,Merma,114,kg,-0.02681635187732334,L11420210101TB,1,2,Producción,MA-20250528,Cocina,
MOV-L11520210101NP-MA-20250528,2025-05-28,Merma,115,kg,-0.026220010762515834,L11520210101NP,1,3,Producción,MA-20250528,Cocina,
MOV-L11620210101FL-MA-20250528,2025-05-28,Merma,116,kg,-0.01752556932792039,L11620210101FL,1,2,Producción,MA-20250528,Cocina,
MOV-L11720210101WS-MA-20250528,2025-05-28,Merma,117,L,-0.028267474338570166,L11720210101WS,1,2,Producción,MA-20250528,Cocina,
MOV-L11820210101YK-MA-20250528,2025-05-28,Merma,118,L,-0.013616343221596152,L11820210101YK,1,1,Producción,MA-20250528,Cocina,
MOV-L11920210101AE-MA-20250528,2025-05-28,Merma,119,L,-0.01666631220829555,L11920210101AE,1,3,Producción,MA-20250528,Cocina,
MOV-L12020210101EJ-MA-20250528,2025-05-28,Merma,120,kg,-0.02676166334612316,L12020210101EJ,1,1,Producción,MA-20250528,Cocina,
MOV-L12120210101OM-MA-20250528,2025-05-28,Merma,121,kg,-0.029805074446088438,L12120210101OM,1,1,Producción,MA-20250528,Cocina,
MOV-L12220210101TY-MA-20250528,2025-05-28,Merma,122,kg,-0.0215200071323277,L12220210101TY,1,1,Producción,MA-20250528,Cocina,
MOV-L10120210101BX-MA-20250628,2025-06-28,Merma,101,kg,-0.014696457693561423,L10120210101BX,1,1,Producción,MA-20250628,Cocina,
MOV-L10220210101WF-MA-20250628,2025-06-28,Merma,102,kg,-0.0297479593555678,L10220210101WF,1,2,Producción,MA-20250628,Cocina,
MOV-L10320210101BG-MA-20250628,2025-06-28,Merma,103,kg,-0.027058262681892143,L10320210101BG,1,2,Producción,MA-20250628,Cocina,
MOV-L10420210101BO-MA-20250628,2025-06-28,Merma,104,kg,-0.02057058971434988,L10420210101BO,1,4,Producción,MA-20250628,Cocina,
MOV-L10520210101TC-MA-20250628,2025-06-28,Merma,105,kg,-0.015189737152526273,L10520210101TC,1,1,Producción,MA-20250628,Cocina,
MOV-L10620210101JB-MA-20250628,2025-06-28,Merma,106,kg,-0.01388242519528729,L10620210101JB,1,2,Producción,MA-20250628,Cocina,
MOV-L10720210101DZ-MA-20250628,2025-06-28,Merma,107,kg,-0.031089750390559667,L10720210101DZ,1,4,Producción,MA-20250628,Cocina,
MOV-L10820210101NG-MA-20250628,2025-06-28,Merma,108,kg,-0.031160601335189334,L10820210101NG,1,1,Producción,MA-20250628,Cocina,
MOV-L10920210101AL-MA-20250628,2025-06-28,Merma,109,kg,-0.028893221831618104,L10920210101AL,1,1,Producción,MA-20250628,Cocina,
MOV-L11020210101XQ-MA-20250628,2025-06-28,Merma,110,kg,-0.022496202841334897,L11020210101XQ,1,1,Producción,MA-20250628,Cocina,
MOV-L11120210101EB-MA-20250628,2025-06-28,Merma,111,unid,-0.1668307041613398,L11120210101EB,1,3,Producción,MA-20250628,Cocina,
MOV-L11220210101EC-MA-20250628,2025-06-28,Merma,112,kg,-0.013724411519140759,L11220210101EC,1,1,Producción,MA-20250628,Cocina,
MOV-L11320210101GN-MA-20250628,2025-06-28,Merma,113,kg,-0.012728687497300552,L11320210101GN,1,2,Producción,MA-20250628,Cocina,
MOV-L11420210101TB-MA-20250628,2025-06-28,Merma,114,kg,-0.02649455565479546,L11420210101TB,1,2,Producción,MA-20250628,Cocina,
MOV-L11520210101NP-MA-20250628,2025-06-28,Merma,115,kg,-0.025905370633365645,L11520210101NP,1,3,Producción,MA-20250628,Cocina,
MOV-L11620210101FL-MA-20250628,2025-06-28,Merma,116,kg,-0.017315262495985344,L11620210101FL,1,2,Producción,MA-20250628,Cocina,
MOV-L11720210101WS-MA-20250628,2025-06-28,Merma,117,L,-0.02792826464650732,L11720210101WS,1,2,Producción,MA-20250628,Cocina,
MOV-L11820210101YK-MA-20250628,2025-06-28,Merma,118,L,-0.013452947102936999,L11820210101YK,1,1,Producción,MA-20250628,Cocina,
MOV-L11920210101AE-MA-20250628,2025-06-28,Merma,119,L,-0.016466316461796006,L11920210101AE,1,3,Producción,MA-20250628,Cocina,
MOV-L12020210101EJ-MA-20250628,2025-06-28,Merma,120,kg,-0.026440523385969684,L12020210101EJ,1,1,Producción,MA-20250628,Cocina,
MOV-L12120210101OM-MA-20250628,2025-06-28,Merma,121,kg,-0.029447413552735377,L12120210101OM,1,1,Producción,MA-20250628,Cocina,
MOV-L12220210101TY-MA-20250628,2025-06-28,Merma,122,kg,-0.02126176704673977,L12220210101TY,1,1,Producción,MA-20250628,Cocina,
MOV-L10120210101BX-MA-20250728,2025-07-28,Merma,101,kg,-0.014520100201238688,L10120210101BX,1,1,Producción,MA-20250728,Cocina,
MOV-L10220210101WF-MA-20250728,2025-07-28,Merma,102,kg,-0.029390983843300984,L10220210101WF,1,2,Producción,MA-20250728,Cocina,
MOV-L10320210101BG-MA-20250728,2025-07-28,Merma,103,kg,-0.02673356352970944,L10320210101BG,1,2,Producción,MA-20250728,Cocina,
MOV-L10420210101BO-MA-20250728,2025-07-28,Merma,104,kg,-0.020323742637777684,L10420210101BO,1,4,Producción,MA-20250728,Cocina,
MOV-L10520210101TC-MA-20250728,2025-07-28,Merma,105,kg,-0.015007460306695957,L10520210101TC,1,1,Producción,MA-20250728,Cocina,
MOV-L10620210101JB-MA-20250728,2025-07-28,Merma,106,kg,-0.01371583609294384,L10620210101JB,1,2,Producción,MA-20250728,Cocina,
MOV-L10720210101DZ-MA-20250728,2025-07-28,Merma,107,kg,-0.03071667338587295,L10720210101DZ,1,4,Producción,MA-20250728,Cocina,
MOV-L10820210101NG-MA-20250728,2025-07-28,Merma,108,kg,-0.03078667411916706,L10820210101NG,1,1,Producción,MA-20250728,Cocina,
MOV-L10920210101AL-MA-20250728,2025-07-28,Merma,109,kg,-0.02854650316963869,L10920210101AL,1,1,Producción,MA-20250728,Cocina,
MOV-L11020210101XQ-MA-20250728,2025-07-28,Merma,110,kg,-0.02222624840723888,L11020210101XQ,1,1,Producción,MA-20250728,Cocina,
MOV-L11120210101EB-MA-20250728,2025-07-28,Merma,111,unid,-0.16482873571140372,L11120210101EB,1,3,Producción,MA-20250728,Cocina,
MOV-L11220210101EC-MA-20250728,2025-07-28,Merma,112,kg,-0.013559718580911068,L11220210101EC,1,1,Producción,MA-20250728,Cocina,
MOV-L11320210101GN-MA-20250728,2025-07-28,Merma,113,kg,-0.012575943247332947,L11320210101GN,1,2,Producción,MA-20250728,Cocina,
MOV-L11420210101TB-MA-20250728,2025-07-28,Merma,114,kg,-0.026176620986937914,L11420210101TB,1,2,Producción,MA-20250728,Cocina,
MOV-L11520210101NP-MA-20250728,2025-07-28,Merma,115,kg,-0.02559450618576526,L11520210101NP,1,3,Producción,MA-20250728,Cocina,
MOV-L11620210101FL-MA-20250728,2025-07-28,Merma,116,kg,-0.01710747934603352,L11620210101FL,1,2,Producción,MA-20250728,Cocina,
MOV-L11720210101WS-MA-20250728,2025-07-28,Merma,117,L,-0.027593125470749238,L11720210101WS,1,2,Producción,MA-20250728,Cocina,
MOV-L11820210101YK-MA-20250728,2025-07-28,Merma,118,L,-0.013291511737701756,L11820210101YK,1,1,Producción,MA-20250728,Cocina,
MOV-L11920210101AE-MA-20250728,2025-07-28,Merma,119,L,-0.016268720664254454,L11920210101AE,1,3,Producción,MA-20250728,Cocina,
MOV-L12020210101EJ-MA-20250728,2025-07-28,Merma,120,kg,-0.026123237105338044,L12020210101EJ,1,1,Producción,MA-20250728,Cocina,
MOV-L12120210101OM-MA-20250728,2025-07-28,Merma,121,kg,-0.02909404459010255,L12120210101OM,1,1,Producción,MA-20250728,Cocina,
MOV-L12220210101TY-MA-20250728,2025-07-28,Merma,122,kg,-0.02100662584217889,L12220210101TY,1,1,Producción,MA-20250728,Cocina,
MOV-L10120210101BX-MA-20250828,2025-08-28,Merma,101,kg,-0.014345858998823824,L10120210101BX,1,1,Producción,MA-20250828,Cocina,
MOV-L10220210101WF-MA-20250828,2025-08-28,Merma,102,kg,-0.029038292037181373,L10220210101WF,1,2,Producción,MA-20250828,Cocina,
MOV-L10320210101BG-MA-20250828,2025-08-28,Merma,103,kg,-0.026412760767352928,L10320210101BG,1,2,Producción,MA-20250828,Cocina,
MOV-L10420210101BO-MA-20250828,2025-08-28,Merma,104,kg,-0.02007985772612435,L10420210101BO,1,4,Producción,MA-20250828,Cocina,
MOV-L10520210101TC-MA-20250828,2025-08-28,Merma,105,kg,-0.014827370783015607,L10520210101TC,1,1,Producción,MA-20250828,Cocina,
MOV-L10620210101JB-MA-20250828,2025-08-28,Merma,106,kg,-0.013551246059828513,L10620210101JB,1,2,Producción,MA-20250828,Cocina,
MOV-L10720210101DZ-MA-20250828,2025-08-28,Merma,107,kg,-0.030348073305242477,L10720210101DZ,1,4,Producción,MA-20250828,Cocina,
MOV-L10820210101NG-MA-20250828,2025-08-28,Merma,108,kg,-0.030417234029737054,L10820210101NG,1,1,Producción,MA-20250828,Cocina,
MOV-L10920210101AL-MA-20250828,2025-08-28,Merma,109,kg,-0.028203945131603025,L10920210101AL,1,1,Producción,MA-20250828,Cocina,
MOV-L11020210101XQ-MA-20250828,2025-08-28,Merma,110,kg,-0.021959533426352013,L11020210101XQ,1,1,Producción,MA-20250828,Cocina,
MOV-L11120210101EB-MA-20250828,2025-08-28,Merma,111,unid,-0.16285079088286689,L11120210101EB,1,3,Producción,MA-20250828,Cocina,
MOV-L11220210101EC-MA-20250828,2025-08-28,Merma,112,kg,-0.013397001957940136,L11220210101EC,1,1,Producción,MA-20250828,Cocina,
MOV-L11320210101GN-MA-20250828,2025-08-28,Merma,113,kg,-0.012425031928364952,L11320210101GN,1,2,Producción,MA-20250828,Cocina,
MOV-L11420210101TB-MA-20250828,2025-08-28,Merma,114,kg,-0.02586250153509466,L11420210101TB,1,2,Producción,MA-20250828,Cocina,
MOV-L11520210101NP-MA-20250828,2025-08-28,Merma,115,kg,-0.025287372111536078,L11520210101NP,1,3,Producción,MA-20250828,Cocina,
MOV-L11620210101FL-MA-20250828,2025-08-28,Merma,116,kg,-0.01690218959388112,L11620210101FL,1,2,Producción,MA-20250828,Cocina,
MOV-L11720210101WS-MA-20250828,2025-08-28,Merma,117,L,-0.027262007965100244,L11720210101WS,1,2,Producción,MA-20250828,Cocina,
MOV-L11820210101YK-MA-20250828,2025-08-28,Merma,118,L,-0.013132013596849335,L11820210101YK,1,1,Producción,MA-20250828,Cocina,
MOV-L11920210101AE-MA-20250828,2025-08-28,Merma,119,L,-0.016073496016283398,L11920210101AE,1,3,Producción,MA-20250828,Cocina,
MOV-L12020210101EJ-MA-20250828,2025-08-28,Merma,120,kg,-0.02580975826007399,L12020210101EJ,1,1,Producción,MA-20250828,Cocina,
MOV-L12120210101OM-MA-20250828,2025-08-28,Merma,121,kg,-0.02874491605502132,L12120210101OM,1,1,Producción,MA-20250828,Cocina,
MOV-L12220210101TY-MA-20250828,2025-08-28,Merma,122,kg,-0.020754546332072746,L12220210101TY,1,1,Producción,MA-20250828,Cocina,
MOV-L10120210101BX-MA-20250928,2025-09-28,Merma,101,kg,-0.014173708690837936,L10120210101BX,1,1,Producción,MA-20250928,Cocina,
MOV-L10220210101WF-MA-20250928,2025-09-28,Merma,102,kg,-0.028689832532735195,L10220210101WF,1,2,Producción,MA-20250928,Cocina,
MOV-L10320210101BG-MA-20250928,2025-09-28,Merma,103,kg,-0.026095807638144695,L10320210101BG,1,2,Producción,MA-20250928,Cocina,
MOV-L10420210101BO-MA-20250928,2025-09-28,Merma,104,kg,-0.01983889943341086,L10420210101BO,1,4,Producción,MA-20250928,Cocina,
MOV-L10520210101TC-MA-20250928,2025-09-28,Merma,105,kg,-0.01464944233361942,L10520210101TC,1,1,Producción,MA-20250928,Cocina,
MOV-L10620210101JB-MA-20250928,2025-09-28,Merma,106,kg,-0.01338863110711057,L10620210101JB,1,2,Producción,MA-20250928,Cocina,
MOV-L10720210101DZ-MA-20250928,2025-09-28,Merma,107,kg,-0.02998389642557957,L10720210101DZ,1,4,Producción,MA-20250928,Cocina,
MOV-L10820210101NG-MA-20250928,2025-09-28,Merma,108,kg,-0.030052227221380214,L10820210101NG,1,1,Producción,MA-20250928,Cocina,
MOV-L10920210101AL-MA-20250928,2025-09-28,Merma,109,kg,-0.027865497790023785,L10920210101AL,1,1,Producción,MA-20250928,Cocina,
MOV-L11020210101XQ-MA-20250928,2025-09-28,Merma,110,kg,-0.02169601902523579,L11020210101XQ,1,1,Producción,MA-20250928,Cocina,
MOV-L11120210101EB-MA-20250928,2025-09-28,Merma,111,unid,-0.16089658139227248,L11120210101EB,1,3,Producción,MA-20250928,Cocina,
MOV-L11220210101EC-MA-20250928,2025-09-28,Merma,112,kg,-0.013236237934444853,L11220210101EC,1,1,Producción,MA-20250928,Cocina,
MOV-L11320210101GN-MA-20250928,2025-09-28,Merma,113,kg,-0.012275931545224572,L11320210101GN,1,2,Producción,MA-20250928,Cocina,
MOV-L11420210101TB-MA-20250928,2025-09-28,Merma,114,kg,-0.025552151516673522,L11420210101TB,1,2,Producción,MA-20250928,Cocina,
MOV-L11520210101NP-MA-20250928,2025-09-28,Merma,115,kg,-0.024983923646197646,L11520210101NP,1,3,Producción,MA-20250928,Cocina,
MOV-L11620210101FL-MA-20250928,2025-09-28,Merma,116,kg,-0.016699363318754545,L11620210101FL,1,2,Producción,MA-20250928,Cocina,
MOV-L11720210101WS-MA-20250928,2025-09-28,Merma,117,L,-0.026934863869519043,L11720210101WS,1,2,Producción,MA-20250928,Cocina,
MOV-L11820210101YK-MA-20250928,2025-09-28,Merma,118,L,-0.012974429433687143,L11820210101YK,1,1,Producción,MA-20250928,Cocina,
MOV-L11920210101AE-MA-20250928,2025-09-28,Merma,119,L,-0.015880614064088,L11920210101AE,1,3,Producción,MA-20250928,Cocina,
MOV-L12020210101EJ-MA-20250928,2025-09-28,Merma,120,kg,-0.0255000411609531,L12020210101EJ,1,1,Producción,MA-20250928,Cocina,
MOV-L12120210101OM-MA-20250928,2025-09-28,Merma,121,kg,-0.028399977062361068,L12120210101OM,1,1,Producción,MA-20250928,Cocina,
MOV-L12220210101TY-MA-20250928,2025-09-28,Merma,122,kg,-0.020505491776087872,L12220210101TY,1,1,Producción,MA-20250928,Cocina,
MOV-L10120210101BX-MA-20251028,2025-10-28,Merma,101,kg,-0.01400362418654788,L10120210101BX,1,1,Producción,MA-20251028,Cocina,
MOV-L10220210101WF-MA-20251028,2025-10-28,Merma,102,kg,-0.028345554542342374,L10220210101WF,1,2,Producción,MA-20251028,Cocina,
MOV-L10320210101BG-MA-20251028,2025-10-28,Merma,103,kg,-0.025782657946486962,L10320210101BG,1,2,Producción,MA-20251028,Cocina,
MOV-L10420210101BO-MA-20251028,2025-10-28,Merma,104,kg,-0.01960083264020993,L10420210101BO,1,4,Producción,MA-20251028,Cocina,
MOV-L10520210101TC-MA-20251028,2025-10-28,Merma,105,kg,-0.014473649025615988,L10520210101TC,1,1,Producción,MA-20251028,Cocina,
MOV-L10620210101JB-MA-20251028,2025-10-28,Merma,106,kg,-0.013227967533825245,L10620210101JB,1,2,Producción,MA-20251028,Cocina,
MOV-L10720210101DZ-MA-20251028,2025-10-28,Merma,107,kg,-0.029624089668472613,L10720210101DZ,1,4,Producción,MA-20251028,Cocina,
MOV-L10820210101NG-MA-20251028,2025-10-28,Merma,108,kg,-0.02969160049472365,L10820210101NG,1,1,Producción,MA-20251028,Cocina,
MOV-L10920210101AL-MA-20251028,2025-10-28,Merma,109,kg,-0.0275311118165435,L10920210101AL,1,1,Producción,MA-20251028,Cocina,
MOV-L11020210101XQ-MA-20251028,2025-10-28,Merma,110,kg,-0.02143566679693296,L11020210101XQ,1,1,Producción,MA-20251028,Cocina,
MOV-L11120210101EB-MA-20251028,2025-10-28,Merma,111,unid,-0.1589658224155652,L11120210101EB,1,3,Producción,MA-20251028,Cocina,
MOV-L11220210101EC-MA-20251028,2025-10-28,Merma,112,kg,-0.013077403079231515,L11220210101EC,1,1,Producción,MA-20251028,Cocina,
MOV-L11320210101GN-MA-20251028,2025-10-28,Merma,113,kg,-0.012128620366681877,L11320210101GN,1,2,Producción,MA-20251028,Cocina,
MOV-L11420210101TB-MA-20251028,2025-10-28,Merma,114,kg,-0.02524552569847344,L11420210101TB,1,2,Producción,MA-20251028,Cocina,
MOV-L11520210101NP-MA-20251028,2025-10-28,Merma,115,kg,-0.024684116562443275,L11520210101NP,1,3,Producción,MA-20251028,Cocina,
MOV-L11620210101FL-MA-20251028,2025-10-28,Merma,116,kg,-0.01649897095892949,L11620210101FL,1,2,Producción,MA-20251028,Cocina,
MOV-L11720210101WS-MA-20251028,2025-10-28,Merma,117,L,-0.026611645503084813,L11720210101WS,1,2,Producción,MA-20251028,Cocina,
MOV-L11820210101YK-MA-20251028,2025-10-28,Merma,118,L,-0.012818736280482898,L11820210101YK,1,1,Producción,MA-20251028,Cocina,
MOV-L11920210101AE-MA-20251028,2025-10-28,Merma,119,L,-0.015690046695318944,L11920210101AE,1,3,Producción,MA-20251028,Cocina,
MOV-L12020210101EJ-MA-20251028,2025-10-28,Merma,120,kg,-0.025194040667021664,L12020210101EJ,1,1,Producción,MA-20251028,Cocina,
MOV-L12120210101OM-MA-20251028,2025-10-28,Merma,121,kg,-0.028059177337612734,L12120210101OM,1,1,Producción,MA-20251028,Cocina,
MOV-L12220210101TY-MA-20251028,2025-10-28,Merma,122,kg,-0.020259425874774816,L12220210101TY,1,1,Producción,MA-20251028,Cocina,
MOV-L10120210101BX-MA-20251128,2025-11-28,Merma,101,kg,-0.013835580696309304,L10120210101BX,1,1,Producción,MA-20251128,Cocina,
MOV-L10220210101WF-MA-20251128,2025-11-28,Merma,102,kg,-0.028005407887834264,L10220210101WF,1,2,Producción,MA-20251128,Cocina,
MOV-L10320210101BG-MA-20251128,2025-11-28,Merma,103,kg,-0.025473266051129116,L10320210101BG,1,2,Producción,MA-20251128,Cocina,
MOV-L10420210101BO-MA-20251128,2025-11-28,Merma,104,kg,-0.01936562264852741,L10420210101BO,1,4,Producción,MA-20251128,Cocina,
MOV-L10520210101TC-MA-20251128,2025-11-28,Merma,105,kg,-0.014299965237308594,L10520210101TC,1,1,Producción,MA-20251128,Cocina,
MOV-L10620210101JB-MA-20251128,2025-11-28,Merma,106,kg,-0.013069231923419342,L10620210101JB,1,2,Producción,MA-20251128,Cocina,
MOV-L10720210101DZ-MA-20251128,2025-11-28,Merma,107,kg,-0.02926860059245094,L10720210101DZ,1,4,Producción,MA-20251128,Cocina,
MOV-L10820210101NG-MA-20251128,2025-11-28,Merma,108,kg,-0.02933530128878696,L10820210101NG,1,1,Producción,MA-20251128,Cocina,
MOV-L10920210101AL-MA-20251128,2025-11-28,Merma,109,kg,-0.02720073847474498,L10920210101AL,1,1,Producción,MA-20251128,Cocina,
MOV-L11020210101XQ-MA-20251128,2025-11-28,Merma,110,kg,-0.021178438795369764,L11020210101XQ,1,1,Producción,MA-20251128,Cocina,
MOV-L11120210101EB-MA-20251128,2025-11-28,Merma,111,unid,-0.1570582325465784,L11120210101EB,1,3,Producción,MA-20251128,Cocina,
MOV-L11220210101EC-MA-20251128,2025-11-28,Merma,112,kg,-0.012920474242280737,L11220210101EC,1,1,Producción,MA-20251128,Cocina,
MOV-L11320210101GN-MA-20251128,2025-11-28,Merma,113,kg,-0.011983076922281696,L11320210101GN,1,2,Producción,MA-20251128,Cocina,
MOV-L11420210101TB-MA-20251128,2025-11-28,Merma,114,kg,-0.024942579390091757,L11420210101TB,1,2,Producción,MA-20251128,Cocina,
MOV-L11520210101NP-MA-20251128,2025-11-28,Merma,115,kg,-0.024387907163693955,L11520210101NP,1,3,Producción,MA-20251128,Cocina,
MOV-L11620210101FL-MA-20251128,2025-11-28,Merma,116,kg,-0.01630098330742234,L11620210101FL,1,2,Producción,MA-20251128,Cocina,
MOV-L11720210101WS-MA-20251128,2025-11-28,Merma,117,L,-0.026292305757047798,L11720210101WS,1,2,Producción,MA-20251128,Cocina,
MOV-L11820210101YK-MA-20251128,2025-11-28,Merma,118,L,-0.012664911445117104,L11820210101YK,1,1,Producción,MA-20251128,Cocina,
MOV-L11920210101AE-MA-20251128,2025-11-28,Merma,119,L,-0.015501766134975116,L11920210101AE,1,3,Producción,MA-20251128,Cocina,
MOV-L12020210101EJ-MA-20251128,2025-11-28,Merma,120,kg,-0.024891712179017405,L12020210101EJ,1,1,Producción,MA-20251128,Cocina,
MOV-L12120210101OM-MA-20251128,2025-11-28,Merma,121,kg,-0.02772246720956138,L12120210101OM,1,1,Producción,MA-20251128,Cocina,
MOV-L12220210101TY-MA-20251128,2025-11-28,Merma,122,kg,-0.020016312764277518,L12220210101TY,1,1,Producción,MA-20251128,Cocina,
MOV-L10120210101BX-MA-20251228,2025-12-28,Merma,101,kg,-0.013669553727953592,L10120210101BX,1,1,Producción,MA-20251228,Cocina,
MOV-L10220210101WF-MA-20251228,2025-12-28,Merma,102,kg,-0.02766934299318025,L10220210101WF,1,2,Producción,MA-20251228,Cocina,
MOV-L10320210101BG-MA-20251228,2025-12-28,Merma,103,kg,-0.02516758685851557,L10320210101BG,1,2,Producción,MA-20251228,Cocina,
MOV-L10420210101BO-MA-20251228,2025-12-28,Merma,104,kg,-0.01913323517674508,L10420210101BO,1,4,Producción,MA-20251228,Cocina,
MOV-L10520210101TC-MA-20251228,2025-12-28,Merma,105,kg,-0.014128365654460892,L10520210101TC,1,1,Producción,MA-20251228,Cocina,
MOV-L10620210101JB-MA-20251228,2025-12-28,Merma,106,kg,-0.01291240114033831,L10620210101JB,1,2,Producción,MA-20251228,Cocina,
MOV-L10720210101DZ-MA-20251228,2025-12-28,Merma,107,kg,-0.02891737738534153,L10720210101DZ,1,4,Producción,MA-20251228,Cocina,
MOV-L10820210101NG-MA-20251228,2025-12-28,Merma,108,kg,-0.02898327767332152,L10820210101NG,1,1,Producción,MA-20251228,Cocina,
MOV-L10920210101AL-MA-20251228,2025-12-28,Merma,109,kg,-0.026874329613048042,L10920210101AL,1,1,Producción,MA-20251228,Cocina,
MOV-L11020210101XQ-MA-20251228,2025-12-28,Merma,110,kg,-0.020924297529825327,L11020210101XQ,1,1,Producción,MA-20251228,Cocina,
MOV-L11120210101EB-MA-20251228,2025-12-28,Merma,111,unid,-0.15517353375601947,L11120210101EB,1,3,Producción,MA-20251228,Cocina,
MOV-L11220210101EC-MA-20251228,2025-12-28,Merma,112,kg,-0.012765428551373368,L11220210101EC,1,1,Producción,MA-20251228,Cocina,
MOV-L11320210101GN-MA-20251228,2025-12-28,Merma,113,kg,-0.011839279999214315,L11320210101GN,1,2,Producción,MA-20251228,Cocina,
MOV-L11420210101TB-MA-20251228,2025-12-28,Merma,114,kg,-0.024643268437410656,L11420210101TB,1,2,Producción,MA-20251228,Cocina,
MOV-L11520210101NP-MA-20251228,2025-12-28,Merma,115,kg,-0.02409525227772963,L11520210101NP,1,3,Producción,MA-20251228,Cocina,
MOV-L11620210101FL-MA-20251228,2025-12-28,Merma,116,kg,-0.01610537150773327,L11620210101FL,1,2,Producción,MA-20251228,Cocina,
MOV-L11720210101WS-MA-20251228,2025-12-28,Merma,117,L,-0.025976798087963222,L11720210101WS,1,2,Producción,MA-20251228,Cocina,
MOV-L11820210101YK-MA-20251228,2025-12-28,Merma,118,L,-0.0125129325077757,L11820210101YK,1,1,Producción,MA-20251228,Cocina,
MOV-L11920210101AE-MA-20251228,2025-12-28,Merma,119,L,-0.015315744941355415,L11920210101AE,1,3,Producción,MA-20251228,Cocina,
MOV-L12020210101EJ-MA-20251228,2025-12-28,Merma,120,kg,-0.024593011632869196,L12020210101EJ,1,1,Producción,MA-20251228,Cocina,
MOV-L12120210101OM-MA-20251228,2025-12-28,Merma,121,kg,-0.02738979760304664,L12120210101OM,1,1,Producción,MA-20251228,Cocina,
MOV-L12220210101TY-MA-20251228,2025-12-28,Merma,122,kg,-0.019776117011106188,L12220210101TY,1,1,Producción,MA-20251228,Cocina,
