fecha,anio,work_center_id,work_center_name,linea,min_disp_dia_base,unidades_paralelas,eficiencia,min_disp_total
2023-01-01,2023,WC_SARTEN,Sartén,Caliente,480,2,0.939,901.1
2023-01-01,2023,WC_PLANCHA,Plancha,Caliente,480,1,0.93,446.3
2023-01-01,2023,WC_HORNO,Horno,Caliente,480,1,0.963,462.1
2023-01-01,2023,WC_TABLA,Tabla,Fria,480,2,0.895,859.3
2023-01-01,2023,WC_EMPLATE,Emplatado,General,480,2,0.972,933.1
2023-01-02,2023,WC_SARTEN,Sartén,Caliente,480,2,0.9,864.0
2023-01-02,2023,WC_PLANCHA,Plancha,Caliente,480,1,0.9,432.0
2023-01-02,2023,WC_HORNO,Horno,Caliente,480,1,0.92,441.6
2023-01-02,2023,WC_TABLA,Tabla,Fria,480,2,0.93,892.8
2023-01-02,2023,WC_EMPLATE,Emplatado,General,480,2,0.95,912.0
2023-01-03,2023,WC_SARTEN,Sartén,Caliente,480,2,0.9,864.0
2023-01-03,2023,WC_PLANCHA,Plancha,Caliente,480,1,0.9,432.0
2023-01-03,2023,WC_HORNO,Horno,Caliente,480,1,0.92,441.6
2023-01-03,2023,WC_TABLA,Tabla,Fria,480,2,0.93,892.8
2023-01-03,2023,WC_EMPLATE,Emplatado,General,480,2,0.95,912.0
2023-01-04,2023,WC_SARTEN,Sartén,Caliente,480,2,0.9,864.0
2023-01-04,2023,WC_PLANCHA,Plancha,Caliente,480,1,0.9,432.0
2023-01-04,2023,WC_HORNO,Horno,Caliente,480,1,0.92,441.6
2023-01-04,2023,WC_TABLA,Tabla,Fria,480,2,0.93,892.8
2023-01-04,2023,WC_EMPLATE,Emplatado,General,480,2,0.95,912.0
2023-01-05,2023,WC_SARTEN,Sartén,Caliente,480,2,0.9,864.0
2023-01-05,2023,WC_PLANCHA,Plancha,Caliente,480,1,0.9,432.0
2023-01-05,2023,WC_HORNO,Horno,Caliente,480,1,0.92,441.6
2023-01-05,2023,WC_TABLA,Tabla,Fria,480,2,0.93,892.8
2023-01-05,2023,WC_EMPLATE,Emplatado,General,480,2,0.95,912.0
2023-01-06,2023,WC_SARTEN,Sartén,Caliente,480,2,0.9,864.0
2023-01-06,2023,WC_PLANCHA,Plancha,Caliente,480,1,0.9,432.0
2023-01-06,2023,WC_HORNO,Horno,Caliente,480,1,0.92,441.6
2023-01-06,2023,WC_TABLA,Tabla,Fria,480,2,0.93,892.8
2023-01-06,2023,WC_EMPLATE,Emplatado,General,480,2,0.95,912.0
2023-01-07,2023,WC_SARTEN,Sartén,Caliente,480,2,0.9,864.0
2023-01-07,2023,WC_PLANCHA,Plancha,Caliente,480,1,0.9,432.0
2023-01-07,2023,WC_HORNO,Horno,Caliente,480,1,0.92,441.6
2023-01-07,2023,WC_TABLA,Tabla,Fria,480,2,0.93,892.8
2023-01-07,2023,WC_EMPLATE,Emplatado,General,480,2,0.95,912.0
2023-01-08,2023,WC_SARTEN,Sartén,Caliente,480,2,0.9,864.0
2023-01-08,2023,WC_PLANCHA,Plancha,Caliente,480,1,0.9,432.0
2023-01-08,2023,WC_HORNO,Horno,Caliente,480,1,0.92,441.6
2023-01-08,2023,WC_TABLA,Tabla,Fria,480,2,0.93,892.8
2023-01-08,2023,WC_EMPLATE,Emplatado,General,480,2,0.95,912.0
2023-01-09,2023,WC_SARTEN,Sartén,Caliente,480,2,0.9,864.0
2023-01-09,2023,WC_PLANCHA,Plancha,Caliente,480,1,0.9,432.0
2023-01-09,2023,WC_HORNO,Horno,Caliente,480,1,0.92,441.6
2023-01-09,2023,WC_TABLA,Tabla,Fria,480,2,0.93,892.8
2023-01-09,2023,WC_EMPLATE,Emplatado,General,480,2,0.95,912.0
2023-01-10,2023,WC_SARTEN,Sartén,Caliente,480,2,0.9,864.0
2023-01-10,2023,WC_PLANCHA,Plancha,Caliente,480,1,0.9,432.0
2023-01-10,2023,WC_HORNO,Horno,Caliente,480,1,0.92,441.6
2023-01-10,2023,WC_TABLA,Tabla,Fria,480,2,0.93,892.8
2023-01-10,2023,WC_EMPLATE,Emplatado,General,480,2,0.95,912.0
2023-01-11,2023,WC_SARTEN,Sartén,Caliente,480,2,0.9,864.0
2023-01-11,2023,WC_PLANCHA,Plancha,Caliente,480,1,0.9,432.0
2023-01-11,2023,WC_HORNO,Horno,Caliente,480,1,0.92,441.6
2023-01-11,2023,WC_TABLA,Tabla,Fria,480,2,0.93,892.8
2023-01-11,2023,WC_EMPLATE,Emplatado,General,480,2,0.95,912.0
2023-01-12,2023,WC_SARTEN,Sartén,Caliente,480,2,0.9,864.0
2023-01-12,2023,WC_PLANCHA,Plancha,Caliente,480,1,0.9,432.0
2023-01-12,2023,WC_HORNO,Horno,Caliente,480,1,0.92,441.6
2023-01-12,2023,WC_TABLA,Tabla,Fria,480,2,0.93,892.8
2023-01-12,2023,WC_EMPLATE,Emplatado,General,480,2,0.95,912.0
2023-01-13,2023,WC_SARTEN,Sartén,Caliente,480,2,0.9,864.0
2023-01-13,2023,WC_PLANCHA,Plancha,Caliente,480,1,0.9,432.0
2023-01-13,2023,WC_HORNO,Horno,Caliente,480,1,0.92,441.6
2023-01-13,2023,WC_TABLA,Tabla,Fria,480,2,0.93,892.8
2023-01-13,2023,WC_EMPLATE,Emplatado,General,480,2,0.95,912.0
2023-01-14,2023,WC_SARTEN,Sartén,Caliente,480,2,0.9,864.0
2023-01-14,2023,WC_PLANCHA,Plancha,Caliente,480,1,0.9,432.0
2023-01-14,2023,WC_HORNO,Horno,Caliente,480,1,0.92,441.6
2023-01-14,2023,WC_TABLA,Tabla,Fria,480,2,0.93,892.8
2023-01-14,2023,WC_EMPLATE,Emplatado,General,480,2,0.95,912.0
2023-01-15,2023,WC_SARTEN,Sartén,Caliente,480,2,0.9,864.0
2023-01-15,2023,WC_PLANCHA,Plancha,Caliente,480,1,0.9,432.0
2023-01-15,2023,WC_HORNO,Horno,Caliente,480,1,0.92,441.6
2023-01-15,2023,WC_TABLA,Tabla,Fria,480,2,0.93,892.8
2023-01-15,2023,WC_EMPLATE,Emplatado,General,480,2,0.95,912.0
2023-01-16,2023,WC_SARTEN,Sartén,Caliente,480,2,0.9,864.0
2023-01-16,2023,WC_PLANCHA,Plancha,Caliente,480,1,0.9,432.0
2023-01-16,2023,WC_HORNO,Horno,Caliente,480,1,0.92,441.6
2023-01-16,2023,WC_TABLA,Tabla,Fria,480,2,0.93,892.8
2023-01-16,2023,WC_EMPLATE,Emplatado,General,480,2,0.95,912.0
2023-01-17,2023,WC_SARTEN,Sartén,Caliente,480,2,0.9,864.0
2023-01-17,2023,WC_PLANCHA,Plancha,Caliente,480,1,0.9,432.0
2023-01-17,2023,WC_HORNO,Horno,Caliente,480,1,0.92,441.6
2023-01-17,2023,WC_TABLA,Tabla,Fria,480,2,0.93,892.8
2023-01-17,2023,WC_EMPLATE,Emplatado,General,480,2,0.95,912.0
2023-01-18,2023,WC_SARTEN,Sartén,Caliente,480,2,0.9,864.0
2023-01-18,2023,WC_PLANCHA,Plancha,Caliente,480,1,0.9,432.0
2023-01-18,2023,WC_HORNO,Horno,Caliente,480,1,0.92,441.6
2023-01-18,2023,WC_TABLA,Tabla,Fria,480,2,0.93,892.8
2023-01-18,2023,WC_EMPLATE,Emplatado,General,480,2,0.95,912.0
2023-01-19,2023,WC_SARTEN,Sartén,Caliente,480,2,0.9,864.0
2023-01-19,2023,WC_PLANCHA,Plancha,Caliente,480,1,0.9,432.0
2023-01-19,2023,WC_HORNO,Horno,Caliente,480,1,0.92,441.6
2023-01-19,2023,WC_TABLA,Tabla,Fria,480,2,0.93,892.8
2023-01-19,2023,WC_EMPLATE,Emplatado,General,480,2,0.95,912.0
2023-01-20,2023,WC_SARTEN,Sartén,Caliente,480,2,0.9,864.0
2023-01-20,2023,WC_PLANCHA,Plancha,Caliente,480,1,0.9,432.0
2023-01-20,2023,WC_HORNO,Horno,Caliente,480,1,0.92,441.6
2023-01-20,2023,WC_TABLA,Tabla,Fria,480,2,0.93,892.8
2023-01-20,2023,WC_EMPLATE,Emplatado,General,480,2,0.95,912.0
2023-01-21,2023,WC_SARTEN,Sartén,Caliente,480,2,0.9,864.0
2023-01-21,2023,WC_PLANCHA,Plancha,Caliente,480,1,0.9,432.0
2023-01-21,2023,WC_HORNO,Horno,Caliente,480,1,0.92,441.6
2023-01-21,2023,WC_TABLA,Tabla,Fria,480,2,0.93,892.8
2023-01-21,2023,WC_EMPLATE,Emplatado,General,480,2,0.95,912.0
2023-01-22,2023,WC_SARTEN,Sartén,Caliente,480,2,0.9,864.0
2023-01-22,2023,WC_PLANCHA,Plancha,Caliente,480,1,0.9,432.0
2023-01-22,2023,WC_HORNO,Horno,Caliente,480,1,0.92,441.6
2023-01-22,2023,WC_TABLA,Tabla,Fria,480,2,0.93,892.8
2023-01-22,2023,WC_EMPLATE,Emplatado,General,480,2,0.95,912.0
2023-01-23,2023,WC_SARTEN,Sartén,Caliente,480,2,0.9,864.0
2023-01-23,2023,WC_PLANCHA,Plancha,Caliente,480,1,0.9,432.0
2023-01-23,2023,WC_HORNO,Horno,Caliente,480,1,0.92,441.6
2023-01-23,2023,WC_TABLA,Tabla,Fria,480,2,0.93,892.8
2023-01-23,2023,WC_EMPLATE,Emplatado,General,480,2,0.95,912.0
2023-01-24,2023,WC_SARTEN,Sartén,Caliente,480,2,0.9,864.0
2023-01-24,2023,WC_PLANCHA,Plancha,Caliente,480,1,0.9,432.0
2023-01-24,2023,WC_HORNO,Horno,Caliente,480,1,0.92,441.6
2023-01-24,2023,WC_TABLA,Tabla,Fria,480,2,0.93,892.8
2023-01-24,2023,WC_EMPLATE,Emplatado,General,480,2,0.95,912.0
2023-01-25,2023,WC_SARTEN,Sartén,Caliente,480,2,0.9,864.0
2023-01-25,2023,WC_PLANCHA,Plancha,Caliente,480,1,0.9,432.0
2023-01-25,2023,WC_HORNO,Horno,Caliente,480,1,0.92,441.6
2023-01-25,2023,WC_TABLA,Tabla,Fria,480,2,0.93,892.8
2023-01-25,2023,WC_EMPLATE,Emplatado,General,480,2,0.95,912.0
2023-01-26,2023,WC_SARTEN,Sartén,Caliente,480,2,0.9,864.0
2023-01-26,2023,WC_PLANCHA,Plancha,Caliente,480,1,0.9,432.0
2023-01-26,2023,WC_HORNO,Horno,Caliente,480,1,0.92,441.6
2023-01-26,2023,WC_TABLA,Tabla,Fria,480,2,0.93,892.8
2023-01-26,2023,WC_EMPLATE,Emplatado,General,480,2,0.95,912.0
2023-01-27,2023,WC_SARTEN,Sartén,Caliente,480,2,0.9,864.0
2023-01-27,2023,WC_PLANCHA,Plancha,Caliente,480,1,0.9,432.0
2023-01-27,2023,WC_HORNO,Horno,Caliente,480,1,0.92,441.6
2023-01-27,2023,WC_TABLA,Tabla,Fria,480,2,0.93,892.8
2023-01-27,2023,WC_EMPLATE,Emplatado,General,480,2,0.95,912.0
2023-01-28,2023,WC_SARTEN,Sartén,Caliente,480,2,0.9,864.0
2023-01-28,2023,WC_PLANCHA,Plancha,Caliente,480,1,0.9,432.0
2023-01-28,2023,WC_HORNO,Horno,Caliente,480,1,0.92,441.6
2023-01-28,2023,WC_TABLA,Tabla,Fria,480,2,0.93,892.8
2023-01-28,2023,WC_EMPLATE,Emplatado,General,480,2,0.95,912.0
2023-01-29,2023,WC_SARTEN,Sartén,Caliente,480,2,0.9,864.0
2023-01-29,2023,WC_PLANCHA,Plancha,Caliente,480,1,0.9,432.0
2023-01-29,2023,WC_HORNO,Horno,Caliente,480,1,0.92,441.6
2023-01-29,2023,WC_TABLA,Tabla,Fria,480,2,0.93,892.8
2023-01-29,2023,WC_EMPLATE,Emplatado,General,480,2,0.95,912.0
2023-01-30,2023,WC_SARTEN,Sartén,Caliente,480,2,0.9,864.0
2023-01-30,2023,WC_PLANCHA,Plancha,Caliente,480,1,0.9,432.0
2023-01-30,2023,WC_HORNO,Horno,Caliente,480,1,0.92,441.6
2023-01-30,2023,WC_TABLA,Tabla,Fria,480,2,0.93,892.8
2023-01-30,2023,WC_EMPLATE,Emplatado,General,480,2,0.95,912.0
2023-01-31,2023,WC_SARTEN,Sartén,Caliente,480,2,0.9,864.0
2023-01-31,2023,WC_PLANCHA,Plancha,Caliente,480,1,0.9,432.0
2023-01-31,2023,WC_HORNO,Horno,Caliente,480,1,0.92,441.6
2023-01-31,2023,WC_TABLA,Tabla,Fria,480,2,0.93,892.8
2023-01-31,2023,WC_EMPLATE,Emplatado,General,480,2,0.95,912.0
2023-02-01,2023,WC_SARTEN,Sartén,Caliente,480,2,0.9,864.0
2023-02-01,2023,WC_PLANCHA,Plancha,Caliente,480,1,0.9,432.0
2023-02-01,2023,WC_HORNO,Horno,Caliente,480,1,0.92,441.6
2023-02-01,2023,WC_TABLA,Tabla,Fria,480,2,0.93,892.8
2023-02-01,2023,WC_EMPLATE,Emplatado,General,480,2,0.95,912.0
2023-02-02,2023,WC_SARTEN,Sartén,Caliente,480,2,0.9,864.0
2023-02-02,2023,WC_PLANCHA,Plancha,Caliente,480,1,0.9,432.0
2023-02-02,2023,WC_HORNO,Horno,Caliente,480,1,0.92,441.6
2023-02-02,2023,WC_TABLA,Tabla,Fria,480,2,0.93,892.8
2023-02-02,2023,WC_EMPLATE,Emplatado,General,480,2,0.95,912.0
2023-02-03,2023,WC_SARTEN,Sartén,Caliente,480,2,0.9,864.0
2023-02-03,2023,WC_PLANCHA,Plancha,Caliente,480,1,0.9,432.0
2023-02-03,2023,WC_HORNO,Horno,Caliente,480,1,0.92,441.6
2023-02-03,2023,WC_TABLA,Tabla,Fria,480,2,0.93,892.8
2023-02-03,2023,WC_EMPLATE,Emplatado,General,480,2,0.95,912.0
2023-02-04,2023,WC_SARTEN,Sartén,Caliente,480,2,0.9,864.0
2023-02-04,2023,WC_PLANCHA,Plancha,Caliente,480,1,0.9,432.0
2023-02-04,2023,WC_HORNO,Horno,Caliente,480,1,0.92,441.6
2023-02-04,2023,WC_TABLA,Tabla,Fria,480,2,0.93,892.8
2023-02-04,2023,WC_EMPLATE,Emplatado,General,480,2,0.95,912.0
2023-02-05,2023,WC_SARTEN,Sartén,Caliente,480,2,0.9,864.0
2023-02-05,2023,WC_PLANCHA,Plancha,Caliente,480,1,0.9,432.0
2023-02-05,2023,WC_HORNO,Horno,Caliente,480,1,0.92,441.6
2023-02-05,2023,WC_TABLA,Tabla,Fria,480,2,0.93,892.8
2023-02-05,2023,WC_EMPLATE,Emplatado,General,480,2,0.95,912.0
2023-02-06,2023,WC_SARTEN,Sartén,Caliente,480,2,0.9,864.0
2023-02-06,2023,WC_PLANCHA,Plancha,Caliente,480,1,0.9,432.0
2023-02-06,2023,WC_HORNO,Horno,Caliente,480,1,0.92,441.6
2023-02-06,2023,WC_TABLA,Tabla,Fria,480,2,0.93,892.8
2023-02-06,2023,WC_EMPLATE,Emplatado,General,480,2,0.95,912.0
2023-02-07,2023,WC_SARTEN,Sartén,Caliente,480,2,0.9,864.0
2023-02-07,2023,WC_PLANCHA,Plancha,Caliente,480,1,0.9,432.0
2023-02-07,2023,WC_HORNO,Horno,Caliente,480,1,0.92,441.6
2023-02-07,2023,WC_TABLA,Tabla,Fria,480,2,0.93,892.8
2023-02-07,2023,WC_EMPLATE,Emplatado,General,480,2,0.95,912.0
2023-02-08,2023,WC_SARTEN,Sartén,Caliente,480,2,0.9,864.0
2023-02-08,2023,WC_PLANCHA,Plancha,Caliente,480,1,0.9,432.0
2023-02-08,2023,WC_HORNO,Horno,Caliente,480,1,0.92,441.6
2023-02-08,2023,WC_TABLA,Tabla,Fria,480,2,0.93,892.8
2023-02-08,2023,WC_EMPLATE,Emplatado,General,480,2,0.95,912.0
2023-02-09,2023,WC_SARTEN,Sartén,Caliente,480,2,0.9,864.0
2023-02-09,2023,WC_PLANCHA,Plancha,Caliente,480,1,0.9,432.0
2023-02-09,2023,WC_HORNO,Horno,Caliente,480,1,0.92,441.6
2023-02-09,2023,WC_TABLA,Tabla,Fria,480,2,0.93,892.8
2023-02-09,2023,WC_EMPLATE,Emplatado,General,480,2,0.95,912.0
2023-02-10,2023,WC_SARTEN,Sartén,Caliente,480,2,0.9,864.0
2023-02-10,2023,WC_PLANCHA,Plancha,Caliente,480,1,0.9,432.0
2023-02-10,2023,WC_HORNO,Horno,Caliente,480,1,0.92,441.6
2023-02-10,2023,WC_TABLA,Tabla,Fria,480,2,0.93,892.8
2023-02-10,2023,WC_EMPLATE,Emplatado,General,480,2,0.95,912.0
2023-02-11,2023,WC_SARTEN,Sartén,Caliente,480,2,0.9,864.0
2023-02-11,2023,WC_PLANCHA,Plancha,Caliente,480,1,0.9,432.0
2023-02-11,2023,WC_HORNO,Horno,Caliente,480,1,0.92,441.6
2023-02-11,2023,WC_TABLA,Tabla,Fria,480,2,0.93,892.8
2023-02-11,2023,WC_EMPLATE,Emplatado,General,480,2,0.95,912.0
2023-02-12,2023,WC_SARTEN,Sartén,Caliente,480,2,0.9,864.0
2023-02-12,2023,WC_PLANCHA,Plancha,Caliente,480,1,0.9,432.0
2023-02-12,2023,WC_HORNO,Horno,Caliente,480,1,0.92,441.6
2023-02-12,2023,WC_TABLA,Tabla,Fria,480,2,0.93,892.8
2023-02-12,2023,WC_EMPLATE,Emplatado,General,480,2,0.95,912.0
2023-02-13,2023,WC_SARTEN,Sartén,Caliente,480,2,0.9,864.0
2023-02-13,2023,WC_PLANCHA,Plancha,Caliente,480,1,0.9,432.0
2023-02-13,2023,WC_HORNO,Horno,Caliente,480,1,0.92,441.6
2023-02-13,2023,WC_TABLA,Tabla,Fria,480,2,0.93,892.8
2023-02-13,2023,WC_EMPLATE,Emplatado,General,480,2,0.95,912.0
2023-02-14,2023,WC_SARTEN,Sartén,Caliente,480,2,0.9,864.0
2023-02-14,2023,WC_PLANCHA,Plancha,Caliente,480,1,0.9,432.0
2023-02-14,2023,WC_HORNO,Horno,Caliente,480,1,0.92,441.6
2023-02-14,2023,WC_TABLA,Tabla,Fria,480,2,0.93,892.8
2023-02-14,2023,WC_EMPLATE,Emplatado,General,480,2,0.95,912.0
2023-02-15,2023,WC_SARTEN,Sartén,Caliente,480,2,0.9,864.0
2023-02-15,2023,WC_PLANCHA,Plancha,Caliente,480,1,0.9,432.0
2023-02-15,2023,WC_HORNO,Horno,Caliente,480,1,0.92,441.6
2023-02-15,2023,WC_TABLA,Tabla,Fria,480,2,0.93,892.8
2023-02-15,2023,WC_EMPLATE,Emplatado,General,480,2,0.95,912.0
2023-02-16,2023,WC_SARTEN,Sartén,Caliente,480,2,0.9,864.0
2023-02-16,2023,WC_PLANCHA,Plancha,Caliente,480,1,0.9,432.0
2023-02-16,2023,WC_HORNO,Horno,Caliente,480,1,0.92,441.6
2023-02-16,2023,WC_TABLA,Tabla,Fria,480,2,0.93,892.8
2023-02-16,2023,WC_EMPLATE,Emplatado,General,480,2,0.95,912.0
2023-02-17,2023,WC_SARTEN,Sartén,Caliente,480,2,0.9,864.0
2023-02-17,2023,WC_PLANCHA,Plancha,Caliente,480,1,0.9,432.0
2023-02-17,2023,WC_HORNO,Horno,Caliente,480,1,0.92,441.6
2023-02-17,2023,WC_TABLA,Tabla,Fria,480,2,0.93,892.8
2023-02-17,2023,WC_EMPLATE,Emplatado,General,480,2,0.95,912.0
2023-02-18,2023,WC_SARTEN,Sartén,Caliente,480,2,0.9,864.0
2023-02-18,2023,WC_PLANCHA,Plancha,Caliente,480,1,0.9,432.0
2023-02-18,2023,WC_HORNO,Horno,Caliente,480,1,0.92,441.6
2023-02-18,2023,WC_TABLA,Tabla,Fria,480,2,0.93,892.8
2023-02-18,2023,WC_EMPLATE,Emplatado,General,480,2,0.95,912.0
2023-02-19,2023,WC_SARTEN,Sartén,Caliente,480,2,0.9,864.0
2023-02-19,2023,WC_PLANCHA,Plancha,Caliente,480,1,0.9,432.0
2023-02-19,2023,WC_HORNO,Horno,Caliente,480,1,0.92,441.6
2023-02-19,2023,WC_TABLA,Tabla,Fria,480,2,0.93,892.8
2023-02-19,2023,WC_EMPLATE,Emplatado,General,480,2,0.95,912.0
2023-02-20,2023,WC_SARTEN,Sartén,Caliente,480,2,0.9,864.0
2023-02-20,2023,WC_PLANCHA,Plancha,Caliente,480,1,0.9,432.0
2023-02-20,2023,WC_HORNO,Horno,Caliente,480,1,0.92,441.6
2023-02-20,2023,WC_TABLA,Tabla,Fria,480,2,0.93,892.8
2023-02-20,2023,WC_EMPLATE,Emplatado,General,480,2,0.95,912.0
2023-02-21,2023,WC_SARTEN,Sartén,Caliente,480,2,0.9,864.0
2023-02-21,2023,WC_PLANCHA,Plancha,Caliente,480,1,0.9,432.0
2023-02-21,2023,WC_HORNO,Horno,Caliente,480,1,0.92,441.6
2023-02-21,2023,WC_TABLA,Tabla,Fria,480,2,0.93,892.8
2023-02-21,2023,WC_EMPLATE,Emplatado,General,480,2,0.95,912.0
2023-02-22,2023,WC_SARTEN,Sartén,Caliente,480,2,0.9,864.0
2023-02-22,2023,WC_PLANCHA,Plancha,Caliente,480,1,0.9,432.0
2023-02-22,2023,WC_HORNO,Horno,Caliente,480,1,0.92,441.6
2023-02-22,2023,WC_TABLA,Tabla,Fria,480,2,0.93,892.8
2023-02-22,2023,WC_EMPLATE,Emplatado,General,480,2,0.95,912.0
2023-02-23,2023,WC_SARTEN,Sartén,Caliente,480,2,0.9,864.0
2023-02-23,2023,WC_PLANCHA,Plancha,Caliente,480,1,0.9,432.0
2023-02-23,2023,WC_HORNO,Horno,Caliente,480,1,0.92,441.6
2023-02-23,2023,WC_TABLA,Tabla,Fria,480,2,0.93,892.8
2023-02-23,2023,WC_EMPLATE,Emplatado,General,480,2,0.95,912.0
2023-02-24,2023,WC_SARTEN,Sartén,Caliente,480,2,0.9,864.0
2023-02-24,2023,WC_PLANCHA,Plancha,Caliente,480,1,0.9,432.0
2023-02-24,2023,WC_HORNO,Horno,Caliente,480,1,0.92,441.6
2023-02-24,2023,WC_TABLA,Tabla,Fria,480,2,0.93,892.8
2023-02-24,2023,WC_EMPLATE,Emplatado,General,480,2,0.95,912.0
2023-02-25,2023,WC_SARTEN,Sartén,Caliente,480,2,0.9,864.0
2023-02-25,2023,WC_PLANCHA,Plancha,Caliente,480,1,0.9,432.0
2023-02-25,2023,WC_HORNO,Horno,Caliente,480,1,0.92,441.6
2023-02-25,2023,WC_TABLA,Tabla,Fria,480,2,0.93,892.8
2023-02-25,2023,WC_EMPLATE,Emplatado,General,480,2,0.95,912.0
2023-02-26,2023,WC_SARTEN,Sartén,Caliente,480,2,0.9,864.0
2023-02-26,2023,WC_PLANCHA,Plancha,Caliente,480,1,0.9,432.0
2023-02-26,2023,WC_HORNO,Horno,Caliente,480,1,0.92,441.6
2023-02-26,2023,WC_TABLA,Tabla,Fria,480,2,0.93,892.8
2023-02-26,2023,WC_EMPLATE,Emplatado,General,480,2,0.95,912.0
2023-02-27,2023,WC_SARTEN,Sartén,Caliente,480,2,0.9,864.0
2023-02-27,2023,WC_PLANCHA,Plancha,Caliente,480,1,0.9,432.0
2023-02-27,2023,WC_HORNO,Horno,Caliente,480,1,0.92,441.6
2023-02-27,2023,WC_TABLA,Tabla,Fria,480,2,0.93,892.8
2023-02-27,2023,WC_EMPLATE,Emplatado,General,480,2,0.95,912.0
2023-02-28,2023,WC_SARTEN,Sartén,Caliente,480,2,0.9,864.0
2023-02-28,2023,WC_PLANCHA,Plancha,Caliente,480,1,0.9,432.0
2023-02-28,2023,WC_HORNO,Horno,Caliente,480,1,0.92,441.6
2023-02-28,2023,WC_TABLA,Tabla,Fria,480,2,0.93,892.8
2023-02-28,2023,WC_EMPLATE,Emplatado,General,480,2,0.95,912.0
2023-03-01,2023,WC_SARTEN,Sartén,Caliente,480,2,0.9,864.0
2023-03-01,2023,WC_PLANCHA,Plancha,Caliente,480,1,0.9,432.0
2023-03-01,2023,WC_HORNO,Horno,Caliente,480,1,0.92,441.6
2023-03-01,2023,WC_TABLA,Tabla,Fria,480,2,0.93,892.8
2023-03-01,2023,WC_EMPLATE,Emplatado,General,480,2,0.95,912.0
2023-03-02,2023,WC_SARTEN,Sartén,Caliente,480,2,0.9,864.0
2023-03-02,2023,WC_PLANCHA,Plancha,Caliente,480,1,0.9,432.0
2023-03-02,2023,WC_HORNO,Horno,Caliente,480,1,0.92,441.6
2023-03-02,2023,WC_TABLA,Tabla,Fria,480,2,0.93,892.8
2023-03-02,2023,WC_EMPLATE,Emplatado,General,480,2,0.95,912.0
2023-03-03,2023,WC_SARTEN,Sartén,Caliente,480,2,0.9,864.0
2023-03-03,2023,WC_PLANCHA,Plancha,Caliente,480,1,0.9,432.0
2023-03-03,2023,WC_HORNO,Horno,Caliente,480,1,0.92,441.6
2023-03-03,2023,WC_TABLA,Tabla,Fria,480,2,0.93,892.8
2023-03-03,2023,WC_EMPLATE,Emplatado,General,480,2,0.95,912.0
2023-03-04,2023,WC_SARTEN,Sartén,Caliente,480,2,0.9,864.0
2023-03-04,2023,WC_PLANCHA,Plancha,Caliente,480,1,0.9,432.0
2023-03-04,2023,WC_HORNO,Horno,Caliente,480,1,0.92,441.6
2023-03-04,2023,WC_TABLA,Tabla,Fria,480,2,0.93,892.8
2023-03-04,2023,WC_EMPLATE,Emplatado,General,480,2,0.95,912.0
2023-03-05,2023,WC_SARTEN,Sartén,Caliente,480,2,0.9,864.0
2023-03-05,2023,WC_PLANCHA,Plancha,Caliente,480,1,0.9,432.0
2023-03-05,2023,WC_HORNO,Horno,Caliente,480,1,0.92,441.6
2023-03-05,2023,WC_TABLA,Tabla,Fria,480,2,0.93,892.8
2023-03-05,2023,WC_EMPLATE,Emplatado,General,480,2,0.95,912.0
2023-03-06,2023,WC_SARTEN,Sartén,Caliente,480,2,0.9,864.0
2023-03-06,2023,WC_PLANCHA,Plancha,Caliente,480,1,0.9,432.0
2023-03-06,2023,WC_HORNO,Horno,Caliente,480,1,0.92,441.6
2023-03-06,2023,WC_TABLA,Tabla,Fria,480,2,0.93,892.8
2023-03-06,2023,WC_EMPLATE,Emplatado,General,480,2,0.95,912.0
2023-03-07,2023,WC_SARTEN,Sartén,Caliente,480,2,0.9,864.0
2023-03-07,2023,WC_PLANCHA,Plancha,Caliente,480,1,0.9,432.0
2023-03-07,2023,WC_HORNO,Horno,Caliente,480,1,0.92,441.6
2023-03-07,2023,WC_TABLA,Tabla,Fria,480,2,0.93,892.8
2023-03-07,2023,WC_EMPLATE,Emplatado,General,480,2,0.95,912.0
2023-03-08,2023,WC_SARTEN,Sartén,Caliente,480,2,0.9,864.0
2023-03-08,2023,WC_PLANCHA,Plancha,Caliente,480,1,0.9,432.0
2023-03-08,2023,WC_HORNO,Horno,Caliente,480,1,0.92,441.6
2023-03-08,2023,WC_TABLA,Tabla,Fria,480,2,0.93,892.8
2023-03-08,2023,WC_EMPLATE,Emplatado,General,480,2,0.95,912.0
2023-03-09,2023,WC_SARTEN,Sartén,Caliente,480,2,0.9,864.0
2023-03-09,2023,WC_PLANCHA,Plancha,Caliente,480,1,0.9,432.0
2023-03-09,2023,WC_HORNO,Horno,Caliente,480,1,0.92,441.6
2023-03-09,2023,WC_TABLA,Tabla,Fria,480,2,0.93,892.8
2023-03-09,2023,WC_EMPLATE,Emplatado,General,480,2,0.95,912.0
2023-03-10,2023,WC_SARTEN,Sartén,Caliente,480,2,0.9,864.0
2023-03-10,2023,WC_PLANCHA,Plancha,Caliente,480,1,0.9,432.0
2023-03-10,2023,WC_HORNO,Horno,Caliente,480,1,0.92,441.6
2023-03-10,2023,WC_TABLA,Tabla,Fria,480,2,0.93,892.8
2023-03-10,2023,WC_EMPLATE,Emplatado,General,480,2,0.95,912.0
2023-03-11,2023,WC_SARTEN,Sartén,Caliente,480,2,0.9,864.0
2023-03-11,2023,WC_PLANCHA,Plancha,Caliente,480,1,0.9,432.0
2023-03-11,2023,WC_HORNO,Horno,Caliente,480,1,0.92,441.6
2023-03-11,2023,WC_TABLA,Tabla,Fria,480,2,0.93,892.8
2023-03-11,2023,WC_EMPLATE,Emplatado,General,480,2,0.95,912.0
2023-03-12,2023,WC_SARTEN,Sartén,Caliente,480,2,0.9,864.0
2023-03-12,2023,WC_PLANCHA,Plancha,Caliente,480,1,0.9,432.0
2023-03-12,2023,WC_HORNO,Horno,Caliente,480,1,0.92,441.6
2023-03-12,2023,WC_TABLA,Tabla,Fria,480,2,0.93,892.8
2023-03-12,2023,WC_EMPLATE,Emplatado,General,480,2,0.95,912.0
2023-03-13,2023,WC_SARTEN,Sartén,Caliente,480,2,0.9,864.0
2023-03-13,2023,WC_PLANCHA,Plancha,Caliente,480,1,0.9,432.0
2023-03-13,2023,WC_HORNO,Horno,Caliente,480,1,0.92,441.6
2023-03-13,2023,WC_TABLA,Tabla,Fria,480,2,0.93,892.8
2023-03-13,2023,WC_EMPLATE,Emplatado,General,480,2,0.95,912.0
2023-03-14,2023,WC_SARTEN,Sartén,Caliente,480,2,0.9,864.0
2023-03-14,2023,WC_PLANCHA,Plancha,Caliente,480,1,0.9,432.0
2023-03-14,2023,WC_HORNO,Horno,Caliente,480,1,0.92,441.6
2023-03-14,2023,WC_TABLA,Tabla,Fria,480,2,0.93,892.8
2023-03-14,2023,WC_EMPLATE,Emplatado,General,480,2,0.95,912.0
2023-03-15,2023,WC_SARTEN,Sartén,Caliente,480,2,0.9,864.0
2023-03-15,2023,WC_PLANCHA,Plancha,Caliente,480,1,0.9,432.0
2023-03-15,2023,WC_HORNO,Horno,Caliente,480,1,0.92,441.6
2023-03-15,2023,WC_TABLA,Tabla,Fria,480,2,0.93,892.8
2023-03-15,2023,WC_EMPLATE,Emplatado,General,480,2,0.95,912.0
2023-03-16,2023,WC_SARTEN,Sartén,Caliente,480,2,0.9,864.0
2023-03-16,2023,WC_PLANCHA,Plancha,Caliente,480,1,0.9,432.0
2023-03-16,2023,WC_HORNO,Horno,Caliente,480,1,0.92,441.6
2023-03-16,2023,WC_TABLA,Tabla,Fria,480,2,0.93,892.8
2023-03-16,2023,WC_EMPLATE,Emplatado,General,480,2,0.95,912.0
2023-03-17,2023,WC_SARTEN,Sartén,Caliente,480,2,0.9,864.0
2023-03-17,2023,WC_PLANCHA,Plancha,Caliente,480,1,0.9,432.0
2023-03-17,2023,WC_HORNO,Horno,Caliente,480,1,0.92,441.6
2023-03-17,2023,WC_TABLA,Tabla,Fria,480,2,0.93,892.8
2023-03-17,2023,WC_EMPLATE,Emplatado,General,480,2,0.95,912.0
2023-03-18,2023,WC_SARTEN,Sartén,Caliente,480,2,0.9,864.0
2023-03-18,2023,WC_PLANCHA,Plancha,Caliente,480,1,0.9,432.0
2023-03-18,2023,WC_HORNO,Horno,Caliente,480,1,0.92,441.6
2023-03-18,2023,WC_TABLA,Tabla,Fria,480,2,0.93,892.8
2023-03-18,2023,WC_EMPLATE,Emplatado,General,480,2,0.95,912.0
2023-03-19,2023,WC_SARTEN,Sartén,Caliente,480,2,0.9,864.0
2023-03-19,2023,WC_PLANCHA,Plancha,Caliente,480,1,0.9,432.0
2023-03-19,2023,WC_HORNO,Horno,Caliente,480,1,0.92,441.6
2023-03-19,2023,WC_TABLA,Tabla,Fria,480,2,0.93,892.8
2023-03-19,2023,WC_EMPLATE,Emplatado,General,480,2,0.95,912.0
2023-03-20,2023,WC_SARTEN,Sartén,Caliente,480,2,0.9,864.0
2023-03-20,2023,WC_PLANCHA,Plancha,Caliente,480,1,0.9,432.0
2023-03-20,2023,WC_HORNO,Horno,Caliente,480,1,0.92,441.6
2023-03-20,2023,WC_TABLA,Tabla,Fria,480,2,0.93,892.8
2023-03-20,2023,WC_EMPLATE,Emplatado,General,480,2,0.95,912.0
2023-03-21,2023,WC_SARTEN,Sartén,Caliente,480,2,0.9,864.0
2023-03-21,2023,WC_PLANCHA,Plancha,Caliente,480,1,0.9,432.0
2023-03-21,2023,WC_HORNO,Horno,Caliente,480,1,0.92,441.6
2023-03-21,2023,WC_TABLA,Tabla,Fria,480,2,0.93,892.8
2023-03-21,2023,WC_EMPLATE,Emplatado,General,480,2,0.95,912.0
2023-03-22,2023,WC_SARTEN,Sartén,Caliente,480,2,0.9,864.0
2023-03-22,2023,WC_PLANCHA,Plancha,Caliente,480,1,0.9,432.0
2023-03-22,2023,WC_HORNO,Horno,Caliente,480,1,0.92,441.6
2023-03-22,2023,WC_TABLA,Tabla,Fria,480,2,0.93,892.8
2023-03-22,2023,WC_EMPLATE,Emplatado,General,480,2,0.95,912.0
2023-03-23,2023,WC_SARTEN,Sartén,Caliente,480,2,0.9,864.0
2023-03-23,2023,WC_PLANCHA,Plancha,Caliente,480,1,0.9,432.0
2023-03-23,2023,WC_HORNO,Horno,Caliente,480,1,0.92,441.6
2023-03-23,2023,WC_TABLA,Tabla,Fria,480,2,0.93,892.8
2023-03-23,2023,WC_EMPLATE,Emplatado,General,480,2,0.95,912.0
2023-03-24,2023,WC_SARTEN,Sartén,Caliente,480,2,0.9,864.0
2023-03-24,2023,WC_PLANCHA,Plancha,Caliente,480,1,0.9,432.0
2023-03-24,2023,WC_HORNO,Horno,Caliente,480,1,0.92,441.6
2023-03-24,2023,WC_TABLA,Tabla,Fria,480,2,0.93,892.8
2023-03-24,2023,WC_EMPLATE,Emplatado,General,480,2,0.95,912.0
2023-03-25,2023,WC_SARTEN,Sartén,Caliente,480,2,0.9,864.0
2023-03-25,2023,WC_PLANCHA,Plancha,Caliente,480,1,0.9,432.0
2023-03-25,2023,WC_HORNO,Horno,Caliente,480,1,0.92,441.6
2023-03-25,2023,WC_TABLA,Tabla,Fria,480,2,0.93,892.8
2023-03-25,2023,WC_EMPLATE,Emplatado,General,480,2,0.95,912.0
2023-03-26,2023,WC_SARTEN,Sartén,Caliente,480,2,0.9,864.0
2023-03-26,2023,WC_PLANCHA,Plancha,Caliente,480,1,0.9,432.0
2023-03-26,2023,WC_HORNO,Horno,Caliente,480,1,0.92,441.6
2023-03-26,2023,WC_TABLA,Tabla,Fria,480,2,0.93,892.8
2023-03-26,2023,WC_EMPLATE,Emplatado,General,480,2,0.95,912.0
2023-03-27,2023,WC_SARTEN,Sartén,Caliente,480,2,0.9,864.0
2023-03-27,2023,WC_PLANCHA,Plancha,Caliente,480,1,0.9,432.0
2023-03-27,2023,WC_HORNO,Horno,Caliente,480,1,0.92,441.6
2023-03-27,2023,WC_TABLA,Tabla,Fria,480,2,0.93,892.8
2023-03-27,2023,WC_EMPLATE,Emplatado,General,480,2,0.95,912.0
2023-03-28,2023,WC_SARTEN,Sartén,Caliente,480,2,0.9,864.0
2023-03-28,2023,WC_PLANCHA,Plancha,Caliente,480,1,0.9,432.0
2023-03-28,2023,WC_HORNO,Horno,Caliente,480,1,0.92,441.6
2023-03-28,2023,WC_TABLA,Tabla,Fria,480,2,0.93,892.8
2023-03-28,2023,WC_EMPLATE,Emplatado,General,480,2,0.95,912.0
2023-03-29,2023,WC_SARTEN,Sartén,Caliente,480,2,0.939,901.9
2023-03-29,2023,WC_PLANCHA,Plancha,Caliente,480,1,0.871,418.2
2023-03-29,2023,WC_HORNO,Horno,Caliente,480,1,0.88,422.5
2023-03-29,2023,WC_TABLA,Tabla,Fria,480,2,0.952,914.3
2023-03-29,2023,WC_EMPLATE,Emplatado,General,480,2,0.957,918.8
2023-03-30,2023,WC_SARTEN,Sartén,Caliente,480,2,0.931,893.5
2023-03-30,2023,WC_PLANCHA,Plancha,Caliente,480,1,0.868,416.4
2023-03-30,2023,WC_HORNO,Horno,Caliente,480,1,0.947,454.6
2023-03-30,2023,WC_TABLA,Tabla,Fria,480,2,0.902,866.2
2023-03-30,2023,WC_EMPLATE,Emplatado,General,480,2,0.918,881.3
2023-03-31,2023,WC_SARTEN,Sartén,Caliente,480,2,0.9,864.0
2023-03-31,2023,WC_PLANCHA,Plancha,Caliente,480,1,0.9,432.0
2023-03-31,2023,WC_HORNO,Horno,Caliente,480,1,0.92,441.6
2023-03-31,2023,WC_TABLA,Tabla,Fria,480,2,0.93,892.8
2023-03-31,2023,WC_EMPLATE,Emplatado,General,480,2,0.95,912.0
2023-04-01,2023,WC_SARTEN,Sartén,Caliente,480,2,0.9,864.0
2023-04-01,2023,WC_PLANCHA,Plancha,Caliente,480,1,0.9,432.0
2023-04-01,2023,WC_HORNO,Horno,Caliente,480,1,0.92,441.6
2023-04-01,2023,WC_TABLA,Tabla,Fria,480,2,0.93,892.8
2023-04-01,2023,WC_EMPLATE,Emplatado,General,480,2,0.95,912.0
2023-04-02,2023,WC_SARTEN,Sartén,Caliente,480,2,0.9,864.0
2023-04-02,2023,WC_PLANCHA,Plancha,Caliente,480,1,0.9,432.0
2023-04-02,2023,WC_HORNO,Horno,Caliente,480,1,0.92,441.6
2023-04-02,2023,WC_TABLA,Tabla,Fria,480,2,0.93,892.8
2023-04-02,2023,WC_EMPLATE,Emplatado,General,480,2,0.95,912.0
2023-04-03,2023,WC_SARTEN,Sartén,Caliente,480,2,0.9,864.0
2023-04-03,2023,WC_PLANCHA,Plancha,Caliente,480,1,0.9,432.0
2023-04-03,2023,WC_HORNO,Horno,Caliente,480,1,0.92,441.6
2023-04-03,2023,WC_TABLA,Tabla,Fria,480,2,0.93,892.8
2023-04-03,2023,WC_EMPLATE,Emplatado,General,480,2,0.95,912.0
2023-04-04,2023,WC_SARTEN,Sartén,Caliente,480,2,0.9,864.0
2023-04-04,2023,WC_PLANCHA,Plancha,Caliente,480,1,0.9,432.0
2023-04-04,2023,WC_HORNO,Horno,Caliente,480,1,0.92,441.6
2023-04-04,2023,WC_TABLA,Tabla,Fria,480,2,0.93,892.8
2023-04-04,2023,WC_EMPLATE,Emplatado,General,480,2,0.95,912.0
2023-04-05,2023,WC_SARTEN,Sartén,Caliente,480,2,0.9,864.0
2023-04-05,2023,WC_PLANCHA,Plancha,Caliente,480,1,0.9,432.0
2023-04-05,2023,WC_HORNO,Horno,Caliente,480,1,0.92,441.6
2023-04-05,2023,WC_TABLA,Tabla,Fria,480,2,0.93,892.8
2023-04-05,2023,WC_EMPLATE,Emplatado,General,480,2,0.95,912.0
2023-04-06,2023,WC_SARTEN,Sartén,Caliente,480,2,0.9,864.0
2023-04-06,2023,WC_PLANCHA,Plancha,Caliente,480,1,0.9,432.0
2023-04-06,2023,WC_HORNO,Horno,Caliente,480,1,0.92,441.6
2023-04-06,2023,WC_TABLA,Tabla,Fria,480,2,0.93,892.8
2023-04-06,2023,WC_EMPLATE,Emplatado,General,480,2,0.95,912.0
2023-04-07,2023,WC_SARTEN,Sartén,Caliente,480,2,0.9,864.0
2023-04-07,2023,WC_PLANCHA,Plancha,Caliente,480,1,0.9,432.0
2023-04-07,2023,WC_HORNO,Horno,Caliente,480,1,0.92,441.6
2023-04-07,2023,WC_TABLA,Tabla,Fria,480,2,0.93,892.8
2023-04-07,2023,WC_EMPLATE,Emplatado,General,480,2,0.95,912.0
2023-04-08,2023,WC_SARTEN,Sartén,Caliente,480,2,0.9,864.0
2023-04-08,2023,WC_PLANCHA,Plancha,Caliente,480,1,0.9,432.0
2023-04-08,2023,WC_HORNO,Horno,Caliente,480,1,0.92,441.6
2023-04-08,2023,WC_TABLA,Tabla,Fria,480,2,0.93,892.8
2023-04-08,2023,WC_EMPLATE,Emplatado,General,480,2,0.95,912.0
2023-04-09,2023,WC_SARTEN,Sartén,Caliente,480,2,0.9,864.0
2023-04-09,2023,WC_PLANCHA,Plancha,Caliente,480,1,0.9,432.0
2023-04-09,2023,WC_HORNO,Horno,Caliente,480,1,0.92,441.6
2023-04-09,2023,WC_TABLA,Tabla,Fria,480,2,0.93,892.8
2023-04-09,2023,WC_EMPLATE,Emplatado,General,480,2,0.95,912.0
2023-04-10,2023,WC_SARTEN,Sartén,Caliente,480,2,0.9,864.0
2023-04-10,2023,WC_PLANCHA,Plancha,Caliente,480,1,0.9,432.0
2023-04-10,2023,WC_HORNO,Horno,Caliente,480,1,0.92,441.6
2023-04-10,2023,WC_TABLA,Tabla,Fria,480,2,0.93,892.8
2023-04-10,2023,WC_EMPLATE,Emplatado,General,480,2,0.95,912.0
2023-04-11,2023,WC_SARTEN,Sartén,Caliente,480,2,0.9,864.0
2023-04-11,2023,WC_PLANCHA,Plancha,Caliente,480,1,0.9,432.0
2023-04-11,2023,WC_HORNO,Horno,Caliente,480,1,0.92,441.6
2023-04-11,2023,WC_TABLA,Tabla,Fria,480,2,0.93,892.8
2023-04-11,2023,WC_EMPLATE,Emplatado,General,480,2,0.95,912.0
2023-04-12,2023,WC_SARTEN,Sartén,Caliente,480,2,0.9,864.0
2023-04-12,2023,WC_PLANCHA,Plancha,Caliente,480,1,0.9,432.0
2023-04-12,2023,WC_HORNO,Horno,Caliente,480,1,0.92,441.6
2023-04-12,2023,WC_TABLA,Tabla,Fria,480,2,0.93,892.8
2023-04-12,2023,WC_EMPLATE,Emplatado,General,480,2,0.95,912.0
2023-04-13,2023,WC_SARTEN,Sartén,Caliente,480,2,0.9,864.0
2023-04-13,2023,WC_PLANCHA,Plancha,Caliente,480,1,0.9,432.0
2023-04-13,2023,WC_HORNO,Horno,Caliente,480,1,0.92,441.6
2023-04-13,2023,WC_TABLA,Tabla,Fria,480,2,0.93,892.8
2023-04-13,2023,WC_EMPLATE,Emplatado,General,480,2,0.95,912.0
2023-04-14,2023,WC_SARTEN,Sartén,Caliente,480,2,0.9,864.0
2023-04-14,2023,WC_PLANCHA,Plancha,Caliente,480,1,0.9,432.0
2023-04-14,2023,WC_HORNO,Horno,Caliente,480,1,0.92,441.6
2023-04-14,2023,WC_TABLA,Tabla,Fria,480,2,0.93,892.8
2023-04-14,2023,WC_EMPLATE,Emplatado,General,480,2,0.95,912.0
2023-04-15,2023,WC_SARTEN,Sartén,Caliente,480,2,0.9,864.0
2023-04-15,2023,WC_PLANCHA,Plancha,Caliente,480,1,0.9,432.0
2023-04-15,2023,WC_HORNO,Horno,Caliente,480,1,0.92,441.6
2023-04-15,2023,WC_TABLA,Tabla,Fria,480,2,0.93,892.8
2023-04-15,2023,WC_EMPLATE,Emplatado,General,480,2,0.95,912.0
2023-04-16,2023,WC_SARTEN,Sartén,Caliente,480,2,0.9,864.0
2023-04-16,2023,WC_PLANCHA,Plancha,Caliente,480,1,0.9,432.0
2023-04-16,2023,WC_HORNO,Horno,Caliente,480,1,0.92,441.6
2023-04-16,2023,WC_TABLA,Tabla,Fria,480,2,0.93,892.8
2023-04-16,2023,WC_EMPLATE,Emplatado,General,480,2,0.95,912.0
2023-04-17,2023,WC_SARTEN,Sartén,Caliente,480,2,0.9,864.0
2023-04-17,2023,WC_PLANCHA,Plancha,Caliente,480,1,0.9,432.0
2023-04-17,2023,WC_HORNO,Horno,Caliente,480,1,0.92,441.6
2023-04-17,2023,WC_TABLA,Tabla,Fria,480,2,0.93,892.8
2023-04-17,2023,WC_EMPLATE,Emplatado,General,480,2,0.95,912.0
2023-04-18,2023,WC_SARTEN,Sartén,Caliente,480,2,0.9,864.0
2023-04-18,2023,WC_PLANCHA,Plancha,Caliente,480,1,0.9,432.0
2023-04-18,2023,WC_HORNO,Horno,Caliente,480,1,0.92,441.6
2023-04-18,2023,WC_TABLA,Tabla,Fria,480,2,0.93,892.8
2023-04-18,2023,WC_EMPLATE,Emplatado,General,480,2,0.95,912.0
2023-04-19,2023,WC_SARTEN,Sartén,Caliente,480,2,0.9,864.0
2023-04-19,2023,WC_PLANCHA,Plancha,Caliente,480,1,0.9,432.0
2023-04-19,2023,WC_HORNO,Horno,Caliente,480,1,0.92,441.6
2023-04-19,2023,WC_TABLA,Tabla,Fria,480,2,0.93,892.8
2023-04-19,2023,WC_EMPLATE,Emplatado,General,480,2,0.95,912.0
2023-04-20,2023,WC_SARTEN,Sartén,Caliente,480,2,0.9,864.0
2023-04-20,2023,WC_PLANCHA,Plancha,Caliente,480,1,0.9,432.0
2023-04-20,2023,WC_HORNO,Horno,Caliente,480,1,0.92,441.6
2023-04-20,2023,WC_TABLA,Tabla,Fria,480,2,0.93,892.8
2023-04-20,2023,WC_EMPLATE,Emplatado,General,480,2,0.95,912.0
2023-04-21,2023,WC_SARTEN,Sartén,Caliente,480,2,0.9,864.0
2023-04-21,2023,WC_PLANCHA,Plancha,Caliente,480,1,0.9,432.0
2023-04-21,2023,WC_HORNO,Horno,Caliente,480,1,0.92,441.6
2023-04-21,2023,WC_TABLA,Tabla,Fria,480,2,0.93,892.8
2023-04-21,2023,WC_EMPLATE,Emplatado,General,480,2,0.95,912.0
2023-04-22,2023,WC_SARTEN,Sartén,Caliente,480,2,0.9,864.0
2023-04-22,2023,WC_PLANCHA,Plancha,Caliente,480,1,0.9,432.0
2023-04-22,2023,WC_HORNO,Horno,Caliente,480,1,0.92,441.6
2023-04-22,2023,WC_TABLA,Tabla,Fria,480,2,0.93,892.8
2023-04-22,2023,WC_EMPLATE,Emplatado,General,480,2,0.95,912.0
2023-04-23,2023,WC_SARTEN,Sartén,Caliente,480,2,0.9,864.0
2023-04-23,2023,WC_PLANCHA,Plancha,Caliente,480,1,0.9,432.0
2023-04-23,2023,WC_HORNO,Horno,Caliente,480,1,0.92,441.6
2023-04-23,2023,WC_TABLA,Tabla,Fria,480,2,0.93,892.8
2023-04-23,2023,WC_EMPLATE,Emplatado,General,480,2,0.95,912.0
2023-04-24,2023,WC_SARTEN,Sartén,Caliente,480,2,0.9,864.0
2023-04-24,2023,WC_PLANCHA,Plancha,Caliente,480,1,0.9,432.0
2023-04-24,2023,WC_HORNO,Horno,Caliente,480,1,0.92,441.6
2023-04-24,2023,WC_TABLA,Tabla,Fria,480,2,0.93,892.8
2023-04-24,2023,WC_EMPLATE,Emplatado,General,480,2,0.95,912.0
2023-04-25,2023,WC_SARTEN,Sartén,Caliente,480,2,0.9,864.0
2023-04-25,2023,WC_PLANCHA,Plancha,Caliente,480,1,0.9,432.0
2023-04-25,2023,WC_HORNO,Horno,Caliente,480,1,0.92,441.6
2023-04-25,2023,WC_TABLA,Tabla,Fria,480,2,0.93,892.8
2023-04-25,2023,WC_EMPLATE,Emplatado,General,480,2,0.95,912.0
2023-04-26,2023,WC_SARTEN,Sartén,Caliente,480,2,0.9,864.0
2023-04-26,2023,WC_PLANCHA,Plancha,Caliente,480,1,0.9,432.0
2023-04-26,2023,WC_HORNO,Horno,Caliente,480,1,0.92,441.6
2023-04-26,2023,WC_TABLA,Tabla,Fria,480,2,0.93,892.8
2023-04-26,2023,WC_EMPLATE,Emplatado,General,480,2,0.95,912.0
2023-04-27,2023,WC_SARTEN,Sartén,Caliente,480,2,0.9,864.0
2023-04-27,2023,WC_PLANCHA,Plancha,Caliente,480,1,0.9,432.0
2023-04-27,2023,WC_HORNO,Horno,Caliente,480,1,0.92,441.6
2023-04-27,2023,WC_TABLA,Tabla,Fria,480,2,0.93,892.8
2023-04-27,2023,WC_EMPLATE,Emplatado,General,480,2,0.95,912.0
2023-04-28,2023,WC_SARTEN,Sartén,Caliente,480,2,0.9,864.0
2023-04-28,2023,WC_PLANCHA,Plancha,Caliente,480,1,0.9,432.0
2023-04-28,2023,WC_HORNO,Horno,Caliente,480,1,0.92,441.6
2023-04-28,2023,WC_TABLA,Tabla,Fria,480,2,0.93,892.8
2023-04-28,2023,WC_EMPLATE,Emplatado,General,480,2,0.95,912.0
2023-04-29,2023,WC_SARTEN,Sartén,Caliente,480,2,0.9,864.0
2023-04-29,2023,WC_PLANCHA,Plancha,Caliente,480,1,0.9,432.0
2023-04-29,2023,WC_HORNO,Horno,Caliente,480,1,0.92,441.6
2023-04-29,2023,WC_TABLA,Tabla,Fria,480,2,0.93,892.8
2023-04-29,2023,WC_EMPLATE,Emplatado,General,480,2,0.95,912.0
2023-04-30,2023,WC_SARTEN,Sartén,Caliente,480,2,0.9,864.0
2023-04-30,2023,WC_PLANCHA,Plancha,Caliente,480,1,0.9,432.0
2023-04-30,2023,WC_HORNO,Horno,Caliente,480,1,0.92,441.6
2023-04-30,2023,WC_TABLA,Tabla,Fria,480,2,0.93,892.8
2023-04-30,2023,WC_EMPLATE,Emplatado,General,480,2,0.95,912.0
2023-05-01,2023,WC_SARTEN,Sartén,Caliente,480,2,0.87,835.0
2023-05-01,2023,WC_PLANCHA,Plancha,Caliente,480,1,0.928,445.6
2023-05-01,2023,WC_HORNO,Horno,Caliente,480,1,0.935,448.9
2023-05-01,2023,WC_TABLA,Tabla,Fria,480,2,0.932,894.9
2023-05-01,2023,WC_EMPLATE,Emplatado,General,480,2,0.937,899.1
2023-05-02,2023,WC_SARTEN,Sartén,Caliente,480,2,0.9,864.0
2023-05-02,2023,WC_PLANCHA,Plancha,Caliente,480,1,0.9,432.0
2023-05-02,2023,WC_HORNO,Horno,Caliente,480,1,0.92,441.6
2023-05-02,2023,WC_TABLA,Tabla,Fria,480,2,0.93,892.8
2023-05-02,2023,WC_EMPLATE,Emplatado,General,480,2,0.95,912.0
2023-05-03,2023,WC_SARTEN,Sartén,Caliente,480,2,0.9,864.0
2023-05-03,2023,WC_PLANCHA,Plancha,Caliente,480,1,0.9,432.0
2023-05-03,2023,WC_HORNO,Horno,Caliente,480,1,0.92,441.6
2023-05-03,2023,WC_TABLA,Tabla,Fria,480,2,0.93,892.8
2023-05-03,2023,WC_EMPLATE,Emplatado,General,480,2,0.95,912.0
2023-05-04,2023,WC_SARTEN,Sartén,Caliente,480,2,0.9,864.0
2023-05-04,2023,WC_PLANCHA,Plancha,Caliente,480,1,0.9,432.0
2023-05-04,2023,WC_HORNO,Horno,Caliente,480,1,0.92,441.6
2023-05-04,2023,WC_TABLA,Tabla,Fria,480,2,0.93,892.8
2023-05-04,2023,WC_EMPLATE,Emplatado,General,480,2,0.95,912.0
2023-05-05,2023,WC_SARTEN,Sartén,Caliente,480,2,0.9,864.0
2023-05-05,2023,WC_PLANCHA,Plancha,Caliente,480,1,0.9,432.0
2023-05-05,2023,WC_HORNO,Horno,Caliente,480,1,0.92,441.6
2023-05-05,2023,WC_TABLA,Tabla,Fria,480,2,0.93,892.8
2023-05-05,2023,WC_EMPLATE,Emplatado,General,480,2,0.95,912.0
2023-05-06,2023,WC_SARTEN,Sartén,Caliente,480,2,0.9,864.0
2023-05-06,2023,WC_PLANCHA,Plancha,Caliente,480,1,0.9,432.0
2023-05-06,2023,WC_HORNO,Horno,Caliente,480,1,0.92,441.6
2023-05-06,2023,WC_TABLA,Tabla,Fria,480,2,0.93,892.8
2023-05-06,2023,WC_EMPLATE,Emplatado,General,480,2,0.95,912.0
2023-05-07,2023,WC_SARTEN,Sartén,Caliente,480,2,0.9,864.0
2023-05-07,2023,WC_PLANCHA,Plancha,Caliente,480,1,0.9,432.0
2023-05-07,2023,WC_HORNO,Horno,Caliente,480,1,0.92,441.6
2023-05-07,2023,WC_TABLA,Tabla,Fria,480,2,0.93,892.8
2023-05-07,2023,WC_EMPLATE,Emplatado,General,480,2,0.95,912.0
2023-05-08,2023,WC_SARTEN,Sartén,Caliente,480,2,0.9,864.0
2023-05-08,2023,WC_PLANCHA,Plancha,Caliente,480,1,0.9,432.0
2023-05-08,2023,WC_HORNO,Horno,Caliente,480,1,0.92,441.6
2023-05-08,2023,WC_TABLA,Tabla,Fria,480,2,0.93,892.8
2023-05-08,2023,WC_EMPLATE,Emplatado,General,480,2,0.95,912.0
2023-05-09,2023,WC_SARTEN,Sartén,Caliente,480,2,0.9,864.0
2023-05-09,2023,WC_PLANCHA,Plancha,Caliente,480,1,0.9,432.0
2023-05-09,2023,WC_HORNO,Horno,Caliente,480,1,0.92,441.6
2023-05-09,2023,WC_TABLA,Tabla,Fria,480,2,0.93,892.8
2023-05-09,2023,WC_EMPLATE,Emplatado,General,480,2,0.95,912.0
2023-05-10,2023,WC_SARTEN,Sartén,Caliente,480,2,0.9,864.0
2023-05-10,2023,WC_PLANCHA,Plancha,Caliente,480,1,0.9,432.0
2023-05-10,2023,WC_HORNO,Horno,Caliente,480,1,0.92,441.6
2023-05-10,2023,WC_TABLA,Tabla,Fria,480,2,0.93,892.8
2023-05-10,2023,WC_EMPLATE,Emplatado,General,480,2,0.95,912.0
2023-05-11,2023,WC_SARTEN,Sartén,Caliente,480,2,0.9,864.0
2023-05-11,2023,WC_PLANCHA,Plancha,Caliente,480,1,0.9,432.0
2023-05-11,2023,WC_HORNO,Horno,Caliente,480,1,0.92,441.6
2023-05-11,2023,WC_TABLA,Tabla,Fria,480,2,0.93,892.8
2023-05-11,2023,WC_EMPLATE,Emplatado,General,480,2,0.95,912.0
2023-05-12,2023,WC_SARTEN,Sartén,Caliente,480,2,0.9,864.0
2023-05-12,2023,WC_PLANCHA,Plancha,Caliente,480,1,0.9,432.0
2023-05-12,2023,WC_HORNO,Horno,Caliente,480,1,0.92,441.6
2023-05-12,2023,WC_TABLA,Tabla,Fria,480,2,0.93,892.8
2023-05-12,2023,WC_EMPLATE,Emplatado,General,480,2,0.95,912.0
2023-05-13,2023,WC_SARTEN,Sartén,Caliente,480,2,0.9,864.0
2023-05-13,2023,WC_PLANCHA,Plancha,Caliente,480,1,0.9,432.0
2023-05-13,2023,WC_HORNO,Horno,Caliente,480,1,0.92,441.6
2023-05-13,2023,WC_TABLA,Tabla,Fria,480,2,0.93,892.8
2023-05-13,2023,WC_EMPLATE,Emplatado,General,480,2,0.95,912.0
2023-05-14,2023,WC_SARTEN,Sartén,Caliente,480,2,0.9,864.0
2023-05-14,2023,WC_PLANCHA,Plancha,Caliente,480,1,0.9,432.0
2023-05-14,2023,WC_HORNO,Horno,Caliente,480,1,0.92,441.6
2023-05-14,2023,WC_TABLA,Tabla,Fria,480,2,0.93,892.8
2023-05-14,2023,WC_EMPLATE,Emplatado,General,480,2,0.95,912.0
2023-05-15,2023,WC_SARTEN,Sartén,Caliente,480,2,0.9,864.0
2023-05-15,2023,WC_PLANCHA,Plancha,Caliente,480,1,0.9,432.0
2023-05-15,2023,WC_HORNO,Horno,Caliente,480,1,0.92,441.6
2023-05-15,2023,WC_TABLA,Tabla,Fria,480,2,0.93,892.8
2023-05-15,2023,WC_EMPLATE,Emplatado,General,480,2,0.95,912.0
2023-05-16,2023,WC_SARTEN,Sartén,Caliente,480,2,0.9,864.0
2023-05-16,2023,WC_PLANCHA,Plancha,Caliente,480,1,0.9,432.0
2023-05-16,2023,WC_HORNO,Horno,Caliente,480,1,0.92,441.6
2023-05-16,2023,WC_TABLA,Tabla,Fria,480,2,0.93,892.8
2023-05-16,2023,WC_EMPLATE,Emplatado,General,480,2,0.95,912.0
2023-05-17,2023,WC_SARTEN,Sartén,Caliente,480,2,0.9,864.0
2023-05-17,2023,WC_PLANCHA,Plancha,Caliente,480,1,0.9,432.0
2023-05-17,2023,WC_HORNO,Horno,Caliente,480,1,0.92,441.6
2023-05-17,2023,WC_TABLA,Tabla,Fria,480,2,0.93,892.8
2023-05-17,2023,WC_EMPLATE,Emplatado,General,480,2,0.95,912.0
2023-05-18,2023,WC_SARTEN,Sartén,Caliente,480,2,0.9,864.0
2023-05-18,2023,WC_PLANCHA,Plancha,Caliente,480,1,0.9,432.0
2023-05-18,2023,WC_HORNO,Horno,Caliente,480,1,0.92,441.6
2023-05-18,2023,WC_TABLA,Tabla,Fria,480,2,0.93,892.8
2023-05-18,2023,WC_EMPLATE,Emplatado,General,480,2,0.95,912.0
2023-05-19,2023,WC_SARTEN,Sartén,Caliente,480,2,0.9,864.0
2023-05-19,2023,WC_PLANCHA,Plancha,Caliente,480,1,0.9,432.0
2023-05-19,2023,WC_HORNO,Horno,Caliente,480,1,0.92,441.6
2023-05-19,2023,WC_TABLA,Tabla,Fria,480,2,0.93,892.8
2023-05-19,2023,WC_EMPLATE,Emplatado,General,480,2,0.95,912.0
2023-05-20,2023,WC_SARTEN,Sartén,Caliente,480,2,0.9,864.0
2023-05-20,2023,WC_PLANCHA,Plancha,Caliente,480,1,0.9,432.0
2023-05-20,2023,WC_HORNO,Horno,Caliente,480,1,0.92,441.6
2023-05-20,2023,WC_TABLA,Tabla,Fria,480,2,0.93,892.8
2023-05-20,2023,WC_EMPLATE,Emplatado,General,480,2,0.95,912.0
2023-05-21,2023,WC_SARTEN,Sartén,Caliente,480,2,0.934,896.6
2023-05-21,2023,WC_PLANCHA,Plancha,Caliente,480,1,0.89,427.4
2023-05-21,2023,WC_HORNO,Horno,Caliente,480,1,0.949,455.6
2023-05-21,2023,WC_TABLA,Tabla,Fria,480,2,0.924,887.4
2023-05-21,2023,WC_EMPLATE,Emplatado,General,480,2,0.938,900.8
2023-05-22,2023,WC_SARTEN,Sartén,Caliente,480,2,0.9,864.0
2023-05-22,2023,WC_PLANCHA,Plancha,Caliente,480,1,0.9,432.0
2023-05-22,2023,WC_HORNO,Horno,Caliente,480,1,0.92,441.6
2023-05-22,2023,WC_TABLA,Tabla,Fria,480,2,0.93,892.8
2023-05-22,2023,WC_EMPLATE,Emplatado,General,480,2,0.95,912.0
2023-05-23,2023,WC_SARTEN,Sartén,Caliente,480,2,0.9,864.0
2023-05-23,2023,WC_PLANCHA,Plancha,Caliente,480,1,0.9,432.0
2023-05-23,2023,WC_HORNO,Horno,Caliente,480,1,0.92,441.6
2023-05-23,2023,WC_TABLA,Tabla,Fria,480,2,0.93,892.8
2023-05-23,2023,WC_EMPLATE,Emplatado,General,480,2,0.95,912.0
2023-05-24,2023,WC_SARTEN,Sartén,Caliente,480,2,0.9,864.0
2023-05-24,2023,WC_PLANCHA,Plancha,Caliente,480,1,0.9,432.0
2023-05-24,2023,WC_HORNO,Horno,Caliente,480,1,0.92,441.6
2023-05-24,2023,WC_TABLA,Tabla,Fria,480,2,0.93,892.8
2023-05-24,2023,WC_EMPLATE,Emplatado,General,480,2,0.95,912.0
2023-05-25,2023,WC_SARTEN,Sartén,Caliente,480,2,0.9,864.0
2023-05-25,2023,WC_PLANCHA,Plancha,Caliente,480,1,0.9,432.0
2023-05-25,2023,WC_HORNO,Horno,Caliente,480,1,0.92,441.6
2023-05-25,2023,WC_TABLA,Tabla,Fria,480,2,0.93,892.8
2023-05-25,2023,WC_EMPLATE,Emplatado,General,480,2,0.95,912.0
2023-05-26,2023,WC_SARTEN,Sartén,Caliente,480,2,0.9,864.0
2023-05-26,2023,WC_PLANCHA,Plancha,Caliente,480,1,0.9,432.0
2023-05-26,2023,WC_HORNO,Horno,Caliente,480,1,0.92,441.6
2023-05-26,2023,WC_TABLA,Tabla,Fria,480,2,0.93,892.8
2023-05-26,2023,WC_EMPLATE,Emplatado,General,480,2,0.95,912.0
2023-05-27,2023,WC_SARTEN,Sartén,Caliente,480,2,0.9,864.0
2023-05-27,2023,WC_PLANCHA,Plancha,Caliente,480,1,0.9,432.0
2023-05-27,2023,WC_HORNO,Horno,Caliente,480,1,0.92,441.6
2023-05-27,2023,WC_TABLA,Tabla,Fria,480,2,0.93,892.8
2023-05-27,2023,WC_EMPLATE,Emplatado,General,480,2,0.95,912.0
2023-05-28,2023,WC_SARTEN,Sartén,Caliente,480,2,0.9,864.0
2023-05-28,2023,WC_PLANCHA,Plancha,Caliente,480,1,0.9,432.0
2023-05-28,2023,WC_HORNO,Horno,Caliente,480,1,0.92,441.6
2023-05-28,2023,WC_TABLA,Tabla,Fria,480,2,0.93,892.8
2023-05-28,2023,WC_EMPLATE,Emplatado,General,480,2,0.95,912.0
2023-05-29,2023,WC_SARTEN,Sartén,Caliente,480,2,0.9,864.0
2023-05-29,2023,WC_PLANCHA,Plancha,Caliente,480,1,0.9,432.0
2023-05-29,2023,WC_HORNO,Horno,Caliente,480,1,0.92,441.6
2023-05-29,2023,WC_TABLA,Tabla,Fria,480,2,0.93,892.8
2023-05-29,2023,WC_EMPLATE,Emplatado,General,480,2,0.95,912.0
2023-05-30,2023,WC_SARTEN,Sartén,Caliente,480,2,0.9,864.0
2023-05-30,2023,WC_PLANCHA,Plancha,Caliente,480,1,0.9,432.0
2023-05-30,2023,WC_HORNO,Horno,Caliente,480,1,0.92,441.6
2023-05-30,2023,WC_TABLA,Tabla,Fria,480,2,0.93,892.8
2023-05-30,2023,WC_EMPLATE,Emplatado,General,480,2,0.95,912.0
2023-05-31,2023,WC_SARTEN,Sartén,Caliente,480,2,0.9,864.0
2023-05-31,2023,WC_PLANCHA,Plancha,Caliente,480,1,0.9,432.0
2023-05-31,2023,WC_HORNO,Horno,Caliente,480,1,0.92,441.6
2023-05-31,2023,WC_TABLA,Tabla,Fria,480,2,0.93,892.8
2023-05-31,2023,WC_EMPLATE,Emplatado,General,480,2,0.95,912.0
2023-06-01,2023,WC_SARTEN,Sartén,Caliente,480,2,0.9,864.0
2023-06-01,2023,WC_PLANCHA,Plancha,Caliente,480,1,0.9,432.0
2023-06-01,2023,WC_HORNO,Horno,Caliente,480,1,0.92,441.6
2023-06-01,2023,WC_TABLA,Tabla,Fria,480,2,0.93,892.8
2023-06-01,2023,WC_EMPLATE,Emplatado,General,480,2,0.95,912.0
2023-06-02,2023,WC_SARTEN,Sartén,Caliente,480,2,0.9,864.0
2023-06-02,2023,WC_PLANCHA,Plancha,Caliente,480,1,0.9,432.0
2023-06-02,2023,WC_HORNO,Horno,Caliente,480,1,0.92,441.6
2023-06-02,2023,WC_TABLA,Tabla,Fria,480,2,0.93,892.8
2023-06-02,2023,WC_EMPLATE,Emplatado,General,480,2,0.95,912.0
2023-06-03,2023,WC_SARTEN,Sartén,Caliente,480,2,0.9,864.0
2023-06-03,2023,WC_PLANCHA,Plancha,Caliente,480,1,0.9,432.0
2023-06-03,2023,WC_HORNO,Horno,Caliente,480,1,0.92,441.6
2023-06-03,2023,WC_TABLA,Tabla,Fria,480,2,0.93,892.8
2023-06-03,2023,WC_EMPLATE,Emplatado,General,480,2,0.95,912.0
2023-06-04,2023,WC_SARTEN,Sartén,Caliente,480,2,0.9,864.0
2023-06-04,2023,WC_PLANCHA,Plancha,Caliente,480,1,0.9,432.0
2023-06-04,2023,WC_HORNO,Horno,Caliente,480,1,0.92,441.6
2023-06-04,2023,WC_TABLA,Tabla,Fria,480,2,0.93,892.8
2023-06-04,2023,WC_EMPLATE,Emplatado,General,480,2,0.95,912.0
2023-06-05,2023,WC_SARTEN,Sartén,Caliente,480,2,0.9,864.0
2023-06-05,2023,WC_PLANCHA,Plancha,Caliente,480,1,0.9,432.0
2023-06-05,2023,WC_HORNO,Horno,Caliente,480,1,0.92,441.6
2023-06-05,2023,WC_TABLA,Tabla,Fria,480,2,0.93,892.8
2023-06-05,2023,WC_EMPLATE,Emplatado,General,480,2,0.95,912.0
2023-06-06,2023,WC_SARTEN,Sartén,Caliente,480,2,0.9,864.0
2023-06-06,2023,WC_PLANCHA,Plancha,Caliente,480,1,0.9,432.0
2023-06-06,2023,WC_HORNO,Horno,Caliente,480,1,0.92,441.6
2023-06-06,2023,WC_TABLA,Tabla,Fria,480,2,0.93,892.8
2023-06-06,2023,WC_EMPLATE,Emplatado,General,480,2,0.95,912.0
2023-06-07,2023,WC_SARTEN,Sartén,Caliente,480,2,0.9,864.0
2023-06-07,2023,WC_PLANCHA,Plancha,Caliente,480,1,0.9,432.0
2023-06-07,2023,WC_HORNO,Horno,Caliente,480,1,0.92,441.6
2023-06-07,2023,WC_TABLA,Tabla,Fria,480,2,0.93,892.8
2023-06-07,2023,WC_EMPLATE,Emplatado,General,480,2,0.95,912.0
2023-06-08,2023,WC_SARTEN,Sartén,Caliente,480,2,0.9,864.0
2023-06-08,2023,WC_PLANCHA,Plancha,Caliente,480,1,0.9,432.0
2023-06-08,2023,WC_HORNO,Horno,Caliente,480,1,0.92,441.6
2023-06-08,2023,WC_TABLA,Tabla,Fria,480,2,0.93,892.8
2023-06-08,2023,WC_EMPLATE,Emplatado,General,480,2,0.95,912.0
2023-06-09,2023,WC_SARTEN,Sartén,Caliente,480,2,0.9,864.0
2023-06-09,2023,WC_PLANCHA,Plancha,Caliente,480,1,0.9,432.0
2023-06-09,2023,WC_HORNO,Horno,Caliente,480,1,0.92,441.6
2023-06-09,2023,WC_TABLA,Tabla,Fria,480,2,0.93,892.8
2023-06-09,2023,WC_EMPLATE,Emplatado,General,480,2,0.95,912.0
2023-06-10,2023,WC_SARTEN,Sartén,Caliente,480,2,0.9,864.0
2023-06-10,2023,WC_PLANCHA,Plancha,Caliente,480,1,0.9,432.0
2023-06-10,2023,WC_HORNO,Horno,Caliente,480,1,0.92,441.6
2023-06-10,2023,WC_TABLA,Tabla,Fria,480,2,0.93,892.8
2023-06-10,2023,WC_EMPLATE,Emplatado,General,480,2,0.95,912.0
2023-06-11,2023,WC_SARTEN,Sartén,Caliente,480,2,0.9,864.0
2023-06-11,2023,WC_PLANCHA,Plancha,Caliente,480,1,0.9,432.0
2023-06-11,2023,WC_HORNO,Horno,Caliente,480,1,0.92,441.6
2023-06-11,2023,WC_TABLA,Tabla,Fria,480,2,0.93,892.8
2023-06-11,2023,WC_EMPLATE,Emplatado,General,480,2,0.95,912.0
2023-06-12,2023,WC_SARTEN,Sartén,Caliente,480,2,0.9,864.0
2023-06-12,2023,WC_PLANCHA,Plancha,Caliente,480,1,0.9,432.0
2023-06-12,2023,WC_HORNO,Horno,Caliente,480,1,0.92,441.6
2023-06-12,2023,WC_TABLA,Tabla,Fria,480,2,0.93,892.8
2023-06-12,2023,WC_EMPLATE,Emplatado,General,480,2,0.95,912.0
2023-06-13,2023,WC_SARTEN,Sartén,Caliente,480,2,0.9,864.0
2023-06-13,2023,WC_PLANCHA,Plancha,Caliente,480,1,0.9,432.0
2023-06-13,2023,WC_HORNO,Horno,Caliente,480,1,0.92,441.6
2023-06-13,2023,WC_TABLA,Tabla,Fria,480,2,0.93,892.8
2023-06-13,2023,WC_EMPLATE,Emplatado,General,480,2,0.95,912.0
2023-06-14,2023,WC_SARTEN,Sartén,Caliente,480,2,0.9,864.0
2023-06-14,2023,WC_PLANCHA,Plancha,Caliente,480,1,0.9,432.0
2023-06-14,2023,WC_HORNO,Horno,Caliente,480,1,0.92,441.6
2023-06-14,2023,WC_TABLA,Tabla,Fria,480,2,0.93,892.8
2023-06-14,2023,WC_EMPLATE,Emplatado,General,480,2,0.95,912.0
2023-06-15,2023,WC_SARTEN,Sartén,Caliente,480,2,0.9,864.0
2023-06-15,2023,WC_PLANCHA,Plancha,Caliente,480,1,0.9,432.0
2023-06-15,2023,WC_HORNO,Horno,Caliente,480,1,0.92,441.6
2023-06-15,2023,WC_TABLA,Tabla,Fria,480,2,0.93,892.8
2023-06-15,2023,WC_EMPLATE,Emplatado,General,480,2,0.95,912.0
2023-06-16,2023,WC_SARTEN,Sartén,Caliente,480,2,0.9,864.0
2023-06-16,2023,WC_PLANCHA,Plancha,Caliente,480,1,0.9,432.0
2023-06-16,2023,WC_HORNO,Horno,Caliente,480,1,0.92,441.6
2023-06-16,2023,WC_TABLA,Tabla,Fria,480,2,0.93,892.8
2023-06-16,2023,WC_EMPLATE,Emplatado,General,480,2,0.95,912.0
2023-06-17,2023,WC_SARTEN,Sartén,Caliente,480,2,0.9,864.0
2023-06-17,2023,WC_PLANCHA,Plancha,Caliente,480,1,0.9,432.0
2023-06-17,2023,WC_HORNO,Horno,Caliente,480,1,0.92,441.6
2023-06-17,2023,WC_TABLA,Tabla,Fria,480,2,0.93,892.8
2023-06-17,2023,WC_EMPLATE,Emplatado,General,480,2,0.95,912.0
2023-06-18,2023,WC_SARTEN,Sartén,Caliente,480,2,0.9,864.0
2023-06-18,2023,WC_PLANCHA,Plancha,Caliente,480,1,0.9,432.0
2023-06-18,2023,WC_HORNO,Horno,Caliente,480,1,0.92,441.6
2023-06-18,2023,WC_TABLA,Tabla,Fria,480,2,0.93,892.8
2023-06-18,2023,WC_EMPLATE,Emplatado,General,480,2,0.95,912.0
2023-06-19,2023,WC_SARTEN,Sartén,Caliente,480,2,0.9,864.0
2023-06-19,2023,WC_PLANCHA,Plancha,Caliente,480,1,0.9,432.0
2023-06-19,2023,WC_HORNO,Horno,Caliente,480,1,0.92,441.6
2023-06-19,2023,WC_TABLA,Tabla,Fria,480,2,0.93,892.8
2023-06-19,2023,WC_EMPLATE,Emplatado,General,480,2,0.95,912.0
2023-06-20,2023,WC_SARTEN,Sartén,Caliente,480,2,0.9,864.0
2023-06-20,2023,WC_PLANCHA,Plancha,Caliente,480,1,0.9,432.0
2023-06-20,2023,WC_HORNO,Horno,Caliente,480,1,0.92,441.6
2023-06-20,2023,WC_TABLA,Tabla,Fria,480,2,0.93,892.8
2023-06-20,2023,WC_EMPLATE,Emplatado,General,480,2,0.95,912.0
2023-06-21,2023,WC_SARTEN,Sartén,Caliente,480,2,0.9,864.0
2023-06-21,2023,WC_PLANCHA,Plancha,Caliente,480,1,0.9,432.0
2023-06-21,2023,WC_HORNO,Horno,Caliente,480,1,0.92,441.6
2023-06-21,2023,WC_TABLA,Tabla,Fria,480,2,0.93,892.8
2023-06-21,2023,WC_EMPLATE,Emplatado,General,480,2,0.95,912.0
2023-06-22,2023,WC_SARTEN,Sartén,Caliente,480,2,0.9,864.0
2023-06-22,2023,WC_PLANCHA,Plancha,Caliente,480,1,0.9,432.0
2023-06-22,2023,WC_HORNO,Horno,Caliente,480,1,0.92,441.6
2023-06-22,2023,WC_TABLA,Tabla,Fria,480,2,0.93,892.8
2023-06-22,2023,WC_EMPLATE,Emplatado,General,480,2,0.95,912.0
2023-06-23,2023,WC_SARTEN,Sartén,Caliente,480,2,0.9,864.0
2023-06-23,2023,WC_PLANCHA,Plancha,Caliente,480,1,0.9,432.0
2023-06-23,2023,WC_HORNO,Horno,Caliente,480,1,0.92,441.6
2023-06-23,2023,WC_TABLA,Tabla,Fria,480,2,0.93,892.8
2023-06-23,2023,WC_EMPLATE,Emplatado,General,480,2,0.95,912.0
2023-06-24,2023,WC_SARTEN,Sartén,Caliente,480,2,0.9,864.0
2023-06-24,2023,WC_PLANCHA,Plancha,Caliente,480,1,0.9,432.0
2023-06-24,2023,WC_HORNO,Horno,Caliente,480,1,0.92,441.6
2023-06-24,2023,WC_TABLA,Tabla,Fria,480,2,0.93,892.8
2023-06-24,2023,WC_EMPLATE,Emplatado,General,480,2,0.95,912.0
2023-06-25,2023,WC_SARTEN,Sartén,Caliente,480,2,0.9,864.0
2023-06-25,2023,WC_PLANCHA,Plancha,Caliente,480,1,0.9,432.0
2023-06-25,2023,WC_HORNO,Horno,Caliente,480,1,0.92,441.6
2023-06-25,2023,WC_TABLA,Tabla,Fria,480,2,0.93,892.8
2023-06-25,2023,WC_EMPLATE,Emplatado,General,480,2,0.95,912.0
2023-06-26,2023,WC_SARTEN,Sartén,Caliente,480,2,0.9,864.0
2023-06-26,2023,WC_PLANCHA,Plancha,Caliente,480,1,0.9,432.0
2023-06-26,2023,WC_HORNO,Horno,Caliente,480,1,0.92,441.6
2023-06-26,2023,WC_TABLA,Tabla,Fria,480,2,0.93,892.8
2023-06-26,2023,WC_EMPLATE,Emplatado,General,480,2,0.95,912.0
2023-06-27,2023,WC_SARTEN,Sartén,Caliente,480,2,0.9,864.0
2023-06-27,2023,WC_PLANCHA,Plancha,Caliente,480,1,0.9,432.0
2023-06-27,2023,WC_HORNO,Horno,Caliente,480,1,0.92,441.6
2023-06-27,2023,WC_TABLA,Tabla,Fria,480,2,0.93,892.8
2023-06-27,2023,WC_EMPLATE,Emplatado,General,480,2,0.95,912.0
2023-06-28,2023,WC_SARTEN,Sartén,Caliente,480,2,0.9,864.0
2023-06-28,2023,WC_PLANCHA,Plancha,Caliente,480,1,0.9,432.0
2023-06-28,2023,WC_HORNO,Horno,Caliente,480,1,0.92,441.6
2023-06-28,2023,WC_TABLA,Tabla,Fria,480,2,0.93,892.8
2023-06-28,2023,WC_EMPLATE,Emplatado,General,480,2,0.95,912.0
2023-06-29,2023,WC_SARTEN,Sartén,Caliente,480,2,0.897,860.8
2023-06-29,2023,WC_PLANCHA,Plancha,Caliente,480,1,0.882,423.4
2023-06-29,2023,WC_HORNO,Horno,Caliente,480,1,0.943,452.5
2023-06-29,2023,WC_TABLA,Tabla,Fria,480,2,0.93,893.0
2023-06-29,2023,WC_EMPLATE,Emplatado,General,480,2,0.925,887.6
2023-06-30,2023,WC_SARTEN,Sartén,Caliente,480,2,0.9,864.0
2023-06-30,2023,WC_PLANCHA,Plancha,Caliente,480,1,0.9,432.0
2023-06-30,2023,WC_HORNO,Horno,Caliente,480,1,0.92,441.6
2023-06-30,2023,WC_TABLA,Tabla,Fria,480,2,0.93,892.8
2023-06-30,2023,WC_EMPLATE,Emplatado,General,480,2,0.95,912.0
2023-07-01,2023,WC_SARTEN,Sartén,Caliente,480,2,0.9,864.0
2023-07-01,2023,WC_PLANCHA,Plancha,Caliente,480,1,0.9,432.0
2023-07-01,2023,WC_HORNO,Horno,Caliente,480,1,0.92,441.6
2023-07-01,2023,WC_TABLA,Tabla,Fria,480,2,0.93,892.8
2023-07-01,2023,WC_EMPLATE,Emplatado,General,480,2,0.95,912.0
2023-07-02,2023,WC_SARTEN,Sartén,Caliente,480,2,0.9,864.0
2023-07-02,2023,WC_PLANCHA,Plancha,Caliente,480,1,0.9,432.0
2023-07-02,2023,WC_HORNO,Horno,Caliente,480,1,0.92,441.6
2023-07-02,2023,WC_TABLA,Tabla,Fria,480,2,0.93,892.8
2023-07-02,2023,WC_EMPLATE,Emplatado,General,480,2,0.95,912.0
2023-07-03,2023,WC_SARTEN,Sartén,Caliente,480,2,0.9,864.0
2023-07-03,2023,WC_PLANCHA,Plancha,Caliente,480,1,0.9,432.0
2023-07-03,2023,WC_HORNO,Horno,Caliente,480,1,0.92,441.6
2023-07-03,2023,WC_TABLA,Tabla,Fria,480,2,0.93,892.8
2023-07-03,2023,WC_EMPLATE,Emplatado,General,480,2,0.95,912.0
2023-07-04,2023,WC_SARTEN,Sartén,Caliente,480,2,0.9,864.0
2023-07-04,2023,WC_PLANCHA,Plancha,Caliente,480,1,0.9,432.0
2023-07-04,2023,WC_HORNO,Horno,Caliente,480,1,0.92,441.6
2023-07-04,2023,WC_TABLA,Tabla,Fria,480,2,0.93,892.8
2023-07-04,2023,WC_EMPLATE,Emplatado,General,480,2,0.95,912.0
2023-07-05,2023,WC_SARTEN,Sartén,Caliente,480,2,0.9,864.0
2023-07-05,2023,WC_PLANCHA,Plancha,Caliente,480,1,0.9,432.0
2023-07-05,2023,WC_HORNO,Horno,Caliente,480,1,0.92,441.6
2023-07-05,2023,WC_TABLA,Tabla,Fria,480,2,0.93,892.8
2023-07-05,2023,WC_EMPLATE,Emplatado,General,480,2,0.95,912.0
2023-07-06,2023,WC_SARTEN,Sartén,Caliente,480,2,0.9,864.0
2023-07-06,2023,WC_PLANCHA,Plancha,Caliente,480,1,0.9,432.0
2023-07-06,2023,WC_HORNO,Horno,Caliente,480,1,0.92,441.6
2023-07-06,2023,WC_TABLA,Tabla,Fria,480,2,0.93,892.8
2023-07-06,2023,WC_EMPLATE,Emplatado,General,480,2,0.95,912.0
2023-07-07,2023,WC_SARTEN,Sartén,Caliente,480,2,0.9,864.0
2023-07-07,2023,WC_PLANCHA,Plancha,Caliente,480,1,0.9,432.0
2023-07-07,2023,WC_HORNO,Horno,Caliente,480,1,0.92,441.6
2023-07-07,2023,WC_TABLA,Tabla,Fria,480,2,0.93,892.8
2023-07-07,2023,WC_EMPLATE,Emplatado,General,480,2,0.95,912.0
2023-07-08,2023,WC_SARTEN,Sartén,Caliente,480,2,0.9,864.0
2023-07-08,2023,WC_PLANCHA,Plancha,Caliente,480,1,0.9,432.0
2023-07-08,2023,WC_HORNO,Horno,Caliente,480,1,0.92,441.6
2023-07-08,2023,WC_TABLA,Tabla,Fria,480,2,0.93,892.8
2023-07-08,2023,WC_EMPLATE,Emplatado,General,480,2,0.95,912.0
2023-07-09,2023,WC_SARTEN,Sartén,Caliente,480,2,0.9,864.0
2023-07-09,2023,WC_PLANCHA,Plancha,Caliente,480,1,0.9,432.0
2023-07-09,2023,WC_HORNO,Horno,Caliente,480,1,0.92,441.6
2023-07-09,2023,WC_TABLA,Tabla,Fria,480,2,0.93,892.8
2023-07-09,2023,WC_EMPLATE,Emplatado,General,480,2,0.95,912.0
2023-07-10,2023,WC_SARTEN,Sartén,Caliente,480,2,0.9,864.0
2023-07-10,2023,WC_PLANCHA,Plancha,Caliente,480,1,0.9,432.0
2023-07-10,2023,WC_HORNO,Horno,Caliente,480,1,0.92,441.6
2023-07-10,2023,WC_TABLA,Tabla,Fria,480,2,0.93,892.8
2023-07-10,2023,WC_EMPLATE,Emplatado,General,480,2,0.95,912.0
2023-07-11,2023,WC_SARTEN,Sartén,Caliente,480,2,0.9,864.0
2023-07-11,2023,WC_PLANCHA,Plancha,Caliente,480,1,0.9,432.0
2023-07-11,2023,WC_HORNO,Horno,Caliente,480,1,0.92,441.6
2023-07-11,2023,WC_TABLA,Tabla,Fria,480,2,0.93,892.8
2023-07-11,2023,WC_EMPLATE,Emplatado,General,480,2,0.95,912.0
2023-07-12,2023,WC_SARTEN,Sartén,Caliente,480,2,0.9,864.0
2023-07-12,2023,WC_PLANCHA,Plancha,Caliente,480,1,0.9,432.0
2023-07-12,2023,WC_HORNO,Horno,Caliente,480,1,0.92,441.6
2023-07-12,2023,WC_TABLA,Tabla,Fria,480,2,0.93,892.8
2023-07-12,2023,WC_EMPLATE,Emplatado,General,480,2,0.95,912.0
2023-07-13,2023,WC_SARTEN,Sartén,Caliente,480,2,0.9,864.0
2023-07-13,2023,WC_PLANCHA,Plancha,Caliente,480,1,0.9,432.0
2023-07-13,2023,WC_HORNO,Horno,Caliente,480,1,0.92,441.6
2023-07-13,2023,WC_TABLA,Tabla,Fria,480,2,0.93,892.8
2023-07-13,2023,WC_EMPLATE,Emplatado,General,480,2,0.95,912.0
2023-07-14,2023,WC_SARTEN,Sartén,Caliente,480,2,0.9,864.0
2023-07-14,2023,WC_PLANCHA,Plancha,Caliente,480,1,0.9,432.0
2023-07-14,2023,WC_HORNO,Horno,Caliente,480,1,0.92,441.6
2023-07-14,2023,WC_TABLA,Tabla,Fria,480,2,0.93,892.8
2023-07-14,2023,WC_EMPLATE,Emplatado,General,480,2,0.95,912.0
2023-07-15,2023,WC_SARTEN,Sartén,Caliente,480,2,0.9,864.0
2023-07-15,2023,WC_PLANCHA,Plancha,Caliente,480,1,0.9,432.0
2023-07-15,2023,WC_HORNO,Horno,Caliente,480,1,0.92,441.6
2023-07-15,2023,WC_TABLA,Tabla,Fria,480,2,0.93,892.8
2023-07-15,2023,WC_EMPLATE,Emplatado,General,480,2,0.95,912.0
2023-07-16,2023,WC_SARTEN,Sartén,Caliente,480,2,0.9,864.0
2023-07-16,2023,WC_PLANCHA,Plancha,Caliente,480,1,0.9,432.0
2023-07-16,2023,WC_HORNO,Horno,Caliente,480,1,0.92,441.6
2023-07-16,2023,WC_TABLA,Tabla,Fria,480,2,0.93,892.8
2023-07-16,2023,WC_EMPLATE,Emplatado,General,480,2,0.95,912.0
2023-07-17,2023,WC_SARTEN,Sartén,Caliente,480,2,0.9,864.0
2023-07-17,2023,WC_PLANCHA,Plancha,Caliente,480,1,0.9,432.0
2023-07-17,2023,WC_HORNO,Horno,Caliente,480,1,0.92,441.6
2023-07-17,2023,WC_TABLA,Tabla,Fria,480,2,0.93,892.8
2023-07-17,2023,WC_EMPLATE,Emplatado,General,480,2,0.95,912.0
2023-07-18,2023,WC_SARTEN,Sartén,Caliente,480,2,0.9,864.0
2023-07-18,2023,WC_PLANCHA,Plancha,Caliente,480,1,0.9,432.0
2023-07-18,2023,WC_HORNO,Horno,Caliente,480,1,0.92,441.6
2023-07-18,2023,WC_TABLA,Tabla,Fria,480,2,0.93,892.8
2023-07-18,2023,WC_EMPLATE,Emplatado,General,480,2,0.95,912.0
2023-07-19,2023,WC_SARTEN,Sartén,Caliente,480,2,0.9,864.0
2023-07-19,2023,WC_PLANCHA,Plancha,Caliente,480,1,0.9,432.0
2023-07-19,2023,WC_HORNO,Horno,Caliente,480,1,0.92,441.6
2023-07-19,2023,WC_TABLA,Tabla,Fria,480,2,0.93,892.8
2023-07-19,2023,WC_EMPLATE,Emplatado,General,480,2,0.95,912.0
2023-07-20,2023,WC_SARTEN,Sartén,Caliente,480,2,0.9,864.0
2023-07-20,2023,WC_PLANCHA,Plancha,Caliente,480,1,0.9,432.0
2023-07-20,2023,WC_HORNO,Horno,Caliente,480,1,0.92,441.6
2023-07-20,2023,WC_TABLA,Tabla,Fria,480,2,0.93,892.8
2023-07-20,2023,WC_EMPLATE,Emplatado,General,480,2,0.95,912.0
2023-07-21,2023,WC_SARTEN,Sartén,Caliente,480,2,0.9,864.0
2023-07-21,2023,WC_PLANCHA,Plancha,Caliente,480,1,0.9,432.0
2023-07-21,2023,WC_HORNO,Horno,Caliente,480,1,0.92,441.6
2023-07-21,2023,WC_TABLA,Tabla,Fria,480,2,0.93,892.8
2023-07-21,2023,WC_EMPLATE,Emplatado,General,480,2,0.95,912.0
2023-07-22,2023,WC_SARTEN,Sartén,Caliente,480,2,0.9,864.0
2023-07-22,2023,WC_PLANCHA,Plancha,Caliente,480,1,0.9,432.0
2023-07-22,2023,WC_HORNO,Horno,Caliente,480,1,0.92,441.6
2023-07-22,2023,WC_TABLA,Tabla,Fria,480,2,0.93,892.8
2023-07-22,2023,WC_EMPLATE,Emplatado,General,480,2,0.95,912.0
2023-07-23,2023,WC_SARTEN,Sartén,Caliente,480,2,0.9,864.0
2023-07-23,2023,WC_PLANCHA,Plancha,Caliente,480,1,0.9,432.0
2023-07-23,2023,WC_HORNO,Horno,Caliente,480,1,0.92,441.6
2023-07-23,2023,WC_TABLA,Tabla,Fria,480,2,0.93,892.8
2023-07-23,2023,WC_EMPLATE,Emplatado,General,480,2,0.95,912.0
2023-07-24,2023,WC_SARTEN,Sartén,Caliente,480,2,0.9,864.0
2023-07-24,2023,WC_PLANCHA,Plancha,Caliente,480,1,0.9,432.0
2023-07-24,2023,WC_HORNO,Horno,Caliente,480,1,0.92,441.6
2023-07-24,2023,WC_TABLA,Tabla,Fria,480,2,0.93,892.8
2023-07-24,2023,WC_EMPLATE,Emplatado,General,480,2,0.95,912.0
2023-07-25,2023,WC_SARTEN,Sartén,Caliente,480,2,0.9,864.0
2023-07-25,2023,WC_PLANCHA,Plancha,Caliente,480,1,0.9,432.0
2023-07-25,2023,WC_HORNO,Horno,Caliente,480,1,0.92,441.6
2023-07-25,2023,WC_TABLA,Tabla,Fria,480,2,0.93,892.8
2023-07-25,2023,WC_EMPLATE,Emplatado,General,480,2,0.95,912.0
2023-07-26,2023,WC_SARTEN,Sartén,Caliente,480,2,0.9,864.0
2023-07-26,2023,WC_PLANCHA,Plancha,Caliente,480,1,0.9,432.0
2023-07-26,2023,WC_HORNO,Horno,Caliente,480,1,0.92,441.6
2023-07-26,2023,WC_TABLA,Tabla,Fria,480,2,0.93,892.8
2023-07-26,2023,WC_EMPLATE,Emplatado,General,480,2,0.95,912.0
2023-07-27,2023,WC_SARTEN,Sartén,Caliente,480,2,0.9,864.0
2023-07-27,2023,WC_PLANCHA,Plancha,Caliente,480,1,0.9,432.0
2023-07-27,2023,WC_HORNO,Horno,Caliente,480,1,0.92,441.6
2023-07-27,2023,WC_TABLA,Tabla,Fria,480,2,0.93,892.8
2023-07-27,2023,WC_EMPLATE,Emplatado,General,480,2,0.95,912.0
2023-07-28,2023,WC_SARTEN,Sartén,Caliente,480,2,0.936,898.5
2023-07-28,2023,WC_PLANCHA,Plancha,Caliente,480,1,0.89,427.0
2023-07-28,2023,WC_HORNO,Horno,Caliente,480,1,0.924,443.5
2023-07-28,2023,WC_TABLA,Tabla,Fria,480,2,0.968,929.1
2023-07-28,2023,WC_EMPLATE,Emplatado,General,480,2,0.962,923.3
2023-07-29,2023,WC_SARTEN,Sartén,Caliente,480,2,0.866,830.9
2023-07-29,2023,WC_PLANCHA,Plancha,Caliente,480,1,0.94,451.0
2023-07-29,2023,WC_HORNO,Horno,Caliente,480,1,0.932,447.2
2023-07-29,2023,WC_TABLA,Tabla,Fria,480,2,0.915,878.1
2023-07-29,2023,WC_EMPLATE,Emplatado,General,480,2,0.916,879.1
2023-07-30,2023,WC_SARTEN,Sartén,Caliente,480,2,0.9,864.0
2023-07-30,2023,WC_PLANCHA,Plancha,Caliente,480,1,0.9,432.0
2023-07-30,2023,WC_HORNO,Horno,Caliente,480,1,0.92,441.6
2023-07-30,2023,WC_TABLA,Tabla,Fria,480,2,0.93,892.8
2023-07-30,2023,WC_EMPLATE,Emplatado,General,480,2,0.95,912.0
2023-07-31,2023,WC_SARTEN,Sartén,Caliente,480,2,0.9,864.0
2023-07-31,2023,WC_PLANCHA,Plancha,Caliente,480,1,0.9,432.0
2023-07-31,2023,WC_HORNO,Horno,Caliente,480,1,0.92,441.6
2023-07-31,2023,WC_TABLA,Tabla,Fria,480,2,0.93,892.8
2023-07-31,2023,WC_EMPLATE,Emplatado,General,480,2,0.95,912.0
2023-08-01,2023,WC_SARTEN,Sartén,Caliente,480,2,0.9,864.0
2023-08-01,2023,WC_PLANCHA,Plancha,Caliente,480,1,0.9,432.0
2023-08-01,2023,WC_HORNO,Horno,Caliente,480,1,0.92,441.6
2023-08-01,2023,WC_TABLA,Tabla,Fria,480,2,0.93,892.8
2023-08-01,2023,WC_EMPLATE,Emplatado,General,480,2,0.95,912.0
2023-08-02,2023,WC_SARTEN,Sartén,Caliente,480,2,0.9,864.0
2023-08-02,2023,WC_PLANCHA,Plancha,Caliente,480,1,0.9,432.0
2023-08-02,2023,WC_HORNO,Horno,Caliente,480,1,0.92,441.6
2023-08-02,2023,WC_TABLA,Tabla,Fria,480,2,0.93,892.8
2023-08-02,2023,WC_EMPLATE,Emplatado,General,480,2,0.95,912.0
2023-08-03,2023,WC_SARTEN,Sartén,Caliente,480,2,0.9,864.0
2023-08-03,2023,WC_PLANCHA,Plancha,Caliente,480,1,0.9,432.0
2023-08-03,2023,WC_HORNO,Horno,Caliente,480,1,0.92,441.6
2023-08-03,2023,WC_TABLA,Tabla,Fria,480,2,0.93,892.8
2023-08-03,2023,WC_EMPLATE,Emplatado,General,480,2,0.95,912.0
2023-08-04,2023,WC_SARTEN,Sartén,Caliente,480,2,0.9,864.0
2023-08-04,2023,WC_PLANCHA,Plancha,Caliente,480,1,0.9,432.0
2023-08-04,2023,WC_HORNO,Horno,Caliente,480,1,0.92,441.6
2023-08-04,2023,WC_TABLA,Tabla,Fria,480,2,0.93,892.8
2023-08-04,2023,WC_EMPLATE,Emplatado,General,480,2,0.95,912.0
2023-08-05,2023,WC_SARTEN,Sartén,Caliente,480,2,0.9,864.0
2023-08-05,2023,WC_PLANCHA,Plancha,Caliente,480,1,0.9,432.0
2023-08-05,2023,WC_HORNO,Horno,Caliente,480,1,0.92,441.6
2023-08-05,2023,WC_TABLA,Tabla,Fria,480,2,0.93,892.8
2023-08-05,2023,WC_EMPLATE,Emplatado,General,480,2,0.95,912.0
2023-08-06,2023,WC_SARTEN,Sartén,Caliente,480,2,0.9,864.0
2023-08-06,2023,WC_PLANCHA,Plancha,Caliente,480,1,0.9,432.0
2023-08-06,2023,WC_HORNO,Horno,Caliente,480,1,0.92,441.6
2023-08-06,2023,WC_TABLA,Tabla,Fria,480,2,0.93,892.8
2023-08-06,2023,WC_EMPLATE,Emplatado,General,480,2,0.95,912.0
2023-08-07,2023,WC_SARTEN,Sartén,Caliente,480,2,0.9,864.0
2023-08-07,2023,WC_PLANCHA,Plancha,Caliente,480,1,0.9,432.0
2023-08-07,2023,WC_HORNO,Horno,Caliente,480,1,0.92,441.6
2023-08-07,2023,WC_TABLA,Tabla,Fria,480,2,0.93,892.8
2023-08-07,2023,WC_EMPLATE,Emplatado,General,480,2,0.95,912.0
2023-08-08,2023,WC_SARTEN,Sartén,Caliente,480,2,0.9,864.0
2023-08-08,2023,WC_PLANCHA,Plancha,Caliente,480,1,0.9,432.0
2023-08-08,2023,WC_HORNO,Horno,Caliente,480,1,0.92,441.6
2023-08-08,2023,WC_TABLA,Tabla,Fria,480,2,0.93,892.8
2023-08-08,2023,WC_EMPLATE,Emplatado,General,480,2,0.95,912.0
2023-08-09,2023,WC_SARTEN,Sartén,Caliente,480,2,0.9,864.0
2023-08-09,2023,WC_PLANCHA,Plancha,Caliente,480,1,0.9,432.0
2023-08-09,2023,WC_HORNO,Horno,Caliente,480,1,0.92,441.6
2023-08-09,2023,WC_TABLA,Tabla,Fria,480,2,0.93,892.8
2023-08-09,2023,WC_EMPLATE,Emplatado,General,480,2,0.95,912.0
2023-08-10,2023,WC_SARTEN,Sartén,Caliente,480,2,0.9,864.0
2023-08-10,2023,WC_PLANCHA,Plancha,Caliente,480,1,0.9,432.0
2023-08-10,2023,WC_HORNO,Horno,Caliente,480,1,0.92,441.6
2023-08-10,2023,WC_TABLA,Tabla,Fria,480,2,0.93,892.8
2023-08-10,2023,WC_EMPLATE,Emplatado,General,480,2,0.95,912.0
2023-08-11,2023,WC_SARTEN,Sartén,Caliente,480,2,0.9,864.0
2023-08-11,2023,WC_PLANCHA,Plancha,Caliente,480,1,0.9,432.0
2023-08-11,2023,WC_HORNO,Horno,Caliente,480,1,0.92,441.6
2023-08-11,2023,WC_TABLA,Tabla,Fria,480,2,0.93,892.8
2023-08-11,2023,WC_EMPLATE,Emplatado,General,480,2,0.95,912.0
2023-08-12,2023,WC_SARTEN,Sartén,Caliente,480,2,0.9,864.0
2023-08-12,2023,WC_PLANCHA,Plancha,Caliente,480,1,0.9,432.0
2023-08-12,2023,WC_HORNO,Horno,Caliente,480,1,0.92,441.6
2023-08-12,2023,WC_TABLA,Tabla,Fria,480,2,0.93,892.8
2023-08-12,2023,WC_EMPLATE,Emplatado,General,480,2,0.95,912.0
2023-08-13,2023,WC_SARTEN,Sartén,Caliente,480,2,0.9,864.0
2023-08-13,2023,WC_PLANCHA,Plancha,Caliente,480,1,0.9,432.0
2023-08-13,2023,WC_HORNO,Horno,Caliente,480,1,0.92,441.6
2023-08-13,2023,WC_TABLA,Tabla,Fria,480,2,0.93,892.8
2023-08-13,2023,WC_EMPLATE,Emplatado,General,480,2,0.95,912.0
2023-08-14,2023,WC_SARTEN,Sartén,Caliente,480,2,0.9,864.0
2023-08-14,2023,WC_PLANCHA,Plancha,Caliente,480,1,0.9,432.0
2023-08-14,2023,WC_HORNO,Horno,Caliente,480,1,0.92,441.6
2023-08-14,2023,WC_TABLA,Tabla,Fria,480,2,0.93,892.8
2023-08-14,2023,WC_EMPLATE,Emplatado,General,480,2,0.95,912.0
2023-08-15,2023,WC_SARTEN,Sartén,Caliente,480,2,0.9,864.0
2023-08-15,2023,WC_PLANCHA,Plancha,Caliente,480,1,0.9,432.0
2023-08-15,2023,WC_HORNO,Horno,Caliente,480,1,0.92,441.6
2023-08-15,2023,WC_TABLA,Tabla,Fria,480,2,0.93,892.8
2023-08-15,2023,WC_EMPLATE,Emplatado,General,480,2,0.95,912.0
2023-08-16,2023,WC_SARTEN,Sartén,Caliente,480,2,0.9,864.0
2023-08-16,2023,WC_PLANCHA,Plancha,Caliente,480,1,0.9,432.0
2023-08-16,2023,WC_HORNO,Horno,Caliente,480,1,0.92,441.6
2023-08-16,2023,WC_TABLA,Tabla,Fria,480,2,0.93,892.8
2023-08-16,2023,WC_EMPLATE,Emplatado,General,480,2,0.95,912.0
2023-08-17,2023,WC_SARTEN,Sartén,Caliente,480,2,0.9,864.0
2023-08-17,2023,WC_PLANCHA,Plancha,Caliente,480,1,0.9,432.0
2023-08-17,2023,WC_HORNO,Horno,Caliente,480,1,0.92,441.6
2023-08-17,2023,WC_TABLA,Tabla,Fria,480,2,0.93,892.8
2023-08-17,2023,WC_EMPLATE,Emplatado,General,480,2,0.95,912.0
2023-08-18,2023,WC_SARTEN,Sartén,Caliente,480,2,0.9,864.0
2023-08-18,2023,WC_PLANCHA,Plancha,Caliente,480,1,0.9,432.0
2023-08-18,2023,WC_HORNO,Horno,Caliente,480,1,0.92,441.6
2023-08-18,2023,WC_TABLA,Tabla,Fria,480,2,0.93,892.8
2023-08-18,2023,WC_EMPLATE,Emplatado,General,480,2,0.95,912.0
2023-08-19,2023,WC_SARTEN,Sartén,Caliente,480,2,0.9,864.0
2023-08-19,2023,WC_PLANCHA,Plancha,Caliente,480,1,0.9,432.0
2023-08-19,2023,WC_HORNO,Horno,Caliente,480,1,0.92,441.6
2023-08-19,2023,WC_TABLA,Tabla,Fria,480,2,0.93,892.8
2023-08-19,2023,WC_EMPLATE,Emplatado,General,480,2,0.95,912.0
2023-08-20,2023,WC_SARTEN,Sartén,Caliente,480,2,0.9,864.0
2023-08-20,2023,WC_PLANCHA,Plancha,Caliente,480,1,0.9,432.0
2023-08-20,2023,WC_HORNO,Horno,Caliente,480,1,0.92,441.6
2023-08-20,2023,WC_TABLA,Tabla,Fria,480,2,0.93,892.8
2023-08-20,2023,WC_EMPLATE,Emplatado,General,480,2,0.95,912.0
2023-08-21,2023,WC_SARTEN,Sartén,Caliente,480,2,0.9,864.0
2023-08-21,2023,WC_PLANCHA,Plancha,Caliente,480,1,0.9,432.0
2023-08-21,2023,WC_HORNO,Horno,Caliente,480,1,0.92,441.6
2023-08-21,2023,WC_TABLA,Tabla,Fria,480,2,0.93,892.8
2023-08-21,2023,WC_EMPLATE,Emplatado,General,480,2,0.95,912.0
2023-08-22,2023,WC_SARTEN,Sartén,Caliente,480,2,0.9,864.0
2023-08-22,2023,WC_PLANCHA,Plancha,Caliente,480,1,0.9,432.0
2023-08-22,2023,WC_HORNO,Horno,Caliente,480,1,0.92,441.6
2023-08-22,2023,WC_TABLA,Tabla,Fria,480,2,0.93,892.8
2023-08-22,2023,WC_EMPLATE,Emplatado,General,480,2,0.95,912.0
2023-08-23,2023,WC_SARTEN,Sartén,Caliente,480,2,0.9,864.0
2023-08-23,2023,WC_PLANCHA,Plancha,Caliente,480,1,0.9,432.0
2023-08-23,2023,WC_HORNO,Horno,Caliente,480,1,0.92,441.6
2023-08-23,2023,WC_TABLA,Tabla,Fria,480,2,0.93,892.8
2023-08-23,2023,WC_EMPLATE,Emplatado,General,480,2,0.95,912.0
2023-08-24,2023,WC_SARTEN,Sartén,Caliente,480,2,0.9,864.0
2023-08-24,2023,WC_PLANCHA,Plancha,Caliente,480,1,0.9,432.0
2023-08-24,2023,WC_HORNO,Horno,Caliente,480,1,0.92,441.6
2023-08-24,2023,WC_TABLA,Tabla,Fria,480,2,0.93,892.8
2023-08-24,2023,WC_EMPLATE,Emplatado,General,480,2,0.95,912.0
2023-08-25,2023,WC_SARTEN,Sartén,Caliente,480,2,0.9,864.0
2023-08-25,2023,WC_PLANCHA,Plancha,Caliente,480,1,0.9,432.0
2023-08-25,2023,WC_HORNO,Horno,Caliente,480,1,0.92,441.6
2023-08-25,2023,WC_TABLA,Tabla,Fria,480,2,0.93,892.8
2023-08-25,2023,WC_EMPLATE,Emplatado,General,480,2,0.95,912.0
2023-08-26,2023,WC_SARTEN,Sartén,Caliente,480,2,0.9,864.0
2023-08-26,2023,WC_PLANCHA,Plancha,Caliente,480,1,0.9,432.0
2023-08-26,2023,WC_HORNO,Horno,Caliente,480,1,0.92,441.6
2023-08-26,2023,WC_TABLA,Tabla,Fria,480,2,0.93,892.8
2023-08-26,2023,WC_EMPLATE,Emplatado,General,480,2,0.95,912.0
2023-08-27,2023,WC_SARTEN,Sartén,Caliente,480,2,0.9,864.0
2023-08-27,2023,WC_PLANCHA,Plancha,Caliente,480,1,0.9,432.0
2023-08-27,2023,WC_HORNO,Horno,Caliente,480,1,0.92,441.6
2023-08-27,2023,WC_TABLA,Tabla,Fria,480,2,0.93,892.8
2023-08-27,2023,WC_EMPLATE,Emplatado,General,480,2,0.95,912.0
2023-08-28,2023,WC_SARTEN,Sartén,Caliente,480,2,0.9,864.0
2023-08-28,2023,WC_PLANCHA,Plancha,Caliente,480,1,0.9,432.0
2023-08-28,2023,WC_HORNO,Horno,Caliente,480,1,0.92,441.6
2023-08-28,2023,WC_TABLA,Tabla,Fria,480,2,0.93,892.8
2023-08-28,2023,WC_EMPLATE,Emplatado,General,480,2,0.95,912.0
2023-08-29,2023,WC_SARTEN,Sartén,Caliente,480,2,0.9,864.0
2023-08-29,2023,WC_PLANCHA,Plancha,Caliente,480,1,0.9,432.0
2023-08-29,2023,WC_HORNO,Horno,Caliente,480,1,0.92,441.6
2023-08-29,2023,WC_TABLA,Tabla,Fria,480,2,0.93,892.8
2023-08-29,2023,WC_EMPLATE,Emplatado,General,480,2,0.95,912.0
2023-08-30,2023,WC_SARTEN,Sartén,Caliente,480,2,0.926,889.4
2023-08-30,2023,WC_PLANCHA,Plancha,Caliente,480,1,0.911,437.2
2023-08-30,2023,WC_HORNO,Horno,Caliente,480,1,0.923,443.1
2023-08-30,2023,WC_TABLA,Tabla,Fria,480,2,0.967,928.0
2023-08-30,2023,WC_EMPLATE,Emplatado,General,480,2,0.977,938.3
2023-08-31,2023,WC_SARTEN,Sartén,Caliente,480,2,0.9,864.0
2023-08-31,2023,WC_PLANCHA,Plancha,Caliente,480,1,0.9,432.0
2023-08-31,2023,WC_HORNO,Horno,Caliente,480,1,0.92,441.6
2023-08-31,2023,WC_TABLA,Tabla,Fria,480,2,0.93,892.8
2023-08-31,2023,WC_EMPLATE,Emplatado,General,480,2,0.95,912.0
2023-09-01,2023,WC_SARTEN,Sartén,Caliente,480,2,0.9,864.0
2023-09-01,2023,WC_PLANCHA,Plancha,Caliente,480,1,0.9,432.0
2023-09-01,2023,WC_HORNO,Horno,Caliente,480,1,0.92,441.6
2023-09-01,2023,WC_TABLA,Tabla,Fria,480,2,0.93,892.8
2023-09-01,2023,WC_EMPLATE,Emplatado,General,480,2,0.95,912.0
2023-09-02,2023,WC_SARTEN,Sartén,Caliente,480,2,0.9,864.0
2023-09-02,2023,WC_PLANCHA,Plancha,Caliente,480,1,0.9,432.0
2023-09-02,2023,WC_HORNO,Horno,Caliente,480,1,0.92,441.6
2023-09-02,2023,WC_TABLA,Tabla,Fria,480,2,0.93,892.8
2023-09-02,2023,WC_EMPLATE,Emplatado,General,480,2,0.95,912.0
2023-09-03,2023,WC_SARTEN,Sartén,Caliente,480,2,0.9,864.0
2023-09-03,2023,WC_PLANCHA,Plancha,Caliente,480,1,0.9,432.0
2023-09-03,2023,WC_HORNO,Horno,Caliente,480,1,0.92,441.6
2023-09-03,2023,WC_TABLA,Tabla,Fria,480,2,0.93,892.8
2023-09-03,2023,WC_EMPLATE,Emplatado,General,480,2,0.95,912.0
2023-09-04,2023,WC_SARTEN,Sartén,Caliente,480,2,0.9,864.0
2023-09-04,2023,WC_PLANCHA,Plancha,Caliente,480,1,0.9,432.0
2023-09-04,2023,WC_HORNO,Horno,Caliente,480,1,0.92,441.6
2023-09-04,2023,WC_TABLA,Tabla,Fria,480,2,0.93,892.8
2023-09-04,2023,WC_EMPLATE,Emplatado,General,480,2,0.95,912.0
2023-09-05,2023,WC_SARTEN,Sartén,Caliente,480,2,0.9,864.0
2023-09-05,2023,WC_PLANCHA,Plancha,Caliente,480,1,0.9,432.0
2023-09-05,2023,WC_HORNO,Horno,Caliente,480,1,0.92,441.6
2023-09-05,2023,WC_TABLA,Tabla,Fria,480,2,0.93,892.8
2023-09-05,2023,WC_EMPLATE,Emplatado,General,480,2,0.95,912.0
2023-09-06,2023,WC_SARTEN,Sartén,Caliente,480,2,0.9,864.0
2023-09-06,2023,WC_PLANCHA,Plancha,Caliente,480,1,0.9,432.0
2023-09-06,2023,WC_HORNO,Horno,Caliente,480,1,0.92,441.6
2023-09-06,2023,WC_TABLA,Tabla,Fria,480,2,0.93,892.8
2023-09-06,2023,WC_EMPLATE,Emplatado,General,480,2,0.95,912.0
2023-09-07,2023,WC_SARTEN,Sartén,Caliente,480,2,0.9,864.0
2023-09-07,2023,WC_PLANCHA,Plancha,Caliente,480,1,0.9,432.0
2023-09-07,2023,WC_HORNO,Horno,Caliente,480,1,0.92,441.6
2023-09-07,2023,WC_TABLA,Tabla,Fria,480,2,0.93,892.8
2023-09-07,2023,WC_EMPLATE,Emplatado,General,480,2,0.95,912.0
2023-09-08,2023,WC_SARTEN,Sartén,Caliente,480,2,0.9,864.0
2023-09-08,2023,WC_PLANCHA,Plancha,Caliente,480,1,0.9,432.0
2023-09-08,2023,WC_HORNO,Horno,Caliente,480,1,0.92,441.6
2023-09-08,2023,WC_TABLA,Tabla,Fria,480,2,0.93,892.8
2023-09-08,2023,WC_EMPLATE,Emplatado,General,480,2,0.95,912.0
2023-09-09,2023,WC_SARTEN,Sartén,Caliente,480,2,0.9,864.0
2023-09-09,2023,WC_PLANCHA,Plancha,Caliente,480,1,0.9,432.0
2023-09-09,2023,WC_HORNO,Horno,Caliente,480,1,0.92,441.6
2023-09-09,2023,WC_TABLA,Tabla,Fria,480,2,0.93,892.8
2023-09-09,2023,WC_EMPLATE,Emplatado,General,480,2,0.95,912.0
2023-09-10,2023,WC_SARTEN,Sartén,Caliente,480,2,0.9,864.0
2023-09-10,2023,WC_PLANCHA,Plancha,Caliente,480,1,0.9,432.0
2023-09-10,2023,WC_HORNO,Horno,Caliente,480,1,0.92,441.6
2023-09-10,2023,WC_TABLA,Tabla,Fria,480,2,0.93,892.8
2023-09-10,2023,WC_EMPLATE,Emplatado,General,480,2,0.95,912.0
2023-09-11,2023,WC_SARTEN,Sartén,Caliente,480,2,0.9,864.0
2023-09-11,2023,WC_PLANCHA,Plancha,Caliente,480,1,0.9,432.0
2023-09-11,2023,WC_HORNO,Horno,Caliente,480,1,0.92,441.6
2023-09-11,2023,WC_TABLA,Tabla,Fria,480,2,0.93,892.8
2023-09-11,2023,WC_EMPLATE,Emplatado,General,480,2,0.95,912.0
2023-09-12,2023,WC_SARTEN,Sartén,Caliente,480,2,0.9,864.0
2023-09-12,2023,WC_PLANCHA,Plancha,Caliente,480,1,0.9,432.0
2023-09-12,2023,WC_HORNO,Horno,Caliente,480,1,0.92,441.6
2023-09-12,2023,WC_TABLA,Tabla,Fria,480,2,0.93,892.8
2023-09-12,2023,WC_EMPLATE,Emplatado,General,480,2,0.95,912.0
2023-09-13,2023,WC_SARTEN,Sartén,Caliente,480,2,0.9,864.0
2023-09-13,2023,WC_PLANCHA,Plancha,Caliente,480,1,0.9,432.0
2023-09-13,2023,WC_HORNO,Horno,Caliente,480,1,0.92,441.6
2023-09-13,2023,WC_TABLA,Tabla,Fria,480,2,0.93,892.8
2023-09-13,2023,WC_EMPLATE,Emplatado,General,480,2,0.95,912.0
2023-09-14,2023,WC_SARTEN,Sartén,Caliente,480,2,0.9,864.0
2023-09-14,2023,WC_PLANCHA,Plancha,Caliente,480,1,0.9,432.0
2023-09-14,2023,WC_HORNO,Horno,Caliente,480,1,0.92,441.6
2023-09-14,2023,WC_TABLA,Tabla,Fria,480,2,0.93,892.8
2023-09-14,2023,WC_EMPLATE,Emplatado,General,480,2,0.95,912.0
2023-09-15,2023,WC_SARTEN,Sartén,Caliente,480,2,0.9,864.0
2023-09-15,2023,WC_PLANCHA,Plancha,Caliente,480,1,0.9,432.0
2023-09-15,2023,WC_HORNO,Horno,Caliente,480,1,0.92,441.6
2023-09-15,2023,WC_TABLA,Tabla,Fria,480,2,0.93,892.8
2023-09-15,2023,WC_EMPLATE,Emplatado,General,480,2,0.95,912.0
2023-09-16,2023,WC_SARTEN,Sartén,Caliente,480,2,0.9,864.0
2023-09-16,2023,WC_PLANCHA,Plancha,Caliente,480,1,0.9,432.0
2023-09-16,2023,WC_HORNO,Horno,Caliente,480,1,0.92,441.6
2023-09-16,2023,WC_TABLA,Tabla,Fria,480,2,0.93,892.8
2023-09-16,2023,WC_EMPLATE,Emplatado,General,480,2,0.95,912.0
2023-09-17,2023,WC_SARTEN,Sartén,Caliente,480,2,0.9,864.0
2023-09-17,2023,WC_PLANCHA,Plancha,Caliente,480,1,0.9,432.0
2023-09-17,2023,WC_HORNO,Horno,Caliente,480,1,0.92,441.6
2023-09-17,2023,WC_TABLA,Tabla,Fria,480,2,0.93,892.8
2023-09-17,2023,WC_EMPLATE,Emplatado,General,480,2,0.95,912.0
2023-09-18,2023,WC_SARTEN,Sartén,Caliente,480,2,0.9,864.0
2023-09-18,2023,WC_PLANCHA,Plancha,Caliente,480,1,0.9,432.0
2023-09-18,2023,WC_HORNO,Horno,Caliente,480,1,0.92,441.6
2023-09-18,2023,WC_TABLA,Tabla,Fria,480,2,0.93,892.8
2023-09-18,2023,WC_EMPLATE,Emplatado,General,480,2,0.95,912.0
2023-09-19,2023,WC_SARTEN,Sartén,Caliente,480,2,0.9,864.0
2023-09-19,2023,WC_PLANCHA,Plancha,Caliente,480,1,0.9,432.0
2023-09-19,2023,WC_HORNO,Horno,Caliente,480,1,0.92,441.6
2023-09-19,2023,WC_TABLA,Tabla,Fria,480,2,0.93,892.8
2023-09-19,2023,WC_EMPLATE,Emplatado,General,480,2,0.95,912.0
2023-09-20,2023,WC_SARTEN,Sartén,Caliente,480,2,0.9,864.0
2023-09-20,2023,WC_PLANCHA,Plancha,Caliente,480,1,0.9,432.0
2023-09-20,2023,WC_HORNO,Horno,Caliente,480,1,0.92,441.6
2023-09-20,2023,WC_TABLA,Tabla,Fria,480,2,0.93,892.8
2023-09-20,2023,WC_EMPLATE,Emplatado,General,480,2,0.95,912.0
2023-09-21,2023,WC_SARTEN,Sartén,Caliente,480,2,0.9,864.0
2023-09-21,2023,WC_PLANCHA,Plancha,Caliente,480,1,0.9,432.0
2023-09-21,2023,WC_HORNO,Horno,Caliente,480,1,0.92,441.6
2023-09-21,2023,WC_TABLA,Tabla,Fria,480,2,0.93,892.8
2023-09-21,2023,WC_EMPLATE,Emplatado,General,480,2,0.95,912.0
2023-09-22,2023,WC_SARTEN,Sartén,Caliente,480,2,0.9,864.0
2023-09-22,2023,WC_PLANCHA,Plancha,Caliente,480,1,0.9,432.0
2023-09-22,2023,WC_HORNO,Horno,Caliente,480,1,0.92,441.6
2023-09-22,2023,WC_TABLA,Tabla,Fria,480,2,0.93,892.8
2023-09-22,2023,WC_EMPLATE,Emplatado,General,480,2,0.95,912.0
2023-09-23,2023,WC_SARTEN,Sartén,Caliente,480,2,0.9,864.0
2023-09-23,2023,WC_PLANCHA,Plancha,Caliente,480,1,0.9,432.0
2023-09-23,2023,WC_HORNO,Horno,Caliente,480,1,0.92,441.6
2023-09-23,2023,WC_TABLA,Tabla,Fria,480,2,0.93,892.8
2023-09-23,2023,WC_EMPLATE,Emplatado,General,480,2,0.95,912.0
2023-09-24,2023,WC_SARTEN,Sartén,Caliente,480,2,0.9,864.0
2023-09-24,2023,WC_PLANCHA,Plancha,Caliente,480,1,0.9,432.0
2023-09-24,2023,WC_HORNO,Horno,Caliente,480,1,0.92,441.6
2023-09-24,2023,WC_TABLA,Tabla,Fria,480,2,0.93,892.8
2023-09-24,2023,WC_EMPLATE,Emplatado,General,480,2,0.95,912.0
2023-09-25,2023,WC_SARTEN,Sartén,Caliente,480,2,0.9,864.0
2023-09-25,2023,WC_PLANCHA,Plancha,Caliente,480,1,0.9,432.0
2023-09-25,2023,WC_HORNO,Horno,Caliente,480,1,0.92,441.6
2023-09-25,2023,WC_TABLA,Tabla,Fria,480,2,0.93,892.8
2023-09-25,2023,WC_EMPLATE,Emplatado,General,480,2,0.95,912.0
2023-09-26,2023,WC_SARTEN,Sartén,Caliente,480,2,0.9,864.0
2023-09-26,2023,WC_PLANCHA,Plancha,Caliente,480,1,0.9,432.0
2023-09-26,2023,WC_HORNO,Horno,Caliente,480,1,0.92,441.6
2023-09-26,2023,WC_TABLA,Tabla,Fria,480,2,0.93,892.8
2023-09-26,2023,WC_EMPLATE,Emplatado,General,480,2,0.95,912.0
2023-09-27,2023,WC_SARTEN,Sartén,Caliente,480,2,0.9,864.0
2023-09-27,2023,WC_PLANCHA,Plancha,Caliente,480,1,0.9,432.0
2023-09-27,2023,WC_HORNO,Horno,Caliente,480,1,0.92,441.6
2023-09-27,2023,WC_TABLA,Tabla,Fria,480,2,0.93,892.8
2023-09-27,2023,WC_EMPLATE,Emplatado,General,480,2,0.95,912.0
2023-09-28,2023,WC_SARTEN,Sartén,Caliente,480,2,0.9,864.0
2023-09-28,2023,WC_PLANCHA,Plancha,Caliente,480,1,0.9,432.0
2023-09-28,2023,WC_HORNO,Horno,Caliente,480,1,0.92,441.6
2023-09-28,2023,WC_TABLA,Tabla,Fria,480,2,0.93,892.8
2023-09-28,2023,WC_EMPLATE,Emplatado,General,480,2,0.95,912.0
2023-09-29,2023,WC_SARTEN,Sartén,Caliente,480,2,0.9,864.0
2023-09-29,2023,WC_PLANCHA,Plancha,Caliente,480,1,0.9,432.0
2023-09-29,2023,WC_HORNO,Horno,Caliente,480,1,0.92,441.6
2023-09-29,2023,WC_TABLA,Tabla,Fria,480,2,0.93,892.8
2023-09-29,2023,WC_EMPLATE,Emplatado,General,480,2,0.95,912.0
2023-09-30,2023,WC_SARTEN,Sartén,Caliente,480,2,0.9,864.0
2023-09-30,2023,WC_PLANCHA,Plancha,Caliente,480,1,0.9,432.0
2023-09-30,2023,WC_HORNO,Horno,Caliente,480,1,0.92,441.6
2023-09-30,2023,WC_TABLA,Tabla,Fria,480,2,0.93,892.8
2023-09-30,2023,WC_EMPLATE,Emplatado,General,480,2,0.95,912.0
2023-10-01,2023,WC_SARTEN,Sartén,Caliente,480,2,0.9,864.0
2023-10-01,2023,WC_PLANCHA,Plancha,Caliente,480,1,0.9,432.0
2023-10-01,2023,WC_HORNO,Horno,Caliente,480,1,0.92,441.6
2023-10-01,2023,WC_TABLA,Tabla,Fria,480,2,0.93,892.8
2023-10-01,2023,WC_EMPLATE,Emplatado,General,480,2,0.95,912.0
2023-10-02,2023,WC_SARTEN,Sartén,Caliente,480,2,0.9,864.0
2023-10-02,2023,WC_PLANCHA,Plancha,Caliente,480,1,0.9,432.0
2023-10-02,2023,WC_HORNO,Horno,Caliente,480,1,0.92,441.6
2023-10-02,2023,WC_TABLA,Tabla,Fria,480,2,0.93,892.8
2023-10-02,2023,WC_EMPLATE,Emplatado,General,480,2,0.95,912.0
2023-10-03,2023,WC_SARTEN,Sartén,Caliente,480,2,0.9,864.0
2023-10-03,2023,WC_PLANCHA,Plancha,Caliente,480,1,0.9,432.0
2023-10-03,2023,WC_HORNO,Horno,Caliente,480,1,0.92,441.6
2023-10-03,2023,WC_TABLA,Tabla,Fria,480,2,0.93,892.8
2023-10-03,2023,WC_EMPLATE,Emplatado,General,480,2,0.95,912.0
2023-10-04,2023,WC_SARTEN,Sartén,Caliente,480,2,0.9,864.0
2023-10-04,2023,WC_PLANCHA,Plancha,Caliente,480,1,0.9,432.0
2023-10-04,2023,WC_HORNO,Horno,Caliente,480,1,0.92,441.6
2023-10-04,2023,WC_TABLA,Tabla,Fria,480,2,0.93,892.8
2023-10-04,2023,WC_EMPLATE,Emplatado,General,480,2,0.95,912.0
2023-10-05,2023,WC_SARTEN,Sartén,Caliente,480,2,0.9,864.0
2023-10-05,2023,WC_PLANCHA,Plancha,Caliente,480,1,0.9,432.0
2023-10-05,2023,WC_HORNO,Horno,Caliente,480,1,0.92,441.6
2023-10-05,2023,WC_TABLA,Tabla,Fria,480,2,0.93,892.8
2023-10-05,2023,WC_EMPLATE,Emplatado,General,480,2,0.95,912.0
2023-10-06,2023,WC_SARTEN,Sartén,Caliente,480,2,0.9,864.0
2023-10-06,2023,WC_PLANCHA,Plancha,Caliente,480,1,0.9,432.0
2023-10-06,2023,WC_HORNO,Horno,Caliente,480,1,0.92,441.6
2023-10-06,2023,WC_TABLA,Tabla,Fria,480,2,0.93,892.8
2023-10-06,2023,WC_EMPLATE,Emplatado,General,480,2,0.95,912.0
2023-10-07,2023,WC_SARTEN,Sartén,Caliente,480,2,0.9,864.0
2023-10-07,2023,WC_PLANCHA,Plancha,Caliente,480,1,0.9,432.0
2023-10-07,2023,WC_HORNO,Horno,Caliente,480,1,0.92,441.6
2023-10-07,2023,WC_TABLA,Tabla,Fria,480,2,0.93,892.8
2023-10-07,2023,WC_EMPLATE,Emplatado,General,480,2,0.95,912.0
2023-10-08,2023,WC_SARTEN,Sartén,Caliente,480,2,0.869,833.9
2023-10-08,2023,WC_PLANCHA,Plancha,Caliente,480,1,0.883,423.9
2023-10-08,2023,WC_HORNO,Horno,Caliente,480,1,0.897,430.5
2023-10-08,2023,WC_TABLA,Tabla,Fria,480,2,0.953,914.6
2023-10-08,2023,WC_EMPLATE,Emplatado,General,480,2,0.906,869.5
2023-10-09,2023,WC_SARTEN,Sartén,Caliente,480,2,0.9,864.0
2023-10-09,2023,WC_PLANCHA,Plancha,Caliente,480,1,0.9,432.0
2023-10-09,2023,WC_HORNO,Horno,Caliente,480,1,0.92,441.6
2023-10-09,2023,WC_TABLA,Tabla,Fria,480,2,0.93,892.8
2023-10-09,2023,WC_EMPLATE,Emplatado,General,480,2,0.95,912.0
2023-10-10,2023,WC_SARTEN,Sartén,Caliente,480,2,0.9,864.0
2023-10-10,2023,WC_PLANCHA,Plancha,Caliente,480,1,0.9,432.0
2023-10-10,2023,WC_HORNO,Horno,Caliente,480,1,0.92,441.6
2023-10-10,2023,WC_TABLA,Tabla,Fria,480,2,0.93,892.8
2023-10-10,2023,WC_EMPLATE,Emplatado,General,480,2,0.95,912.0
2023-10-11,2023,WC_SARTEN,Sartén,Caliente,480,2,0.9,864.0
2023-10-11,2023,WC_PLANCHA,Plancha,Caliente,480,1,0.9,432.0
2023-10-11,2023,WC_HORNO,Horno,Caliente,480,1,0.92,441.6
2023-10-11,2023,WC_TABLA,Tabla,Fria,480,2,0.93,892.8
2023-10-11,2023,WC_EMPLATE,Emplatado,General,480,2,0.95,912.0
2023-10-12,2023,WC_SARTEN,Sartén,Caliente,480,2,0.9,864.0
2023-10-12,2023,WC_PLANCHA,Plancha,Caliente,480,1,0.9,432.0
2023-10-12,2023,WC_HORNO,Horno,Caliente,480,1,0.92,441.6
2023-10-12,2023,WC_TABLA,Tabla,Fria,480,2,0.93,892.8
2023-10-12,2023,WC_EMPLATE,Emplatado,General,480,2,0.95,912.0
2023-10-13,2023,WC_SARTEN,Sartén,Caliente,480,2,0.9,864.0
2023-10-13,2023,WC_PLANCHA,Plancha,Caliente,480,1,0.9,432.0
2023-10-13,2023,WC_HORNO,Horno,Caliente,480,1,0.92,441.6
2023-10-13,2023,WC_TABLA,Tabla,Fria,480,2,0.93,892.8
2023-10-13,2023,WC_EMPLATE,Emplatado,General,480,2,0.95,912.0
2023-10-14,2023,WC_SARTEN,Sartén,Caliente,480,2,0.9,864.0
2023-10-14,2023,WC_PLANCHA,Plancha,Caliente,480,1,0.9,432.0
2023-10-14,2023,WC_HORNO,Horno,Caliente,480,1,0.92,441.6
2023-10-14,2023,WC_TABLA,Tabla,Fria,480,2,0.93,892.8
2023-10-14,2023,WC_EMPLATE,Emplatado,General,480,2,0.95,912.0
2023-10-15,2023,WC_SARTEN,Sartén,Caliente,480,2,0.9,864.0
2023-10-15,2023,WC_PLANCHA,Plancha,Caliente,480,1,0.9,432.0
2023-10-15,2023,WC_HORNO,Horno,Caliente,480,1,0.92,441.6
2023-10-15,2023,WC_TABLA,Tabla,Fria,480,2,0.93,892.8
2023-10-15,2023,WC_EMPLATE,Emplatado,General,480,2,0.95,912.0
2023-10-16,2023,WC_SARTEN,Sartén,Caliente,480,2,0.9,864.0
2023-10-16,2023,WC_PLANCHA,Plancha,Caliente,480,1,0.9,432.0
2023-10-16,2023,WC_HORNO,Horno,Caliente,480,1,0.92,441.6
2023-10-16,2023,WC_TABLA,Tabla,Fria,480,2,0.93,892.8
2023-10-16,2023,WC_EMPLATE,Emplatado,General,480,2,0.95,912.0
2023-10-17,2023,WC_SARTEN,Sartén,Caliente,480,2,0.9,864.0
2023-10-17,2023,WC_PLANCHA,Plancha,Caliente,480,1,0.9,432.0
2023-10-17,2023,WC_HORNO,Horno,Caliente,480,1,0.92,441.6
2023-10-17,2023,WC_TABLA,Tabla,Fria,480,2,0.93,892.8
2023-10-17,2023,WC_EMPLATE,Emplatado,General,480,2,0.95,912.0
2023-10-18,2023,WC_SARTEN,Sartén,Caliente,480,2,0.9,864.0
2023-10-18,2023,WC_PLANCHA,Plancha,Caliente,480,1,0.9,432.0
2023-10-18,2023,WC_HORNO,Horno,Caliente,480,1,0.92,441.6
2023-10-18,2023,WC_TABLA,Tabla,Fria,480,2,0.93,892.8
2023-10-18,2023,WC_EMPLATE,Emplatado,General,480,2,0.95,912.0
2023-10-19,2023,WC_SARTEN,Sartén,Caliente,480,2,0.9,864.0
2023-10-19,2023,WC_PLANCHA,Plancha,Caliente,480,1,0.9,432.0
2023-10-19,2023,WC_HORNO,Horno,Caliente,480,1,0.92,441.6
2023-10-19,2023,WC_TABLA,Tabla,Fria,480,2,0.93,892.8
2023-10-19,2023,WC_EMPLATE,Emplatado,General,480,2,0.95,912.0
2023-10-20,2023,WC_SARTEN,Sartén,Caliente,480,2,0.9,864.0
2023-10-20,2023,WC_PLANCHA,Plancha,Caliente,480,1,0.9,432.0
2023-10-20,2023,WC_HORNO,Horno,Caliente,480,1,0.92,441.6
2023-10-20,2023,WC_TABLA,Tabla,Fria,480,2,0.93,892.8
2023-10-20,2023,WC_EMPLATE,Emplatado,General,480,2,0.95,912.0
2023-10-21,2023,WC_SARTEN,Sartén,Caliente,480,2,0.9,864.0
2023-10-21,2023,WC_PLANCHA,Plancha,Caliente,480,1,0.9,432.0
2023-10-21,2023,WC_HORNO,Horno,Caliente,480,1,0.92,441.6
2023-10-21,2023,WC_TABLA,Tabla,Fria,480,2,0.93,892.8
2023-10-21,2023,WC_EMPLATE,Emplatado,General,480,2,0.95,912.0
2023-10-22,2023,WC_SARTEN,Sartén,Caliente,480,2,0.9,864.0
2023-10-22,2023,WC_PLANCHA,Plancha,Caliente,480,1,0.9,432.0
2023-10-22,2023,WC_HORNO,Horno,Caliente,480,1,0.92,441.6
2023-10-22,2023,WC_TABLA,Tabla,Fria,480,2,0.93,892.8
2023-10-22,2023,WC_EMPLATE,Emplatado,General,480,2,0.95,912.0
2023-10-23,2023,WC_SARTEN,Sartén,Caliente,480,2,0.9,864.0
2023-10-23,2023,WC_PLANCHA,Plancha,Caliente,480,1,0.9,432.0
2023-10-23,2023,WC_HORNO,Horno,Caliente,480,1,0.92,441.6
2023-10-23,2023,WC_TABLA,Tabla,Fria,480,2,0.93,892.8
2023-10-23,2023,WC_EMPLATE,Emplatado,General,480,2,0.95,912.0
2023-10-24,2023,WC_SARTEN,Sartén,Caliente,480,2,0.9,864.0
2023-10-24,2023,WC_PLANCHA,Plancha,Caliente,480,1,0.9,432.0
2023-10-24,2023,WC_HORNO,Horno,Caliente,480,1,0.92,441.6
2023-10-24,2023,WC_TABLA,Tabla,Fria,480,2,0.93,892.8
2023-10-24,2023,WC_EMPLATE,Emplatado,General,480,2,0.95,912.0
2023-10-25,2023,WC_SARTEN,Sartén,Caliente,480,2,0.9,864.0
2023-10-25,2023,WC_PLANCHA,Plancha,Caliente,480,1,0.9,432.0
2023-10-25,2023,WC_HORNO,Horno,Caliente,480,1,0.92,441.6
2023-10-25,2023,WC_TABLA,Tabla,Fria,480,2,0.93,892.8
2023-10-25,2023,WC_EMPLATE,Emplatado,General,480,2,0.95,912.0
2023-10-26,2023,WC_SARTEN,Sartén,Caliente,480,2,0.9,864.0
2023-10-26,2023,WC_PLANCHA,Plancha,Caliente,480,1,0.9,432.0
2023-10-26,2023,WC_HORNO,Horno,Caliente,480,1,0.92,441.6
2023-10-26,2023,WC_TABLA,Tabla,Fria,480,2,0.93,892.8
2023-10-26,2023,WC_EMPLATE,Emplatado,General,480,2,0.95,912.0
2023-10-27,2023,WC_SARTEN,Sartén,Caliente,480,2,0.9,864.0
2023-10-27,2023,WC_PLANCHA,Plancha,Caliente,480,1,0.9,432.0
2023-10-27,2023,WC_HORNO,Horno,Caliente,480,1,0.92,441.6
2023-10-27,2023,WC_TABLA,Tabla,Fria,480,2,0.93,892.8
2023-10-27,2023,WC_EMPLATE,Emplatado,General,480,2,0.95,912.0
2023-10-28,2023,WC_SARTEN,Sartén,Caliente,480,2,0.9,864.0
2023-10-28,2023,WC_PLANCHA,Plancha,Caliente,480,1,0.9,432.0
2023-10-28,2023,WC_HORNO,Horno,Caliente,480,1,0.92,441.6
2023-10-28,2023,WC_TABLA,Tabla,Fria,480,2,0.93,892.8
2023-10-28,2023,WC_EMPLATE,Emplatado,General,480,2,0.95,912.0
2023-10-29,2023,WC_SARTEN,Sartén,Caliente,480,2,0.9,864.0
2023-10-29,2023,WC_PLANCHA,Plancha,Caliente,480,1,0.9,432.0
2023-10-29,2023,WC_HORNO,Horno,Caliente,480,1,0.92,441.6
2023-10-29,2023,WC_TABLA,Tabla,Fria,480,2,0.93,892.8
2023-10-29,2023,WC_EMPLATE,Emplatado,General,480,2,0.95,912.0
2023-10-30,2023,WC_SARTEN,Sartén,Caliente,480,2,0.9,864.0
2023-10-30,2023,WC_PLANCHA,Plancha,Caliente,480,1,0.9,432.0
2023-10-30,2023,WC_HORNO,Horno,Caliente,480,1,0.92,441.6
2023-10-30,2023,WC_TABLA,Tabla,Fria,480,2,0.93,892.8
2023-10-30,2023,WC_EMPLATE,Emplatado,General,480,2,0.95,912.0
2023-10-31,2023,WC_SARTEN,Sartén,Caliente,480,2,0.9,864.0
2023-10-31,2023,WC_PLANCHA,Plancha,Caliente,480,1,0.9,432.0
2023-10-31,2023,WC_HORNO,Horno,Caliente,480,1,0.92,441.6
2023-10-31,2023,WC_TABLA,Tabla,Fria,480,2,0.93,892.8
2023-10-31,2023,WC_EMPLATE,Emplatado,General,480,2,0.95,912.0
2023-11-01,2023,WC_SARTEN,Sartén,Caliente,480,2,0.906,870.0
2023-11-01,2023,WC_PLANCHA,Plancha,Caliente,480,1,0.924,443.3
2023-11-01,2023,WC_HORNO,Horno,Caliente,480,1,0.955,458.2
2023-11-01,2023,WC_TABLA,Tabla,Fria,480,2,0.915,878.7
2023-11-01,2023,WC_EMPLATE,Emplatado,General,480,2,0.981,941.3
2023-11-02,2023,WC_SARTEN,Sartén,Caliente,480,2,0.9,864.0
2023-11-02,2023,WC_PLANCHA,Plancha,Caliente,480,1,0.9,432.0
2023-11-02,2023,WC_HORNO,Horno,Caliente,480,1,0.92,441.6
2023-11-02,2023,WC_TABLA,Tabla,Fria,480,2,0.93,892.8
2023-11-02,2023,WC_EMPLATE,Emplatado,General,480,2,0.95,912.0
2023-11-03,2023,WC_SARTEN,Sartén,Caliente,480,2,0.9,864.0
2023-11-03,2023,WC_PLANCHA,Plancha,Caliente,480,1,0.9,432.0
2023-11-03,2023,WC_HORNO,Horno,Caliente,480,1,0.92,441.6
2023-11-03,2023,WC_TABLA,Tabla,Fria,480,2,0.93,892.8
2023-11-03,2023,WC_EMPLATE,Emplatado,General,480,2,0.95,912.0
2023-11-04,2023,WC_SARTEN,Sartén,Caliente,480,2,0.9,864.0
2023-11-04,2023,WC_PLANCHA,Plancha,Caliente,480,1,0.9,432.0
2023-11-04,2023,WC_HORNO,Horno,Caliente,480,1,0.92,441.6
2023-11-04,2023,WC_TABLA,Tabla,Fria,480,2,0.93,892.8
2023-11-04,2023,WC_EMPLATE,Emplatado,General,480,2,0.95,912.0
2023-11-05,2023,WC_SARTEN,Sartén,Caliente,480,2,0.9,864.0
2023-11-05,2023,WC_PLANCHA,Plancha,Caliente,480,1,0.9,432.0
2023-11-05,2023,WC_HORNO,Horno,Caliente,480,1,0.92,441.6
2023-11-05,2023,WC_TABLA,Tabla,Fria,480,2,0.93,892.8
2023-11-05,2023,WC_EMPLATE,Emplatado,General,480,2,0.95,912.0
2023-11-06,2023,WC_SARTEN,Sartén,Caliente,480,2,0.9,864.0
2023-11-06,2023,WC_PLANCHA,Plancha,Caliente,480,1,0.9,432.0
2023-11-06,2023,WC_HORNO,Horno,Caliente,480,1,0.92,441.6
2023-11-06,2023,WC_TABLA,Tabla,Fria,480,2,0.93,892.8
2023-11-06,2023,WC_EMPLATE,Emplatado,General,480,2,0.95,912.0
2023-11-07,2023,WC_SARTEN,Sartén,Caliente,480,2,0.9,864.0
2023-11-07,2023,WC_PLANCHA,Plancha,Caliente,480,1,0.9,432.0
2023-11-07,2023,WC_HORNO,Horno,Caliente,480,1,0.92,441.6
2023-11-07,2023,WC_TABLA,Tabla,Fria,480,2,0.93,892.8
2023-11-07,2023,WC_EMPLATE,Emplatado,General,480,2,0.95,912.0
2023-11-08,2023,WC_SARTEN,Sartén,Caliente,480,2,0.9,864.0
2023-11-08,2023,WC_PLANCHA,Plancha,Caliente,480,1,0.9,432.0
2023-11-08,2023,WC_HORNO,Horno,Caliente,480,1,0.92,441.6
2023-11-08,2023,WC_TABLA,Tabla,Fria,480,2,0.93,892.8
2023-11-08,2023,WC_EMPLATE,Emplatado,General,480,2,0.95,912.0
2023-11-09,2023,WC_SARTEN,Sartén,Caliente,480,2,0.9,864.0
2023-11-09,2023,WC_PLANCHA,Plancha,Caliente,480,1,0.9,432.0
2023-11-09,2023,WC_HORNO,Horno,Caliente,480,1,0.92,441.6
2023-11-09,2023,WC_TABLA,Tabla,Fria,480,2,0.93,892.8
2023-11-09,2023,WC_EMPLATE,Emplatado,General,480,2,0.95,912.0
2023-11-10,2023,WC_SARTEN,Sartén,Caliente,480,2,0.9,864.0
2023-11-10,2023,WC_PLANCHA,Plancha,Caliente,480,1,0.9,432.0
2023-11-10,2023,WC_HORNO,Horno,Caliente,480,1,0.92,441.6
2023-11-10,2023,WC_TABLA,Tabla,Fria,480,2,0.93,892.8
2023-11-10,2023,WC_EMPLATE,Emplatado,General,480,2,0.95,912.0
2023-11-11,2023,WC_SARTEN,Sartén,Caliente,480,2,0.9,864.0
2023-11-11,2023,WC_PLANCHA,Plancha,Caliente,480,1,0.9,432.0
2023-11-11,2023,WC_HORNO,Horno,Caliente,480,1,0.92,441.6
2023-11-11,2023,WC_TABLA,Tabla,Fria,480,2,0.93,892.8
2023-11-11,2023,WC_EMPLATE,Emplatado,General,480,2,0.95,912.0
2023-11-12,2023,WC_SARTEN,Sartén,Caliente,480,2,0.9,864.0
2023-11-12,2023,WC_PLANCHA,Plancha,Caliente,480,1,0.9,432.0
2023-11-12,2023,WC_HORNO,Horno,Caliente,480,1,0.92,441.6
2023-11-12,2023,WC_TABLA,Tabla,Fria,480,2,0.93,892.8
2023-11-12,2023,WC_EMPLATE,Emplatado,General,480,2,0.95,912.0
2023-11-13,2023,WC_SARTEN,Sartén,Caliente,480,2,0.9,864.0
2023-11-13,2023,WC_PLANCHA,Plancha,Caliente,480,1,0.9,432.0
2023-11-13,2023,WC_HORNO,Horno,Caliente,480,1,0.92,441.6
2023-11-13,2023,WC_TABLA,Tabla,Fria,480,2,0.93,892.8
2023-11-13,2023,WC_EMPLATE,Emplatado,General,480,2,0.95,912.0
2023-11-14,2023,WC_SARTEN,Sartén,Caliente,480,2,0.9,864.0
2023-11-14,2023,WC_PLANCHA,Plancha,Caliente,480,1,0.9,432.0
2023-11-14,2023,WC_HORNO,Horno,Caliente,480,1,0.92,441.6
2023-11-14,2023,WC_TABLA,Tabla,Fria,480,2,0.93,892.8
2023-11-14,2023,WC_EMPLATE,Emplatado,General,480,2,0.95,912.0
2023-11-15,2023,WC_SARTEN,Sartén,Caliente,480,2,0.9,864.0
2023-11-15,2023,WC_PLANCHA,Plancha,Caliente,480,1,0.9,432.0
2023-11-15,2023,WC_HORNO,Horno,Caliente,480,1,0.92,441.6
2023-11-15,2023,WC_TABLA,Tabla,Fria,480,2,0.93,892.8
2023-11-15,2023,WC_EMPLATE,Emplatado,General,480,2,0.95,912.0
2023-11-16,2023,WC_SARTEN,Sartén,Caliente,480,2,0.9,864.0
2023-11-16,2023,WC_PLANCHA,Plancha,Caliente,480,1,0.9,432.0
2023-11-16,2023,WC_HORNO,Horno,Caliente,480,1,0.92,441.6
2023-11-16,2023,WC_TABLA,Tabla,Fria,480,2,0.93,892.8
2023-11-16,2023,WC_EMPLATE,Emplatado,General,480,2,0.95,912.0
2023-11-17,2023,WC_SARTEN,Sartén,Caliente,480,2,0.9,864.0
2023-11-17,2023,WC_PLANCHA,Plancha,Caliente,480,1,0.9,432.0
2023-11-17,2023,WC_HORNO,Horno,Caliente,480,1,0.92,441.6
2023-11-17,2023,WC_TABLA,Tabla,Fria,480,2,0.93,892.8
2023-11-17,2023,WC_EMPLATE,Emplatado,General,480,2,0.95,912.0
2023-11-18,2023,WC_SARTEN,Sartén,Caliente,480,2,0.9,864.0
2023-11-18,2023,WC_PLANCHA,Plancha,Caliente,480,1,0.9,432.0
2023-11-18,2023,WC_HORNO,Horno,Caliente,480,1,0.92,441.6
2023-11-18,2023,WC_TABLA,Tabla,Fria,480,2,0.93,892.8
2023-11-18,2023,WC_EMPLATE,Emplatado,General,480,2,0.95,912.0
2023-11-19,2023,WC_SARTEN,Sartén,Caliente,480,2,0.9,864.0
2023-11-19,2023,WC_PLANCHA,Plancha,Caliente,480,1,0.9,432.0
2023-11-19,2023,WC_HORNO,Horno,Caliente,480,1,0.92,441.6
2023-11-19,2023,WC_TABLA,Tabla,Fria,480,2,0.93,892.8
2023-11-19,2023,WC_EMPLATE,Emplatado,General,480,2,0.95,912.0
2023-11-20,2023,WC_SARTEN,Sartén,Caliente,480,2,0.9,864.0
2023-11-20,2023,WC_PLANCHA,Plancha,Caliente,480,1,0.9,432.0
2023-11-20,2023,WC_HORNO,Horno,Caliente,480,1,0.92,441.6
2023-11-20,2023,WC_TABLA,Tabla,Fria,480,2,0.93,892.8
2023-11-20,2023,WC_EMPLATE,Emplatado,General,480,2,0.95,912.0
2023-11-21,2023,WC_SARTEN,Sartén,Caliente,480,2,0.9,864.0
2023-11-21,2023,WC_PLANCHA,Plancha,Caliente,480,1,0.9,432.0
2023-11-21,2023,WC_HORNO,Horno,Caliente,480,1,0.92,441.6
2023-11-21,2023,WC_TABLA,Tabla,Fria,480,2,0.93,892.8
2023-11-21,2023,WC_EMPLATE,Emplatado,General,480,2,0.95,912.0
2023-11-22,2023,WC_SARTEN,Sartén,Caliente,480,2,0.9,864.0
2023-11-22,2023,WC_PLANCHA,Plancha,Caliente,480,1,0.9,432.0
2023-11-22,2023,WC_HORNO,Horno,Caliente,480,1,0.92,441.6
2023-11-22,2023,WC_TABLA,Tabla,Fria,480,2,0.93,892.8
2023-11-22,2023,WC_EMPLATE,Emplatado,General,480,2,0.95,912.0
2023-11-23,2023,WC_SARTEN,Sartén,Caliente,480,2,0.9,864.0
2023-11-23,2023,WC_PLANCHA,Plancha,Caliente,480,1,0.9,432.0
2023-11-23,2023,WC_HORNO,Horno,Caliente,480,1,0.92,441.6
2023-11-23,2023,WC_TABLA,Tabla,Fria,480,2,0.93,892.8
2023-11-23,2023,WC_EMPLATE,Emplatado,General,480,2,0.95,912.0
2023-11-24,2023,WC_SARTEN,Sartén,Caliente,480,2,0.9,864.0
2023-11-24,2023,WC_PLANCHA,Plancha,Caliente,480,1,0.9,432.0
2023-11-24,2023,WC_HORNO,Horno,Caliente,480,1,0.92,441.6
2023-11-24,2023,WC_TABLA,Tabla,Fria,480,2,0.93,892.8
2023-11-24,2023,WC_EMPLATE,Emplatado,General,480,2,0.95,912.0
2023-11-25,2023,WC_SARTEN,Sartén,Caliente,480,2,0.9,864.0
2023-11-25,2023,WC_PLANCHA,Plancha,Caliente,480,1,0.9,432.0
2023-11-25,2023,WC_HORNO,Horno,Caliente,480,1,0.92,441.6
2023-11-25,2023,WC_TABLA,Tabla,Fria,480,2,0.93,892.8
2023-11-25,2023,WC_EMPLATE,Emplatado,General,480,2,0.95,912.0
2023-11-26,2023,WC_SARTEN,Sartén,Caliente,480,2,0.9,864.0
2023-11-26,2023,WC_PLANCHA,Plancha,Caliente,480,1,0.9,432.0
2023-11-26,2023,WC_HORNO,Horno,Caliente,480,1,0.92,441.6
2023-11-26,2023,WC_TABLA,Tabla,Fria,480,2,0.93,892.8
2023-11-26,2023,WC_EMPLATE,Emplatado,General,480,2,0.95,912.0
2023-11-27,2023,WC_SARTEN,Sartén,Caliente,480,2,0.9,864.0
2023-11-27,2023,WC_PLANCHA,Plancha,Caliente,480,1,0.9,432.0
2023-11-27,2023,WC_HORNO,Horno,Caliente,480,1,0.92,441.6
2023-11-27,2023,WC_TABLA,Tabla,Fria,480,2,0.93,892.8
2023-11-27,2023,WC_EMPLATE,Emplatado,General,480,2,0.95,912.0
2023-11-28,2023,WC_SARTEN,Sartén,Caliente,480,2,0.9,864.0
2023-11-28,2023,WC_PLANCHA,Plancha,Caliente,480,1,0.9,432.0
2023-11-28,2023,WC_HORNO,Horno,Caliente,480,1,0.92,441.6
2023-11-28,2023,WC_TABLA,Tabla,Fria,480,2,0.93,892.8
2023-11-28,2023,WC_EMPLATE,Emplatado,General,480,2,0.95,912.0
2023-11-29,2023,WC_SARTEN,Sartén,Caliente,480,2,0.9,864.0
2023-11-29,2023,WC_PLANCHA,Plancha,Caliente,480,1,0.9,432.0
2023-11-29,2023,WC_HORNO,Horno,Caliente,480,1,0.92,441.6
2023-11-29,2023,WC_TABLA,Tabla,Fria,480,2,0.93,892.8
2023-11-29,2023,WC_EMPLATE,Emplatado,General,480,2,0.95,912.0
2023-11-30,2023,WC_SARTEN,Sartén,Caliente,480,2,0.9,864.0
2023-11-30,2023,WC_PLANCHA,Plancha,Caliente,480,1,0.9,432.0
2023-11-30,2023,WC_HORNO,Horno,Caliente,480,1,0.92,441.6
2023-11-30,2023,WC_TABLA,Tabla,Fria,480,2,0.93,892.8
2023-11-30,2023,WC_EMPLATE,Emplatado,General,480,2,0.95,912.0
2023-12-01,2023,WC_SARTEN,Sartén,Caliente,480,2,0.9,864.0
2023-12-01,2023,WC_PLANCHA,Plancha,Caliente,480,1,0.9,432.0
2023-12-01,2023,WC_HORNO,Horno,Caliente,480,1,0.92,441.6
2023-12-01,2023,WC_TABLA,Tabla,Fria,480,2,0.93,892.8
2023-12-01,2023,WC_EMPLATE,Emplatado,General,480,2,0.95,912.0
2023-12-02,2023,WC_SARTEN,Sartén,Caliente,480,2,0.9,864.0
2023-12-02,2023,WC_PLANCHA,Plancha,Caliente,480,1,0.9,432.0
2023-12-02,2023,WC_HORNO,Horno,Caliente,480,1,0.92,441.6
2023-12-02,2023,WC_TABLA,Tabla,Fria,480,2,0.93,892.8
2023-12-02,2023,WC_EMPLATE,Emplatado,General,480,2,0.95,912.0
2023-12-03,2023,WC_SARTEN,Sartén,Caliente,480,2,0.9,864.0
2023-12-03,2023,WC_PLANCHA,Plancha,Caliente,480,1,0.9,432.0
2023-12-03,2023,WC_HORNO,Horno,Caliente,480,1,0.92,441.6
2023-12-03,2023,WC_TABLA,Tabla,Fria,480,2,0.93,892.8
2023-12-03,2023,WC_EMPLATE,Emplatado,General,480,2,0.95,912.0
2023-12-04,2023,WC_SARTEN,Sartén,Caliente,480,2,0.9,864.0
2023-12-04,2023,WC_PLANCHA,Plancha,Caliente,480,1,0.9,432.0
2023-12-04,2023,WC_HORNO,Horno,Caliente,480,1,0.92,441.6
2023-12-04,2023,WC_TABLA,Tabla,Fria,480,2,0.93,892.8
2023-12-04,2023,WC_EMPLATE,Emplatado,General,480,2,0.95,912.0
2023-12-05,2023,WC_SARTEN,Sartén,Caliente,480,2,0.9,864.0
2023-12-05,2023,WC_PLANCHA,Plancha,Caliente,480,1,0.9,432.0
2023-12-05,2023,WC_HORNO,Horno,Caliente,480,1,0.92,441.6
2023-12-05,2023,WC_TABLA,Tabla,Fria,480,2,0.93,892.8
2023-12-05,2023,WC_EMPLATE,Emplatado,General,480,2,0.95,912.0
2023-12-06,2023,WC_SARTEN,Sartén,Caliente,480,2,0.9,864.0
2023-12-06,2023,WC_PLANCHA,Plancha,Caliente,480,1,0.9,432.0
2023-12-06,2023,WC_HORNO,Horno,Caliente,480,1,0.92,441.6
2023-12-06,2023,WC_TABLA,Tabla,Fria,480,2,0.93,892.8
2023-12-06,2023,WC_EMPLATE,Emplatado,General,480,2,0.95,912.0
2023-12-07,2023,WC_SARTEN,Sartén,Caliente,480,2,0.9,864.0
2023-12-07,2023,WC_PLANCHA,Plancha,Caliente,480,1,0.9,432.0
2023-12-07,2023,WC_HORNO,Horno,Caliente,480,1,0.92,441.6
2023-12-07,2023,WC_TABLA,Tabla,Fria,480,2,0.93,892.8
2023-12-07,2023,WC_EMPLATE,Emplatado,General,480,2,0.95,912.0
2023-12-08,2023,WC_SARTEN,Sartén,Caliente,480,2,0.865,830.4
2023-12-08,2023,WC_PLANCHA,Plancha,Caliente,480,1,0.931,447.0
2023-12-08,2023,WC_HORNO,Horno,Caliente,480,1,0.886,425.1
2023-12-08,2023,WC_TABLA,Tabla,Fria,480,2,0.92,883.6
2023-12-08,2023,WC_EMPLATE,Emplatado,General,480,2,0.978,939.1
2023-12-09,2023,WC_SARTEN,Sartén,Caliente,480,2,0.9,864.0
2023-12-09,2023,WC_PLANCHA,Plancha,Caliente,480,1,0.9,432.0
2023-12-09,2023,WC_HORNO,Horno,Caliente,480,1,0.92,441.6
2023-12-09,2023,WC_TABLA,Tabla,Fria,480,2,0.93,892.8
2023-12-09,2023,WC_EMPLATE,Emplatado,General,480,2,0.95,912.0
2023-12-10,2023,WC_SARTEN,Sartén,Caliente,480,2,0.9,864.0
2023-12-10,2023,WC_PLANCHA,Plancha,Caliente,480,1,0.9,432.0
2023-12-10,2023,WC_HORNO,Horno,Caliente,480,1,0.92,441.6
2023-12-10,2023,WC_TABLA,Tabla,Fria,480,2,0.93,892.8
2023-12-10,2023,WC_EMPLATE,Emplatado,General,480,2,0.95,912.0
2023-12-11,2023,WC_SARTEN,Sartén,Caliente,480,2,0.9,864.0
2023-12-11,2023,WC_PLANCHA,Plancha,Caliente,480,1,0.9,432.0
2023-12-11,2023,WC_HORNO,Horno,Caliente,480,1,0.92,441.6
2023-12-11,2023,WC_TABLA,Tabla,Fria,480,2,0.93,892.8
2023-12-11,2023,WC_EMPLATE,Emplatado,General,480,2,0.95,912.0
2023-12-12,2023,WC_SARTEN,Sartén,Caliente,480,2,0.9,864.0
2023-12-12,2023,WC_PLANCHA,Plancha,Caliente,480,1,0.9,432.0
2023-12-12,2023,WC_HORNO,Horno,Caliente,480,1,0.92,441.6
2023-12-12,2023,WC_TABLA,Tabla,Fria,480,2,0.93,892.8
2023-12-12,2023,WC_EMPLATE,Emplatado,General,480,2,0.95,912.0
2023-12-13,2023,WC_SARTEN,Sartén,Caliente,480,2,0.9,864.0
2023-12-13,2023,WC_PLANCHA,Plancha,Caliente,480,1,0.9,432.0
2023-12-13,2023,WC_HORNO,Horno,Caliente,480,1,0.92,441.6
2023-12-13,2023,WC_TABLA,Tabla,Fria,480,2,0.93,892.8
2023-12-13,2023,WC_EMPLATE,Emplatado,General,480,2,0.95,912.0
2023-12-14,2023,WC_SARTEN,Sartén,Caliente,480,2,0.9,864.0
2023-12-14,2023,WC_PLANCHA,Plancha,Caliente,480,1,0.9,432.0
2023-12-14,2023,WC_HORNO,Horno,Caliente,480,1,0.92,441.6
2023-12-14,2023,WC_TABLA,Tabla,Fria,480,2,0.93,892.8
2023-12-14,2023,WC_EMPLATE,Emplatado,General,480,2,0.95,912.0
2023-12-15,2023,WC_SARTEN,Sartén,Caliente,480,2,0.9,864.0
2023-12-15,2023,WC_PLANCHA,Plancha,Caliente,480,1,0.9,432.0
2023-12-15,2023,WC_HORNO,Horno,Caliente,480,1,0.92,441.6
2023-12-15,2023,WC_TABLA,Tabla,Fria,480,2,0.93,892.8
2023-12-15,2023,WC_EMPLATE,Emplatado,General,480,2,0.95,912.0
2023-12-16,2023,WC_SARTEN,Sartén,Caliente,480,2,0.9,864.0
2023-12-16,2023,WC_PLANCHA,Plancha,Caliente,480,1,0.9,432.0
2023-12-16,2023,WC_HORNO,Horno,Caliente,480,1,0.92,441.6
2023-12-16,2023,WC_TABLA,Tabla,Fria,480,2,0.93,892.8
2023-12-16,2023,WC_EMPLATE,Emplatado,General,480,2,0.95,912.0
2023-12-17,2023,WC_SARTEN,Sartén,Caliente,480,2,0.9,864.0
2023-12-17,2023,WC_PLANCHA,Plancha,Caliente,480,1,0.9,432.0
2023-12-17,2023,WC_HORNO,Horno,Caliente,480,1,0.92,441.6
2023-12-17,2023,WC_TABLA,Tabla,Fria,480,2,0.93,892.8
2023-12-17,2023,WC_EMPLATE,Emplatado,General,480,2,0.95,912.0
2023-12-18,2023,WC_SARTEN,Sartén,Caliente,480,2,0.9,864.0
2023-12-18,2023,WC_PLANCHA,Plancha,Caliente,480,1,0.9,432.0
2023-12-18,2023,WC_HORNO,Horno,Caliente,480,1,0.92,441.6
2023-12-18,2023,WC_TABLA,Tabla,Fria,480,2,0.93,892.8
2023-12-18,2023,WC_EMPLATE,Emplatado,General,480,2,0.95,912.0
2023-12-19,2023,WC_SARTEN,Sartén,Caliente,480,2,0.9,864.0
2023-12-19,2023,WC_PLANCHA,Plancha,Caliente,480,1,0.9,432.0
2023-12-19,2023,WC_HORNO,Horno,Caliente,480,1,0.92,441.6
2023-12-19,2023,WC_TABLA,Tabla,Fria,480,2,0.93,892.8
2023-12-19,2023,WC_EMPLATE,Emplatado,General,480,2,0.95,912.0
2023-12-20,2023,WC_SARTEN,Sartén,Caliente,480,2,0.9,864.0
2023-12-20,2023,WC_PLANCHA,Plancha,Caliente,480,1,0.9,432.0
2023-12-20,2023,WC_HORNO,Horno,Caliente,480,1,0.92,441.6
2023-12-20,2023,WC_TABLA,Tabla,Fria,480,2,0.93,892.8
2023-12-20,2023,WC_EMPLATE,Emplatado,General,480,2,0.95,912.0
2023-12-21,2023,WC_SARTEN,Sartén,Caliente,480,2,0.9,864.0
2023-12-21,2023,WC_PLANCHA,Plancha,Caliente,480,1,0.9,432.0
2023-12-21,2023,WC_HORNO,Horno,Caliente,480,1,0.92,441.6
2023-12-21,2023,WC_TABLA,Tabla,Fria,480,2,0.93,892.8
2023-12-21,2023,WC_EMPLATE,Emplatado,General,480,2,0.95,912.0
2023-12-22,2023,WC_SARTEN,Sartén,Caliente,480,2,0.9,864.0
2023-12-22,2023,WC_PLANCHA,Plancha,Caliente,480,1,0.9,432.0
2023-12-22,2023,WC_HORNO,Horno,Caliente,480,1,0.92,441.6
2023-12-22,2023,WC_TABLA,Tabla,Fria,480,2,0.93,892.8
2023-12-22,2023,WC_EMPLATE,Emplatado,General,480,2,0.95,912.0
2023-12-23,2023,WC_SARTEN,Sartén,Caliente,480,2,0.9,864.0
2023-12-23,2023,WC_PLANCHA,Plancha,Caliente,480,1,0.9,432.0
2023-12-23,2023,WC_HORNO,Horno,Caliente,480,1,0.92,441.6
2023-12-23,2023,WC_TABLA,Tabla,Fria,480,2,0.93,892.8
2023-12-23,2023,WC_EMPLATE,Emplatado,General,480,2,0.95,912.0
2023-12-24,2023,WC_SARTEN,Sartén,Caliente,480,2,0.9,864.0
2023-12-24,2023,WC_PLANCHA,Plancha,Caliente,480,1,0.9,432.0
2023-12-24,2023,WC_HORNO,Horno,Caliente,480,1,0.92,441.6
2023-12-24,2023,WC_TABLA,Tabla,Fria,480,2,0.93,892.8
2023-12-24,2023,WC_EMPLATE,Emplatado,General,480,2,0.95,912.0
2023-12-25,2023,WC_SARTEN,Sartén,Caliente,480,2,0.868,833.8
2023-12-25,2023,WC_PLANCHA,Plancha,Caliente,480,1,0.876,420.3
2023-12-25,2023,WC_HORNO,Horno,Caliente,480,1,0.94,451.4
2023-12-25,2023,WC_TABLA,Tabla,Fria,480,2,0.95,912.4
2023-12-25,2023,WC_EMPLATE,Emplatado,General,480,2,0.963,924.9
2023-12-26,2023,WC_SARTEN,Sartén,Caliente,480,2,0.9,864.0
2023-12-26,2023,WC_PLANCHA,Plancha,Caliente,480,1,0.9,432.0
2023-12-26,2023,WC_HORNO,Horno,Caliente,480,1,0.92,441.6
2023-12-26,2023,WC_TABLA,Tabla,Fria,480,2,0.93,892.8
2023-12-26,2023,WC_EMPLATE,Emplatado,General,480,2,0.95,912.0
2023-12-27,2023,WC_SARTEN,Sartén,Caliente,480,2,0.9,864.0
2023-12-27,2023,WC_PLANCHA,Plancha,Caliente,480,1,0.9,432.0
2023-12-27,2023,WC_HORNO,Horno,Caliente,480,1,0.92,441.6
2023-12-27,2023,WC_TABLA,Tabla,Fria,480,2,0.93,892.8
2023-12-27,2023,WC_EMPLATE,Emplatado,General,480,2,0.95,912.0
2023-12-28,2023,WC_SARTEN,Sartén,Caliente,480,2,0.9,864.0
2023-12-28,2023,WC_PLANCHA,Plancha,Caliente,480,1,0.9,432.0
2023-12-28,2023,WC_HORNO,Horno,Caliente,480,1,0.92,441.6
2023-12-28,2023,WC_TABLA,Tabla,Fria,480,2,0.93,892.8
2023-12-28,2023,WC_EMPLATE,Emplatado,General,480,2,0.95,912.0
2023-12-29,2023,WC_SARTEN,Sartén,Caliente,480,2,0.9,864.0
2023-12-29,2023,WC_PLANCHA,Plancha,Caliente,480,1,0.9,432.0
2023-12-29,2023,WC_HORNO,Horno,Caliente,480,1,0.92,441.6
2023-12-29,2023,WC_TABLA,Tabla,Fria,480,2,0.93,892.8
2023-12-29,2023,WC_EMPLATE,Emplatado,General,480,2,0.95,912.0
2023-12-30,2023,WC_SARTEN,Sartén,Caliente,480,2,0.9,864.0
2023-12-30,2023,WC_PLANCHA,Plancha,Caliente,480,1,0.9,432.0
2023-12-30,2023,WC_HORNO,Horno,Caliente,480,1,0.92,441.6
2023-12-30,2023,WC_TABLA,Tabla,Fria,480,2,0.93,892.8
2023-12-30,2023,WC_EMPLATE,Emplatado,General,480,2,0.95,912.0
2023-12-31,2023,WC_SARTEN,Sartén,Caliente,480,2,0.9,864.0
2023-12-31,2023,WC_PLANCHA,Plancha,Caliente,480,1,0.9,432.0
2023-12-31,2023,WC_HORNO,Horno,Caliente,480,1,0.92,441.6
2023-12-31,2023,WC_TABLA,Tabla,Fria,480,2,0.93,892.8
2023-12-31,2023,WC_EMPLATE,Emplatado,General,480,2,0.95,912.0
2024-01-01,2024,WC_SARTEN,Sartén,Caliente,480,2,0.917,880.8
2024-01-01,2024,WC_PLANCHA,Plancha,Caliente,480,1,0.904,433.8
2024-01-01,2024,WC_HORNO,Horno,Caliente,480,1,0.897,430.6
2024-01-01,2024,WC_TABLA,Tabla,Fria,480,2,0.916,879.0
2024-01-01,2024,WC_EMPLATE,Emplatado,General,480,2,0.92,883.0
2024-01-02,2024,WC_SARTEN,Sartén,Caliente,480,2,0.9,864.0
2024-01-02,2024,WC_PLANCHA,Plancha,Caliente,480,1,0.9,432.0
2024-01-02,2024,WC_HORNO,Horno,Caliente,480,1,0.92,441.6
2024-01-02,2024,WC_TABLA,Tabla,Fria,480,2,0.93,892.8
2024-01-02,2024,WC_EMPLATE,Emplatado,General,480,2,0.95,912.0
2024-01-03,2024,WC_SARTEN,Sartén,Caliente,480,2,0.9,864.0
2024-01-03,2024,WC_PLANCHA,Plancha,Caliente,480,1,0.9,432.0
2024-01-03,2024,WC_HORNO,Horno,Caliente,480,1,0.92,441.6
2024-01-03,2024,WC_TABLA,Tabla,Fria,480,2,0.93,892.8
2024-01-03,2024,WC_EMPLATE,Emplatado,General,480,2,0.95,912.0
2024-01-04,2024,WC_SARTEN,Sartén,Caliente,480,2,0.9,864.0
2024-01-04,2024,WC_PLANCHA,Plancha,Caliente,480,1,0.9,432.0
2024-01-04,2024,WC_HORNO,Horno,Caliente,480,1,0.92,441.6
2024-01-04,2024,WC_TABLA,Tabla,Fria,480,2,0.93,892.8
2024-01-04,2024,WC_EMPLATE,Emplatado,General,480,2,0.95,912.0
2024-01-05,2024,WC_SARTEN,Sartén,Caliente,480,2,0.9,864.0
2024-01-05,2024,WC_PLANCHA,Plancha,Caliente,480,1,0.9,432.0
2024-01-05,2024,WC_HORNO,Horno,Caliente,480,1,0.92,441.6
2024-01-05,2024,WC_TABLA,Tabla,Fria,480,2,0.93,892.8
2024-01-05,2024,WC_EMPLATE,Emplatado,General,480,2,0.95,912.0
2024-01-06,2024,WC_SARTEN,Sartén,Caliente,480,2,0.9,864.0
2024-01-06,2024,WC_PLANCHA,Plancha,Caliente,480,1,0.9,432.0
2024-01-06,2024,WC_HORNO,Horno,Caliente,480,1,0.92,441.6
2024-01-06,2024,WC_TABLA,Tabla,Fria,480,2,0.93,892.8
2024-01-06,2024,WC_EMPLATE,Emplatado,General,480,2,0.95,912.0
2024-01-07,2024,WC_SARTEN,Sartén,Caliente,480,2,0.9,864.0
2024-01-07,2024,WC_PLANCHA,Plancha,Caliente,480,1,0.9,432.0
2024-01-07,2024,WC_HORNO,Horno,Caliente,480,1,0.92,441.6
2024-01-07,2024,WC_TABLA,Tabla,Fria,480,2,0.93,892.8
2024-01-07,2024,WC_EMPLATE,Emplatado,General,480,2,0.95,912.0
2024-01-08,2024,WC_SARTEN,Sartén,Caliente,480,2,0.9,864.0
2024-01-08,2024,WC_PLANCHA,Plancha,Caliente,480,1,0.9,432.0
2024-01-08,2024,WC_HORNO,Horno,Caliente,480,1,0.92,441.6
2024-01-08,2024,WC_TABLA,Tabla,Fria,480,2,0.93,892.8
2024-01-08,2024,WC_EMPLATE,Emplatado,General,480,2,0.95,912.0
2024-01-09,2024,WC_SARTEN,Sartén,Caliente,480,2,0.9,864.0
2024-01-09,2024,WC_PLANCHA,Plancha,Caliente,480,1,0.9,432.0
2024-01-09,2024,WC_HORNO,Horno,Caliente,480,1,0.92,441.6
2024-01-09,2024,WC_TABLA,Tabla,Fria,480,2,0.93,892.8
2024-01-09,2024,WC_EMPLATE,Emplatado,General,480,2,0.95,912.0
2024-01-10,2024,WC_SARTEN,Sartén,Caliente,480,2,0.9,864.0
2024-01-10,2024,WC_PLANCHA,Plancha,Caliente,480,1,0.9,432.0
2024-01-10,2024,WC_HORNO,Horno,Caliente,480,1,0.92,441.6
2024-01-10,2024,WC_TABLA,Tabla,Fria,480,2,0.93,892.8
2024-01-10,2024,WC_EMPLATE,Emplatado,General,480,2,0.95,912.0
2024-01-11,2024,WC_SARTEN,Sartén,Caliente,480,2,0.9,864.0
2024-01-11,2024,WC_PLANCHA,Plancha,Caliente,480,1,0.9,432.0
2024-01-11,2024,WC_HORNO,Horno,Caliente,480,1,0.92,441.6
2024-01-11,2024,WC_TABLA,Tabla,Fria,480,2,0.93,892.8
2024-01-11,2024,WC_EMPLATE,Emplatado,General,480,2,0.95,912.0
2024-01-12,2024,WC_SARTEN,Sartén,Caliente,480,2,0.9,864.0
2024-01-12,2024,WC_PLANCHA,Plancha,Caliente,480,1,0.9,432.0
2024-01-12,2024,WC_HORNO,Horno,Caliente,480,1,0.92,441.6
2024-01-12,2024,WC_TABLA,Tabla,Fria,480,2,0.93,892.8
2024-01-12,2024,WC_EMPLATE,Emplatado,General,480,2,0.95,912.0
2024-01-13,2024,WC_SARTEN,Sartén,Caliente,480,2,0.9,864.0
2024-01-13,2024,WC_PLANCHA,Plancha,Caliente,480,1,0.9,432.0
2024-01-13,2024,WC_HORNO,Horno,Caliente,480,1,0.92,441.6
2024-01-13,2024,WC_TABLA,Tabla,Fria,480,2,0.93,892.8
2024-01-13,2024,WC_EMPLATE,Emplatado,General,480,2,0.95,912.0
2024-01-14,2024,WC_SARTEN,Sartén,Caliente,480,2,0.9,864.0
2024-01-14,2024,WC_PLANCHA,Plancha,Caliente,480,1,0.9,432.0
2024-01-14,2024,WC_HORNO,Horno,Caliente,480,1,0.92,441.6
2024-01-14,2024,WC_TABLA,Tabla,Fria,480,2,0.93,892.8
2024-01-14,2024,WC_EMPLATE,Emplatado,General,480,2,0.95,912.0
2024-01-15,2024,WC_SARTEN,Sartén,Caliente,480,2,0.9,864.0
2024-01-15,2024,WC_PLANCHA,Plancha,Caliente,480,1,0.9,432.0
2024-01-15,2024,WC_HORNO,Horno,Caliente,480,1,0.92,441.6
2024-01-15,2024,WC_TABLA,Tabla,Fria,480,2,0.93,892.8
2024-01-15,2024,WC_EMPLATE,Emplatado,General,480,2,0.95,912.0
2024-01-16,2024,WC_SARTEN,Sartén,Caliente,480,2,0.9,864.0
2024-01-16,2024,WC_PLANCHA,Plancha,Caliente,480,1,0.9,432.0
2024-01-16,2024,WC_HORNO,Horno,Caliente,480,1,0.92,441.6
2024-01-16,2024,WC_TABLA,Tabla,Fria,480,2,0.93,892.8
2024-01-16,2024,WC_EMPLATE,Emplatado,General,480,2,0.95,912.0
2024-01-17,2024,WC_SARTEN,Sartén,Caliente,480,2,0.9,864.0
2024-01-17,2024,WC_PLANCHA,Plancha,Caliente,480,1,0.9,432.0
2024-01-17,2024,WC_HORNO,Horno,Caliente,480,1,0.92,441.6
2024-01-17,2024,WC_TABLA,Tabla,Fria,480,2,0.93,892.8
2024-01-17,2024,WC_EMPLATE,Emplatado,General,480,2,0.95,912.0
2024-01-18,2024,WC_SARTEN,Sartén,Caliente,480,2,0.9,864.0
2024-01-18,2024,WC_PLANCHA,Plancha,Caliente,480,1,0.9,432.0
2024-01-18,2024,WC_HORNO,Horno,Caliente,480,1,0.92,441.6
2024-01-18,2024,WC_TABLA,Tabla,Fria,480,2,0.93,892.8
2024-01-18,2024,WC_EMPLATE,Emplatado,General,480,2,0.95,912.0
2024-01-19,2024,WC_SARTEN,Sartén,Caliente,480,2,0.9,864.0
2024-01-19,2024,WC_PLANCHA,Plancha,Caliente,480,1,0.9,432.0
2024-01-19,2024,WC_HORNO,Horno,Caliente,480,1,0.92,441.6
2024-01-19,2024,WC_TABLA,Tabla,Fria,480,2,0.93,892.8
2024-01-19,2024,WC_EMPLATE,Emplatado,General,480,2,0.95,912.0
2024-01-20,2024,WC_SARTEN,Sartén,Caliente,480,2,0.9,864.0
2024-01-20,2024,WC_PLANCHA,Plancha,Caliente,480,1,0.9,432.0
2024-01-20,2024,WC_HORNO,Horno,Caliente,480,1,0.92,441.6
2024-01-20,2024,WC_TABLA,Tabla,Fria,480,2,0.93,892.8
2024-01-20,2024,WC_EMPLATE,Emplatado,General,480,2,0.95,912.0
2024-01-21,2024,WC_SARTEN,Sartén,Caliente,480,2,0.9,864.0
2024-01-21,2024,WC_PLANCHA,Plancha,Caliente,480,1,0.9,432.0
2024-01-21,2024,WC_HORNO,Horno,Caliente,480,1,0.92,441.6
2024-01-21,2024,WC_TABLA,Tabla,Fria,480,2,0.93,892.8
2024-01-21,2024,WC_EMPLATE,Emplatado,General,480,2,0.95,912.0
2024-01-22,2024,WC_SARTEN,Sartén,Caliente,480,2,0.9,864.0
2024-01-22,2024,WC_PLANCHA,Plancha,Caliente,480,1,0.9,432.0
2024-01-22,2024,WC_HORNO,Horno,Caliente,480,1,0.92,441.6
2024-01-22,2024,WC_TABLA,Tabla,Fria,480,2,0.93,892.8
2024-01-22,2024,WC_EMPLATE,Emplatado,General,480,2,0.95,912.0
2024-01-23,2024,WC_SARTEN,Sartén,Caliente,480,2,0.9,864.0
2024-01-23,2024,WC_PLANCHA,Plancha,Caliente,480,1,0.9,432.0
2024-01-23,2024,WC_HORNO,Horno,Caliente,480,1,0.92,441.6
2024-01-23,2024,WC_TABLA,Tabla,Fria,480,2,0.93,892.8
2024-01-23,2024,WC_EMPLATE,Emplatado,General,480,2,0.95,912.0
2024-01-24,2024,WC_SARTEN,Sartén,Caliente,480,2,0.9,864.0
2024-01-24,2024,WC_PLANCHA,Plancha,Caliente,480,1,0.9,432.0
2024-01-24,2024,WC_HORNO,Horno,Caliente,480,1,0.92,441.6
2024-01-24,2024,WC_TABLA,Tabla,Fria,480,2,0.93,892.8
2024-01-24,2024,WC_EMPLATE,Emplatado,General,480,2,0.95,912.0
2024-01-25,2024,WC_SARTEN,Sartén,Caliente,480,2,0.9,864.0
2024-01-25,2024,WC_PLANCHA,Plancha,Caliente,480,1,0.9,432.0
2024-01-25,2024,WC_HORNO,Horno,Caliente,480,1,0.92,441.6
2024-01-25,2024,WC_TABLA,Tabla,Fria,480,2,0.93,892.8
2024-01-25,2024,WC_EMPLATE,Emplatado,General,480,2,0.95,912.0
2024-01-26,2024,WC_SARTEN,Sartén,Caliente,480,2,0.9,864.0
2024-01-26,2024,WC_PLANCHA,Plancha,Caliente,480,1,0.9,432.0
2024-01-26,2024,WC_HORNO,Horno,Caliente,480,1,0.92,441.6
2024-01-26,2024,WC_TABLA,Tabla,Fria,480,2,0.93,892.8
2024-01-26,2024,WC_EMPLATE,Emplatado,General,480,2,0.95,912.0
2024-01-27,2024,WC_SARTEN,Sartén,Caliente,480,2,0.9,864.0
2024-01-27,2024,WC_PLANCHA,Plancha,Caliente,480,1,0.9,432.0
2024-01-27,2024,WC_HORNO,Horno,Caliente,480,1,0.92,441.6
2024-01-27,2024,WC_TABLA,Tabla,Fria,480,2,0.93,892.8
2024-01-27,2024,WC_EMPLATE,Emplatado,General,480,2,0.95,912.0
2024-01-28,2024,WC_SARTEN,Sartén,Caliente,480,2,0.9,864.0
2024-01-28,2024,WC_PLANCHA,Plancha,Caliente,480,1,0.9,432.0
2024-01-28,2024,WC_HORNO,Horno,Caliente,480,1,0.92,441.6
2024-01-28,2024,WC_TABLA,Tabla,Fria,480,2,0.93,892.8
2024-01-28,2024,WC_EMPLATE,Emplatado,General,480,2,0.95,912.0
2024-01-29,2024,WC_SARTEN,Sartén,Caliente,480,2,0.9,864.0
2024-01-29,2024,WC_PLANCHA,Plancha,Caliente,480,1,0.9,432.0
2024-01-29,2024,WC_HORNO,Horno,Caliente,480,1,0.92,441.6
2024-01-29,2024,WC_TABLA,Tabla,Fria,480,2,0.93,892.8
2024-01-29,2024,WC_EMPLATE,Emplatado,General,480,2,0.95,912.0
2024-01-30,2024,WC_SARTEN,Sartén,Caliente,480,2,0.9,864.0
2024-01-30,2024,WC_PLANCHA,Plancha,Caliente,480,1,0.9,432.0
2024-01-30,2024,WC_HORNO,Horno,Caliente,480,1,0.92,441.6
2024-01-30,2024,WC_TABLA,Tabla,Fria,480,2,0.93,892.8
2024-01-30,2024,WC_EMPLATE,Emplatado,General,480,2,0.95,912.0
2024-01-31,2024,WC_SARTEN,Sartén,Caliente,480,2,0.9,864.0
2024-01-31,2024,WC_PLANCHA,Plancha,Caliente,480,1,0.9,432.0
2024-01-31,2024,WC_HORNO,Horno,Caliente,480,1,0.92,441.6
2024-01-31,2024,WC_TABLA,Tabla,Fria,480,2,0.93,892.8
2024-01-31,2024,WC_EMPLATE,Emplatado,General,480,2,0.95,912.0
2024-02-01,2024,WC_SARTEN,Sartén,Caliente,480,2,0.9,864.0
2024-02-01,2024,WC_PLANCHA,Plancha,Caliente,480,1,0.9,432.0
2024-02-01,2024,WC_HORNO,Horno,Caliente,480,1,0.92,441.6
2024-02-01,2024,WC_TABLA,Tabla,Fria,480,2,0.93,892.8
2024-02-01,2024,WC_EMPLATE,Emplatado,General,480,2,0.95,912.0
2024-02-02,2024,WC_SARTEN,Sartén,Caliente,480,2,0.9,864.0
2024-02-02,2024,WC_PLANCHA,Plancha,Caliente,480,1,0.9,432.0
2024-02-02,2024,WC_HORNO,Horno,Caliente,480,1,0.92,441.6
2024-02-02,2024,WC_TABLA,Tabla,Fria,480,2,0.93,892.8
2024-02-02,2024,WC_EMPLATE,Emplatado,General,480,2,0.95,912.0
2024-02-03,2024,WC_SARTEN,Sartén,Caliente,480,2,0.9,864.0
2024-02-03,2024,WC_PLANCHA,Plancha,Caliente,480,1,0.9,432.0
2024-02-03,2024,WC_HORNO,Horno,Caliente,480,1,0.92,441.6
2024-02-03,2024,WC_TABLA,Tabla,Fria,480,2,0.93,892.8
2024-02-03,2024,WC_EMPLATE,Emplatado,General,480,2,0.95,912.0
2024-02-04,2024,WC_SARTEN,Sartén,Caliente,480,2,0.9,864.0
2024-02-04,2024,WC_PLANCHA,Plancha,Caliente,480,1,0.9,432.0
2024-02-04,2024,WC_HORNO,Horno,Caliente,480,1,0.92,441.6
2024-02-04,2024,WC_TABLA,Tabla,Fria,480,2,0.93,892.8
2024-02-04,2024,WC_EMPLATE,Emplatado,General,480,2,0.95,912.0
2024-02-05,2024,WC_SARTEN,Sartén,Caliente,480,2,0.9,864.0
2024-02-05,2024,WC_PLANCHA,Plancha,Caliente,480,1,0.9,432.0
2024-02-05,2024,WC_HORNO,Horno,Caliente,480,1,0.92,441.6
2024-02-05,2024,WC_TABLA,Tabla,Fria,480,2,0.93,892.8
2024-02-05,2024,WC_EMPLATE,Emplatado,General,480,2,0.95,912.0
2024-02-06,2024,WC_SARTEN,Sartén,Caliente,480,2,0.9,864.0
2024-02-06,2024,WC_PLANCHA,Plancha,Caliente,480,1,0.9,432.0
2024-02-06,2024,WC_HORNO,Horno,Caliente,480,1,0.92,441.6
2024-02-06,2024,WC_TABLA,Tabla,Fria,480,2,0.93,892.8
2024-02-06,2024,WC_EMPLATE,Emplatado,General,480,2,0.95,912.0
2024-02-07,2024,WC_SARTEN,Sartén,Caliente,480,2,0.9,864.0
2024-02-07,2024,WC_PLANCHA,Plancha,Caliente,480,1,0.9,432.0
2024-02-07,2024,WC_HORNO,Horno,Caliente,480,1,0.92,441.6
2024-02-07,2024,WC_TABLA,Tabla,Fria,480,2,0.93,892.8
2024-02-07,2024,WC_EMPLATE,Emplatado,General,480,2,0.95,912.0
2024-02-08,2024,WC_SARTEN,Sartén,Caliente,480,2,0.9,864.0
2024-02-08,2024,WC_PLANCHA,Plancha,Caliente,480,1,0.9,432.0
2024-02-08,2024,WC_HORNO,Horno,Caliente,480,1,0.92,441.6
2024-02-08,2024,WC_TABLA,Tabla,Fria,480,2,0.93,892.8
2024-02-08,2024,WC_EMPLATE,Emplatado,General,480,2,0.95,912.0
2024-02-09,2024,WC_SARTEN,Sartén,Caliente,480,2,0.9,864.0
2024-02-09,2024,WC_PLANCHA,Plancha,Caliente,480,1,0.9,432.0
2024-02-09,2024,WC_HORNO,Horno,Caliente,480,1,0.92,441.6
2024-02-09,2024,WC_TABLA,Tabla,Fria,480,2,0.93,892.8
2024-02-09,2024,WC_EMPLATE,Emplatado,General,480,2,0.95,912.0
2024-02-10,2024,WC_SARTEN,Sartén,Caliente,480,2,0.9,864.0
2024-02-10,2024,WC_PLANCHA,Plancha,Caliente,480,1,0.9,432.0
2024-02-10,2024,WC_HORNO,Horno,Caliente,480,1,0.92,441.6
2024-02-10,2024,WC_TABLA,Tabla,Fria,480,2,0.93,892.8
2024-02-10,2024,WC_EMPLATE,Emplatado,General,480,2,0.95,912.0
2024-02-11,2024,WC_SARTEN,Sartén,Caliente,480,2,0.9,864.0
2024-02-11,2024,WC_PLANCHA,Plancha,Caliente,480,1,0.9,432.0
2024-02-11,2024,WC_HORNO,Horno,Caliente,480,1,0.92,441.6
2024-02-11,2024,WC_TABLA,Tabla,Fria,480,2,0.93,892.8
2024-02-11,2024,WC_EMPLATE,Emplatado,General,480,2,0.95,912.0
2024-02-12,2024,WC_SARTEN,Sartén,Caliente,480,2,0.9,864.0
2024-02-12,2024,WC_PLANCHA,Plancha,Caliente,480,1,0.9,432.0
2024-02-12,2024,WC_HORNO,Horno,Caliente,480,1,0.92,441.6
2024-02-12,2024,WC_TABLA,Tabla,Fria,480,2,0.93,892.8
2024-02-12,2024,WC_EMPLATE,Emplatado,General,480,2,0.95,912.0
2024-02-13,2024,WC_SARTEN,Sartén,Caliente,480,2,0.9,864.0
2024-02-13,2024,WC_PLANCHA,Plancha,Caliente,480,1,0.9,432.0
2024-02-13,2024,WC_HORNO,Horno,Caliente,480,1,0.92,441.6
2024-02-13,2024,WC_TABLA,Tabla,Fria,480,2,0.93,892.8
2024-02-13,2024,WC_EMPLATE,Emplatado,General,480,2,0.95,912.0
2024-02-14,2024,WC_SARTEN,Sartén,Caliente,480,2,0.9,864.0
2024-02-14,2024,WC_PLANCHA,Plancha,Caliente,480,1,0.9,432.0
2024-02-14,2024,WC_HORNO,Horno,Caliente,480,1,0.92,441.6
2024-02-14,2024,WC_TABLA,Tabla,Fria,480,2,0.93,892.8
2024-02-14,2024,WC_EMPLATE,Emplatado,General,480,2,0.95,912.0
2024-02-15,2024,WC_SARTEN,Sartén,Caliente,480,2,0.9,864.0
2024-02-15,2024,WC_PLANCHA,Plancha,Caliente,480,1,0.9,432.0
2024-02-15,2024,WC_HORNO,Horno,Caliente,480,1,0.92,441.6
2024-02-15,2024,WC_TABLA,Tabla,Fria,480,2,0.93,892.8
2024-02-15,2024,WC_EMPLATE,Emplatado,General,480,2,0.95,912.0
2024-02-16,2024,WC_SARTEN,Sartén,Caliente,480,2,0.9,864.0
2024-02-16,2024,WC_PLANCHA,Plancha,Caliente,480,1,0.9,432.0
2024-02-16,2024,WC_HORNO,Horno,Caliente,480,1,0.92,441.6
2024-02-16,2024,WC_TABLA,Tabla,Fria,480,2,0.93,892.8
2024-02-16,2024,WC_EMPLATE,Emplatado,General,480,2,0.95,912.0
2024-02-17,2024,WC_SARTEN,Sartén,Caliente,480,2,0.9,864.0
2024-02-17,2024,WC_PLANCHA,Plancha,Caliente,480,1,0.9,432.0
2024-02-17,2024,WC_HORNO,Horno,Caliente,480,1,0.92,441.6
2024-02-17,2024,WC_TABLA,Tabla,Fria,480,2,0.93,892.8
2024-02-17,2024,WC_EMPLATE,Emplatado,General,480,2,0.95,912.0
2024-02-18,2024,WC_SARTEN,Sartén,Caliente,480,2,0.9,864.0
2024-02-18,2024,WC_PLANCHA,Plancha,Caliente,480,1,0.9,432.0
2024-02-18,2024,WC_HORNO,Horno,Caliente,480,1,0.92,441.6
2024-02-18,2024,WC_TABLA,Tabla,Fria,480,2,0.93,892.8
2024-02-18,2024,WC_EMPLATE,Emplatado,General,480,2,0.95,912.0
2024-02-19,2024,WC_SARTEN,Sartén,Caliente,480,2,0.9,864.0
2024-02-19,2024,WC_PLANCHA,Plancha,Caliente,480,1,0.9,432.0
2024-02-19,2024,WC_HORNO,Horno,Caliente,480,1,0.92,441.6
2024-02-19,2024,WC_TABLA,Tabla,Fria,480,2,0.93,892.8
2024-02-19,2024,WC_EMPLATE,Emplatado,General,480,2,0.95,912.0
2024-02-20,2024,WC_SARTEN,Sartén,Caliente,480,2,0.9,864.0
2024-02-20,2024,WC_PLANCHA,Plancha,Caliente,480,1,0.9,432.0
2024-02-20,2024,WC_HORNO,Horno,Caliente,480,1,0.92,441.6
2024-02-20,2024,WC_TABLA,Tabla,Fria,480,2,0.93,892.8
2024-02-20,2024,WC_EMPLATE,Emplatado,General,480,2,0.95,912.0
2024-02-21,2024,WC_SARTEN,Sartén,Caliente,480,2,0.9,864.0
2024-02-21,2024,WC_PLANCHA,Plancha,Caliente,480,1,0.9,432.0
2024-02-21,2024,WC_HORNO,Horno,Caliente,480,1,0.92,441.6
2024-02-21,2024,WC_TABLA,Tabla,Fria,480,2,0.93,892.8
2024-02-21,2024,WC_EMPLATE,Emplatado,General,480,2,0.95,912.0
2024-02-22,2024,WC_SARTEN,Sartén,Caliente,480,2,0.9,864.0
2024-02-22,2024,WC_PLANCHA,Plancha,Caliente,480,1,0.9,432.0
2024-02-22,2024,WC_HORNO,Horno,Caliente,480,1,0.92,441.6
2024-02-22,2024,WC_TABLA,Tabla,Fria,480,2,0.93,892.8
2024-02-22,2024,WC_EMPLATE,Emplatado,General,480,2,0.95,912.0
2024-02-23,2024,WC_SARTEN,Sartén,Caliente,480,2,0.9,864.0
2024-02-23,2024,WC_PLANCHA,Plancha,Caliente,480,1,0.9,432.0
2024-02-23,2024,WC_HORNO,Horno,Caliente,480,1,0.92,441.6
2024-02-23,2024,WC_TABLA,Tabla,Fria,480,2,0.93,892.8
2024-02-23,2024,WC_EMPLATE,Emplatado,General,480,2,0.95,912.0
2024-02-24,2024,WC_SARTEN,Sartén,Caliente,480,2,0.9,864.0
2024-02-24,2024,WC_PLANCHA,Plancha,Caliente,480,1,0.9,432.0
2024-02-24,2024,WC_HORNO,Horno,Caliente,480,1,0.92,441.6
2024-02-24,2024,WC_TABLA,Tabla,Fria,480,2,0.93,892.8
2024-02-24,2024,WC_EMPLATE,Emplatado,General,480,2,0.95,912.0
2024-02-25,2024,WC_SARTEN,Sartén,Caliente,480,2,0.9,864.0
2024-02-25,2024,WC_PLANCHA,Plancha,Caliente,480,1,0.9,432.0
2024-02-25,2024,WC_HORNO,Horno,Caliente,480,1,0.92,441.6
2024-02-25,2024,WC_TABLA,Tabla,Fria,480,2,0.93,892.8
2024-02-25,2024,WC_EMPLATE,Emplatado,General,480,2,0.95,912.0
2024-02-26,2024,WC_SARTEN,Sartén,Caliente,480,2,0.9,864.0
2024-02-26,2024,WC_PLANCHA,Plancha,Caliente,480,1,0.9,432.0
2024-02-26,2024,WC_HORNO,Horno,Caliente,480,1,0.92,441.6
2024-02-26,2024,WC_TABLA,Tabla,Fria,480,2,0.93,892.8
2024-02-26,2024,WC_EMPLATE,Emplatado,General,480,2,0.95,912.0
2024-02-27,2024,WC_SARTEN,Sartén,Caliente,480,2,0.9,864.0
2024-02-27,2024,WC_PLANCHA,Plancha,Caliente,480,1,0.9,432.0
2024-02-27,2024,WC_HORNO,Horno,Caliente,480,1,0.92,441.6
2024-02-27,2024,WC_TABLA,Tabla,Fria,480,2,0.93,892.8
2024-02-27,2024,WC_EMPLATE,Emplatado,General,480,2,0.95,912.0
2024-02-28,2024,WC_SARTEN,Sartén,Caliente,480,2,0.9,864.0
2024-02-28,2024,WC_PLANCHA,Plancha,Caliente,480,1,0.9,432.0
2024-02-28,2024,WC_HORNO,Horno,Caliente,480,1,0.92,441.6
2024-02-28,2024,WC_TABLA,Tabla,Fria,480,2,0.93,892.8
2024-02-28,2024,WC_EMPLATE,Emplatado,General,480,2,0.95,912.0
2024-02-29,2024,WC_SARTEN,Sartén,Caliente,480,2,0.9,864.0
2024-02-29,2024,WC_PLANCHA,Plancha,Caliente,480,1,0.9,432.0
2024-02-29,2024,WC_HORNO,Horno,Caliente,480,1,0.92,441.6
2024-02-29,2024,WC_TABLA,Tabla,Fria,480,2,0.93,892.8
2024-02-29,2024,WC_EMPLATE,Emplatado,General,480,2,0.95,912.0
2024-03-01,2024,WC_SARTEN,Sartén,Caliente,480,2,0.9,864.0
2024-03-01,2024,WC_PLANCHA,Plancha,Caliente,480,1,0.9,432.0
2024-03-01,2024,WC_HORNO,Horno,Caliente,480,1,0.92,441.6
2024-03-01,2024,WC_TABLA,Tabla,Fria,480,2,0.93,892.8
2024-03-01,2024,WC_EMPLATE,Emplatado,General,480,2,0.95,912.0
2024-03-02,2024,WC_SARTEN,Sartén,Caliente,480,2,0.9,864.0
2024-03-02,2024,WC_PLANCHA,Plancha,Caliente,480,1,0.9,432.0
2024-03-02,2024,WC_HORNO,Horno,Caliente,480,1,0.92,441.6
2024-03-02,2024,WC_TABLA,Tabla,Fria,480,2,0.93,892.8
2024-03-02,2024,WC_EMPLATE,Emplatado,General,480,2,0.95,912.0
2024-03-03,2024,WC_SARTEN,Sartén,Caliente,480,2,0.9,864.0
2024-03-03,2024,WC_PLANCHA,Plancha,Caliente,480,1,0.9,432.0
2024-03-03,2024,WC_HORNO,Horno,Caliente,480,1,0.92,441.6
2024-03-03,2024,WC_TABLA,Tabla,Fria,480,2,0.93,892.8
2024-03-03,2024,WC_EMPLATE,Emplatado,General,480,2,0.95,912.0
2024-03-04,2024,WC_SARTEN,Sartén,Caliente,480,2,0.9,864.0
2024-03-04,2024,WC_PLANCHA,Plancha,Caliente,480,1,0.9,432.0
2024-03-04,2024,WC_HORNO,Horno,Caliente,480,1,0.92,441.6
2024-03-04,2024,WC_TABLA,Tabla,Fria,480,2,0.93,892.8
2024-03-04,2024,WC_EMPLATE,Emplatado,General,480,2,0.95,912.0
2024-03-05,2024,WC_SARTEN,Sartén,Caliente,480,2,0.9,864.0
2024-03-05,2024,WC_PLANCHA,Plancha,Caliente,480,1,0.9,432.0
2024-03-05,2024,WC_HORNO,Horno,Caliente,480,1,0.92,441.6
2024-03-05,2024,WC_TABLA,Tabla,Fria,480,2,0.93,892.8
2024-03-05,2024,WC_EMPLATE,Emplatado,General,480,2,0.95,912.0
2024-03-06,2024,WC_SARTEN,Sartén,Caliente,480,2,0.9,864.0
2024-03-06,2024,WC_PLANCHA,Plancha,Caliente,480,1,0.9,432.0
2024-03-06,2024,WC_HORNO,Horno,Caliente,480,1,0.92,441.6
2024-03-06,2024,WC_TABLA,Tabla,Fria,480,2,0.93,892.8
2024-03-06,2024,WC_EMPLATE,Emplatado,General,480,2,0.95,912.0
2024-03-07,2024,WC_SARTEN,Sartén,Caliente,480,2,0.9,864.0
2024-03-07,2024,WC_PLANCHA,Plancha,Caliente,480,1,0.9,432.0
2024-03-07,2024,WC_HORNO,Horno,Caliente,480,1,0.92,441.6
2024-03-07,2024,WC_TABLA,Tabla,Fria,480,2,0.93,892.8
2024-03-07,2024,WC_EMPLATE,Emplatado,General,480,2,0.95,912.0
2024-03-08,2024,WC_SARTEN,Sartén,Caliente,480,2,0.9,864.0
2024-03-08,2024,WC_PLANCHA,Plancha,Caliente,480,1,0.9,432.0
2024-03-08,2024,WC_HORNO,Horno,Caliente,480,1,0.92,441.6
2024-03-08,2024,WC_TABLA,Tabla,Fria,480,2,0.93,892.8
2024-03-08,2024,WC_EMPLATE,Emplatado,General,480,2,0.95,912.0
2024-03-09,2024,WC_SARTEN,Sartén,Caliente,480,2,0.9,864.0
2024-03-09,2024,WC_PLANCHA,Plancha,Caliente,480,1,0.9,432.0
2024-03-09,2024,WC_HORNO,Horno,Caliente,480,1,0.92,441.6
2024-03-09,2024,WC_TABLA,Tabla,Fria,480,2,0.93,892.8
2024-03-09,2024,WC_EMPLATE,Emplatado,General,480,2,0.95,912.0
2024-03-10,2024,WC_SARTEN,Sartén,Caliente,480,2,0.9,864.0
2024-03-10,2024,WC_PLANCHA,Plancha,Caliente,480,1,0.9,432.0
2024-03-10,2024,WC_HORNO,Horno,Caliente,480,1,0.92,441.6
2024-03-10,2024,WC_TABLA,Tabla,Fria,480,2,0.93,892.8
2024-03-10,2024,WC_EMPLATE,Emplatado,General,480,2,0.95,912.0
2024-03-11,2024,WC_SARTEN,Sartén,Caliente,480,2,0.9,864.0
2024-03-11,2024,WC_PLANCHA,Plancha,Caliente,480,1,0.9,432.0
2024-03-11,2024,WC_HORNO,Horno,Caliente,480,1,0.92,441.6
2024-03-11,2024,WC_TABLA,Tabla,Fria,480,2,0.93,892.8
2024-03-11,2024,WC_EMPLATE,Emplatado,General,480,2,0.95,912.0
2024-03-12,2024,WC_SARTEN,Sartén,Caliente,480,2,0.9,864.0
2024-03-12,2024,WC_PLANCHA,Plancha,Caliente,480,1,0.9,432.0
2024-03-12,2024,WC_HORNO,Horno,Caliente,480,1,0.92,441.6
2024-03-12,2024,WC_TABLA,Tabla,Fria,480,2,0.93,892.8
2024-03-12,2024,WC_EMPLATE,Emplatado,General,480,2,0.95,912.0
2024-03-13,2024,WC_SARTEN,Sartén,Caliente,480,2,0.9,864.0
2024-03-13,2024,WC_PLANCHA,Plancha,Caliente,480,1,0.9,432.0
2024-03-13,2024,WC_HORNO,Horno,Caliente,480,1,0.92,441.6
2024-03-13,2024,WC_TABLA,Tabla,Fria,480,2,0.93,892.8
2024-03-13,2024,WC_EMPLATE,Emplatado,General,480,2,0.95,912.0
2024-03-14,2024,WC_SARTEN,Sartén,Caliente,480,2,0.9,864.0
2024-03-14,2024,WC_PLANCHA,Plancha,Caliente,480,1,0.9,432.0
2024-03-14,2024,WC_HORNO,Horno,Caliente,480,1,0.92,441.6
2024-03-14,2024,WC_TABLA,Tabla,Fria,480,2,0.93,892.8
2024-03-14,2024,WC_EMPLATE,Emplatado,General,480,2,0.95,912.0
2024-03-15,2024,WC_SARTEN,Sartén,Caliente,480,2,0.9,864.0
2024-03-15,2024,WC_PLANCHA,Plancha,Caliente,480,1,0.9,432.0
2024-03-15,2024,WC_HORNO,Horno,Caliente,480,1,0.92,441.6
2024-03-15,2024,WC_TABLA,Tabla,Fria,480,2,0.93,892.8
2024-03-15,2024,WC_EMPLATE,Emplatado,General,480,2,0.95,912.0
2024-03-16,2024,WC_SARTEN,Sartén,Caliente,480,2,0.9,864.0
2024-03-16,2024,WC_PLANCHA,Plancha,Caliente,480,1,0.9,432.0
2024-03-16,2024,WC_HORNO,Horno,Caliente,480,1,0.92,441.6
2024-03-16,2024,WC_TABLA,Tabla,Fria,480,2,0.93,892.8
2024-03-16,2024,WC_EMPLATE,Emplatado,General,480,2,0.95,912.0
2024-03-17,2024,WC_SARTEN,Sartén,Caliente,480,2,0.9,864.0
2024-03-17,2024,WC_PLANCHA,Plancha,Caliente,480,1,0.9,432.0
2024-03-17,2024,WC_HORNO,Horno,Caliente,480,1,0.92,441.6
2024-03-17,2024,WC_TABLA,Tabla,Fria,480,2,0.93,892.8
2024-03-17,2024,WC_EMPLATE,Emplatado,General,480,2,0.95,912.0
2024-03-18,2024,WC_SARTEN,Sartén,Caliente,480,2,0.9,864.0
2024-03-18,2024,WC_PLANCHA,Plancha,Caliente,480,1,0.9,432.0
2024-03-18,2024,WC_HORNO,Horno,Caliente,480,1,0.92,441.6
2024-03-18,2024,WC_TABLA,Tabla,Fria,480,2,0.93,892.8
2024-03-18,2024,WC_EMPLATE,Emplatado,General,480,2,0.95,912.0
2024-03-19,2024,WC_SARTEN,Sartén,Caliente,480,2,0.9,864.0
2024-03-19,2024,WC_PLANCHA,Plancha,Caliente,480,1,0.9,432.0
2024-03-19,2024,WC_HORNO,Horno,Caliente,480,1,0.92,441.6
2024-03-19,2024,WC_TABLA,Tabla,Fria,480,2,0.93,892.8
2024-03-19,2024,WC_EMPLATE,Emplatado,General,480,2,0.95,912.0
2024-03-20,2024,WC_SARTEN,Sartén,Caliente,480,2,0.9,864.0
2024-03-20,2024,WC_PLANCHA,Plancha,Caliente,480,1,0.9,432.0
2024-03-20,2024,WC_HORNO,Horno,Caliente,480,1,0.92,441.6
2024-03-20,2024,WC_TABLA,Tabla,Fria,480,2,0.93,892.8
2024-03-20,2024,WC_EMPLATE,Emplatado,General,480,2,0.95,912.0
2024-03-21,2024,WC_SARTEN,Sartén,Caliente,480,2,0.9,864.0
2024-03-21,2024,WC_PLANCHA,Plancha,Caliente,480,1,0.9,432.0
2024-03-21,2024,WC_HORNO,Horno,Caliente,480,1,0.92,441.6
2024-03-21,2024,WC_TABLA,Tabla,Fria,480,2,0.93,892.8
2024-03-21,2024,WC_EMPLATE,Emplatado,General,480,2,0.95,912.0
2024-03-22,2024,WC_SARTEN,Sartén,Caliente,480,2,0.9,864.0
2024-03-22,2024,WC_PLANCHA,Plancha,Caliente,480,1,0.9,432.0
2024-03-22,2024,WC_HORNO,Horno,Caliente,480,1,0.92,441.6
2024-03-22,2024,WC_TABLA,Tabla,Fria,480,2,0.93,892.8
2024-03-22,2024,WC_EMPLATE,Emplatado,General,480,2,0.95,912.0
2024-03-23,2024,WC_SARTEN,Sartén,Caliente,480,2,0.9,864.0
2024-03-23,2024,WC_PLANCHA,Plancha,Caliente,480,1,0.9,432.0
2024-03-23,2024,WC_HORNO,Horno,Caliente,480,1,0.92,441.6
2024-03-23,2024,WC_TABLA,Tabla,Fria,480,2,0.93,892.8
2024-03-23,2024,WC_EMPLATE,Emplatado,General,480,2,0.95,912.0
2024-03-24,2024,WC_SARTEN,Sartén,Caliente,480,2,0.9,864.0
2024-03-24,2024,WC_PLANCHA,Plancha,Caliente,480,1,0.9,432.0
2024-03-24,2024,WC_HORNO,Horno,Caliente,480,1,0.92,441.6
2024-03-24,2024,WC_TABLA,Tabla,Fria,480,2,0.93,892.8
2024-03-24,2024,WC_EMPLATE,Emplatado,General,480,2,0.95,912.0
2024-03-25,2024,WC_SARTEN,Sartén,Caliente,480,2,0.9,864.0
2024-03-25,2024,WC_PLANCHA,Plancha,Caliente,480,1,0.9,432.0
2024-03-25,2024,WC_HORNO,Horno,Caliente,480,1,0.92,441.6
2024-03-25,2024,WC_TABLA,Tabla,Fria,480,2,0.93,892.8
2024-03-25,2024,WC_EMPLATE,Emplatado,General,480,2,0.95,912.0
2024-03-26,2024,WC_SARTEN,Sartén,Caliente,480,2,0.9,864.0
2024-03-26,2024,WC_PLANCHA,Plancha,Caliente,480,1,0.9,432.0
2024-03-26,2024,WC_HORNO,Horno,Caliente,480,1,0.92,441.6
2024-03-26,2024,WC_TABLA,Tabla,Fria,480,2,0.93,892.8
2024-03-26,2024,WC_EMPLATE,Emplatado,General,480,2,0.95,912.0
2024-03-27,2024,WC_SARTEN,Sartén,Caliente,480,2,0.9,864.0
2024-03-27,2024,WC_PLANCHA,Plancha,Caliente,480,1,0.9,432.0
2024-03-27,2024,WC_HORNO,Horno,Caliente,480,1,0.92,441.6
2024-03-27,2024,WC_TABLA,Tabla,Fria,480,2,0.93,892.8
2024-03-27,2024,WC_EMPLATE,Emplatado,General,480,2,0.95,912.0
2024-03-28,2024,WC_SARTEN,Sartén,Caliente,480,2,0.9,864.0
2024-03-28,2024,WC_PLANCHA,Plancha,Caliente,480,1,0.9,432.0
2024-03-28,2024,WC_HORNO,Horno,Caliente,480,1,0.92,441.6
2024-03-28,2024,WC_TABLA,Tabla,Fria,480,2,0.93,892.8
2024-03-28,2024,WC_EMPLATE,Emplatado,General,480,2,0.95,912.0
2024-03-29,2024,WC_SARTEN,Sartén,Caliente,480,2,0.937,899.3
2024-03-29,2024,WC_PLANCHA,Plancha,Caliente,480,1,0.908,435.6
2024-03-29,2024,WC_HORNO,Horno,Caliente,480,1,0.911,437.2
2024-03-29,2024,WC_TABLA,Tabla,Fria,480,2,0.926,889.4
2024-03-29,2024,WC_EMPLATE,Emplatado,General,480,2,0.992,952.8
2024-03-30,2024,WC_SARTEN,Sartén,Caliente,480,2,0.869,834.0
2024-03-30,2024,WC_PLANCHA,Plancha,Caliente,480,1,0.908,435.7
2024-03-30,2024,WC_HORNO,Horno,Caliente,480,1,0.921,441.9
2024-03-30,2024,WC_TABLA,Tabla,Fria,480,2,0.94,902.8
2024-03-30,2024,WC_EMPLATE,Emplatado,General,480,2,0.904,868.1
2024-03-31,2024,WC_SARTEN,Sartén,Caliente,480,2,0.9,864.0
2024-03-31,2024,WC_PLANCHA,Plancha,Caliente,480,1,0.9,432.0
2024-03-31,2024,WC_HORNO,Horno,Caliente,480,1,0.92,441.6
2024-03-31,2024,WC_TABLA,Tabla,Fria,480,2,0.93,892.8
2024-03-31,2024,WC_EMPLATE,Emplatado,General,480,2,0.95,912.0
2024-04-01,2024,WC_SARTEN,Sartén,Caliente,480,2,0.9,864.0
2024-04-01,2024,WC_PLANCHA,Plancha,Caliente,480,1,0.9,432.0
2024-04-01,2024,WC_HORNO,Horno,Caliente,480,1,0.92,441.6
2024-04-01,2024,WC_TABLA,Tabla,Fria,480,2,0.93,892.8
2024-04-01,2024,WC_EMPLATE,Emplatado,General,480,2,0.95,912.0
2024-04-02,2024,WC_SARTEN,Sartén,Caliente,480,2,0.9,864.0
2024-04-02,2024,WC_PLANCHA,Plancha,Caliente,480,1,0.9,432.0
2024-04-02,2024,WC_HORNO,Horno,Caliente,480,1,0.92,441.6
2024-04-02,2024,WC_TABLA,Tabla,Fria,480,2,0.93,892.8
2024-04-02,2024,WC_EMPLATE,Emplatado,General,480,2,0.95,912.0
2024-04-03,2024,WC_SARTEN,Sartén,Caliente,480,2,0.9,864.0
2024-04-03,2024,WC_PLANCHA,Plancha,Caliente,480,1,0.9,432.0
2024-04-03,2024,WC_HORNO,Horno,Caliente,480,1,0.92,441.6
2024-04-03,2024,WC_TABLA,Tabla,Fria,480,2,0.93,892.8
2024-04-03,2024,WC_EMPLATE,Emplatado,General,480,2,0.95,912.0
2024-04-04,2024,WC_SARTEN,Sartén,Caliente,480,2,0.9,864.0
2024-04-04,2024,WC_PLANCHA,Plancha,Caliente,480,1,0.9,432.0
2024-04-04,2024,WC_HORNO,Horno,Caliente,480,1,0.92,441.6
2024-04-04,2024,WC_TABLA,Tabla,Fria,480,2,0.93,892.8
2024-04-04,2024,WC_EMPLATE,Emplatado,General,480,2,0.95,912.0
2024-04-05,2024,WC_SARTEN,Sartén,Caliente,480,2,0.9,864.0
2024-04-05,2024,WC_PLANCHA,Plancha,Caliente,480,1,0.9,432.0
2024-04-05,2024,WC_HORNO,Horno,Caliente,480,1,0.92,441.6
2024-04-05,2024,WC_TABLA,Tabla,Fria,480,2,0.93,892.8
2024-04-05,2024,WC_EMPLATE,Emplatado,General,480,2,0.95,912.0
2024-04-06,2024,WC_SARTEN,Sartén,Caliente,480,2,0.9,864.0
2024-04-06,2024,WC_PLANCHA,Plancha,Caliente,480,1,0.9,432.0
2024-04-06,2024,WC_HORNO,Horno,Caliente,480,1,0.92,441.6
2024-04-06,2024,WC_TABLA,Tabla,Fria,480,2,0.93,892.8
2024-04-06,2024,WC_EMPLATE,Emplatado,General,480,2,0.95,912.0
2024-04-07,2024,WC_SARTEN,Sartén,Caliente,480,2,0.9,864.0
2024-04-07,2024,WC_PLANCHA,Plancha,Caliente,480,1,0.9,432.0
2024-04-07,2024,WC_HORNO,Horno,Caliente,480,1,0.92,441.6
2024-04-07,2024,WC_TABLA,Tabla,Fria,480,2,0.93,892.8
2024-04-07,2024,WC_EMPLATE,Emplatado,General,480,2,0.95,912.0
2024-04-08,2024,WC_SARTEN,Sartén,Caliente,480,2,0.9,864.0
2024-04-08,2024,WC_PLANCHA,Plancha,Caliente,480,1,0.9,432.0
2024-04-08,2024,WC_HORNO,Horno,Caliente,480,1,0.92,441.6
2024-04-08,2024,WC_TABLA,Tabla,Fria,480,2,0.93,892.8
2024-04-08,2024,WC_EMPLATE,Emplatado,General,480,2,0.95,912.0
2024-04-09,2024,WC_SARTEN,Sartén,Caliente,480,2,0.9,864.0
2024-04-09,2024,WC_PLANCHA,Plancha,Caliente,480,1,0.9,432.0
2024-04-09,2024,WC_HORNO,Horno,Caliente,480,1,0.92,441.6
2024-04-09,2024,WC_TABLA,Tabla,Fria,480,2,0.93,892.8
2024-04-09,2024,WC_EMPLATE,Emplatado,General,480,2,0.95,912.0
2024-04-10,2024,WC_SARTEN,Sartén,Caliente,480,2,0.9,864.0
2024-04-10,2024,WC_PLANCHA,Plancha,Caliente,480,1,0.9,432.0
2024-04-10,2024,WC_HORNO,Horno,Caliente,480,1,0.92,441.6
2024-04-10,2024,WC_TABLA,Tabla,Fria,480,2,0.93,892.8
2024-04-10,2024,WC_EMPLATE,Emplatado,General,480,2,0.95,912.0
2024-04-11,2024,WC_SARTEN,Sartén,Caliente,480,2,0.9,864.0
2024-04-11,2024,WC_PLANCHA,Plancha,Caliente,480,1,0.9,432.0
2024-04-11,2024,WC_HORNO,Horno,Caliente,480,1,0.92,441.6
2024-04-11,2024,WC_TABLA,Tabla,Fria,480,2,0.93,892.8
2024-04-11,2024,WC_EMPLATE,Emplatado,General,480,2,0.95,912.0
2024-04-12,2024,WC_SARTEN,Sartén,Caliente,480,2,0.9,864.0
2024-04-12,2024,WC_PLANCHA,Plancha,Caliente,480,1,0.9,432.0
2024-04-12,2024,WC_HORNO,Horno,Caliente,480,1,0.92,441.6
2024-04-12,2024,WC_TABLA,Tabla,Fria,480,2,0.93,892.8
2024-04-12,2024,WC_EMPLATE,Emplatado,General,480,2,0.95,912.0
2024-04-13,2024,WC_SARTEN,Sartén,Caliente,480,2,0.9,864.0
2024-04-13,2024,WC_PLANCHA,Plancha,Caliente,480,1,0.9,432.0
2024-04-13,2024,WC_HORNO,Horno,Caliente,480,1,0.92,441.6
2024-04-13,2024,WC_TABLA,Tabla,Fria,480,2,0.93,892.8
2024-04-13,2024,WC_EMPLATE,Emplatado,General,480,2,0.95,912.0
2024-04-14,2024,WC_SARTEN,Sartén,Caliente,480,2,0.9,864.0
2024-04-14,2024,WC_PLANCHA,Plancha,Caliente,480,1,0.9,432.0
2024-04-14,2024,WC_HORNO,Horno,Caliente,480,1,0.92,441.6
2024-04-14,2024,WC_TABLA,Tabla,Fria,480,2,0.93,892.8
2024-04-14,2024,WC_EMPLATE,Emplatado,General,480,2,0.95,912.0
2024-04-15,2024,WC_SARTEN,Sartén,Caliente,480,2,0.9,864.0
2024-04-15,2024,WC_PLANCHA,Plancha,Caliente,480,1,0.9,432.0
2024-04-15,2024,WC_HORNO,Horno,Caliente,480,1,0.92,441.6
2024-04-15,2024,WC_TABLA,Tabla,Fria,480,2,0.93,892.8
2024-04-15,2024,WC_EMPLATE,Emplatado,General,480,2,0.95,912.0
2024-04-16,2024,WC_SARTEN,Sartén,Caliente,480,2,0.9,864.0
2024-04-16,2024,WC_PLANCHA,Plancha,Caliente,480,1,0.9,432.0
2024-04-16,2024,WC_HORNO,Horno,Caliente,480,1,0.92,441.6
2024-04-16,2024,WC_TABLA,Tabla,Fria,480,2,0.93,892.8
2024-04-16,2024,WC_EMPLATE,Emplatado,General,480,2,0.95,912.0
2024-04-17,2024,WC_SARTEN,Sartén,Caliente,480,2,0.9,864.0
2024-04-17,2024,WC_PLANCHA,Plancha,Caliente,480,1,0.9,432.0
2024-04-17,2024,WC_HORNO,Horno,Caliente,480,1,0.92,441.6
2024-04-17,2024,WC_TABLA,Tabla,Fria,480,2,0.93,892.8
2024-04-17,2024,WC_EMPLATE,Emplatado,General,480,2,0.95,912.0
2024-04-18,2024,WC_SARTEN,Sartén,Caliente,480,2,0.9,864.0
2024-04-18,2024,WC_PLANCHA,Plancha,Caliente,480,1,0.9,432.0
2024-04-18,2024,WC_HORNO,Horno,Caliente,480,1,0.92,441.6
2024-04-18,2024,WC_TABLA,Tabla,Fria,480,2,0.93,892.8
2024-04-18,2024,WC_EMPLATE,Emplatado,General,480,2,0.95,912.0
2024-04-19,2024,WC_SARTEN,Sartén,Caliente,480,2,0.9,864.0
2024-04-19,2024,WC_PLANCHA,Plancha,Caliente,480,1,0.9,432.0
2024-04-19,2024,WC_HORNO,Horno,Caliente,480,1,0.92,441.6
2024-04-19,2024,WC_TABLA,Tabla,Fria,480,2,0.93,892.8
2024-04-19,2024,WC_EMPLATE,Emplatado,General,480,2,0.95,912.0
2024-04-20,2024,WC_SARTEN,Sartén,Caliente,480,2,0.9,864.0
2024-04-20,2024,WC_PLANCHA,Plancha,Caliente,480,1,0.9,432.0
2024-04-20,2024,WC_HORNO,Horno,Caliente,480,1,0.92,441.6
2024-04-20,2024,WC_TABLA,Tabla,Fria,480,2,0.93,892.8
2024-04-20,2024,WC_EMPLATE,Emplatado,General,480,2,0.95,912.0
2024-04-21,2024,WC_SARTEN,Sartén,Caliente,480,2,0.9,864.0
2024-04-21,2024,WC_PLANCHA,Plancha,Caliente,480,1,0.9,432.0
2024-04-21,2024,WC_HORNO,Horno,Caliente,480,1,0.92,441.6
2024-04-21,2024,WC_TABLA,Tabla,Fria,480,2,0.93,892.8
2024-04-21,2024,WC_EMPLATE,Emplatado,General,480,2,0.95,912.0
2024-04-22,2024,WC_SARTEN,Sartén,Caliente,480,2,0.9,864.0
2024-04-22,2024,WC_PLANCHA,Plancha,Caliente,480,1,0.9,432.0
2024-04-22,2024,WC_HORNO,Horno,Caliente,480,1,0.92,441.6
2024-04-22,2024,WC_TABLA,Tabla,Fria,480,2,0.93,892.8
2024-04-22,2024,WC_EMPLATE,Emplatado,General,480,2,0.95,912.0
2024-04-23,2024,WC_SARTEN,Sartén,Caliente,480,2,0.9,864.0
2024-04-23,2024,WC_PLANCHA,Plancha,Caliente,480,1,0.9,432.0
2024-04-23,2024,WC_HORNO,Horno,Caliente,480,1,0.92,441.6
2024-04-23,2024,WC_TABLA,Tabla,Fria,480,2,0.93,892.8
2024-04-23,2024,WC_EMPLATE,Emplatado,General,480,2,0.95,912.0
2024-04-24,2024,WC_SARTEN,Sartén,Caliente,480,2,0.9,864.0
2024-04-24,2024,WC_PLANCHA,Plancha,Caliente,480,1,0.9,432.0
2024-04-24,2024,WC_HORNO,Horno,Caliente,480,1,0.92,441.6
2024-04-24,2024,WC_TABLA,Tabla,Fria,480,2,0.93,892.8
2024-04-24,2024,WC_EMPLATE,Emplatado,General,480,2,0.95,912.0
2024-04-25,2024,WC_SARTEN,Sartén,Caliente,480,2,0.9,864.0
2024-04-25,2024,WC_PLANCHA,Plancha,Caliente,480,1,0.9,432.0
2024-04-25,2024,WC_HORNO,Horno,Caliente,480,1,0.92,441.6
2024-04-25,2024,WC_TABLA,Tabla,Fria,480,2,0.93,892.8
2024-04-25,2024,WC_EMPLATE,Emplatado,General,480,2,0.95,912.0
2024-04-26,2024,WC_SARTEN,Sartén,Caliente,480,2,0.9,864.0
2024-04-26,2024,WC_PLANCHA,Plancha,Caliente,480,1,0.9,432.0
2024-04-26,2024,WC_HORNO,Horno,Caliente,480,1,0.92,441.6
2024-04-26,2024,WC_TABLA,Tabla,Fria,480,2,0.93,892.8
2024-04-26,2024,WC_EMPLATE,Emplatado,General,480,2,0.95,912.0
2024-04-27,2024,WC_SARTEN,Sartén,Caliente,480,2,0.9,864.0
2024-04-27,2024,WC_PLANCHA,Plancha,Caliente,480,1,0.9,432.0
2024-04-27,2024,WC_HORNO,Horno,Caliente,480,1,0.92,441.6
2024-04-27,2024,WC_TABLA,Tabla,Fria,480,2,0.93,892.8
2024-04-27,2024,WC_EMPLATE,Emplatado,General,480,2,0.95,912.0
2024-04-28,2024,WC_SARTEN,Sartén,Caliente,480,2,0.9,864.0
2024-04-28,2024,WC_PLANCHA,Plancha,Caliente,480,1,0.9,432.0
2024-04-28,2024,WC_HORNO,Horno,Caliente,480,1,0.92,441.6
2024-04-28,2024,WC_TABLA,Tabla,Fria,480,2,0.93,892.8
2024-04-28,2024,WC_EMPLATE,Emplatado,General,480,2,0.95,912.0
2024-04-29,2024,WC_SARTEN,Sartén,Caliente,480,2,0.9,864.0
2024-04-29,2024,WC_PLANCHA,Plancha,Caliente,480,1,0.9,432.0
2024-04-29,2024,WC_HORNO,Horno,Caliente,480,1,0.92,441.6
2024-04-29,2024,WC_TABLA,Tabla,Fria,480,2,0.93,892.8
2024-04-29,2024,WC_EMPLATE,Emplatado,General,480,2,0.95,912.0
2024-04-30,2024,WC_SARTEN,Sartén,Caliente,480,2,0.9,864.0
2024-04-30,2024,WC_PLANCHA,Plancha,Caliente,480,1,0.9,432.0
2024-04-30,2024,WC_HORNO,Horno,Caliente,480,1,0.92,441.6
2024-04-30,2024,WC_TABLA,Tabla,Fria,480,2,0.93,892.8
2024-04-30,2024,WC_EMPLATE,Emplatado,General,480,2,0.95,912.0
2024-05-01,2024,WC_SARTEN,Sartén,Caliente,480,2,0.933,896.2
2024-05-01,2024,WC_PLANCHA,Plancha,Caliente,480,1,0.939,450.7
2024-05-01,2024,WC_HORNO,Horno,Caliente,480,1,0.926,444.5
2024-05-01,2024,WC_TABLA,Tabla,Fria,480,2,0.948,910.4
2024-05-01,2024,WC_EMPLATE,Emplatado,General,480,2,0.99,950.5
2024-05-02,2024,WC_SARTEN,Sartén,Caliente,480,2,0.9,864.0
2024-05-02,2024,WC_PLANCHA,Plancha,Caliente,480,1,0.9,432.0
2024-05-02,2024,WC_HORNO,Horno,Caliente,480,1,0.92,441.6
2024-05-02,2024,WC_TABLA,Tabla,Fria,480,2,0.93,892.8
2024-05-02,2024,WC_EMPLATE,Emplatado,General,480,2,0.95,912.0
2024-05-03,2024,WC_SARTEN,Sartén,Caliente,480,2,0.9,864.0
2024-05-03,2024,WC_PLANCHA,Plancha,Caliente,480,1,0.9,432.0
2024-05-03,2024,WC_HORNO,Horno,Caliente,480,1,0.92,441.6
2024-05-03,2024,WC_TABLA,Tabla,Fria,480,2,0.93,892.8
2024-05-03,2024,WC_EMPLATE,Emplatado,General,480,2,0.95,912.0
2024-05-04,2024,WC_SARTEN,Sartén,Caliente,480,2,0.9,864.0
2024-05-04,2024,WC_PLANCHA,Plancha,Caliente,480,1,0.9,432.0
2024-05-04,2024,WC_HORNO,Horno,Caliente,480,1,0.92,441.6
2024-05-04,2024,WC_TABLA,Tabla,Fria,480,2,0.93,892.8
2024-05-04,2024,WC_EMPLATE,Emplatado,General,480,2,0.95,912.0
2024-05-05,2024,WC_SARTEN,Sartén,Caliente,480,2,0.9,864.0
2024-05-05,2024,WC_PLANCHA,Plancha,Caliente,480,1,0.9,432.0
2024-05-05,2024,WC_HORNO,Horno,Caliente,480,1,0.92,441.6
2024-05-05,2024,WC_TABLA,Tabla,Fria,480,2,0.93,892.8
2024-05-05,2024,WC_EMPLATE,Emplatado,General,480,2,0.95,912.0
2024-05-06,2024,WC_SARTEN,Sartén,Caliente,480,2,0.9,864.0
2024-05-06,2024,WC_PLANCHA,Plancha,Caliente,480,1,0.9,432.0
2024-05-06,2024,WC_HORNO,Horno,Caliente,480,1,0.92,441.6
2024-05-06,2024,WC_TABLA,Tabla,Fria,480,2,0.93,892.8
2024-05-06,2024,WC_EMPLATE,Emplatado,General,480,2,0.95,912.0
2024-05-07,2024,WC_SARTEN,Sartén,Caliente,480,2,0.9,864.0
2024-05-07,2024,WC_PLANCHA,Plancha,Caliente,480,1,0.9,432.0
2024-05-07,2024,WC_HORNO,Horno,Caliente,480,1,0.92,441.6
2024-05-07,2024,WC_TABLA,Tabla,Fria,480,2,0.93,892.8
2024-05-07,2024,WC_EMPLATE,Emplatado,General,480,2,0.95,912.0
2024-05-08,2024,WC_SARTEN,Sartén,Caliente,480,2,0.9,864.0
2024-05-08,2024,WC_PLANCHA,Plancha,Caliente,480,1,0.9,432.0
2024-05-08,2024,WC_HORNO,Horno,Caliente,480,1,0.92,441.6
2024-05-08,2024,WC_TABLA,Tabla,Fria,480,2,0.93,892.8
2024-05-08,2024,WC_EMPLATE,Emplatado,General,480,2,0.95,912.0
2024-05-09,2024,WC_SARTEN,Sartén,Caliente,480,2,0.9,864.0
2024-05-09,2024,WC_PLANCHA,Plancha,Caliente,480,1,0.9,432.0
2024-05-09,2024,WC_HORNO,Horno,Caliente,480,1,0.92,441.6
2024-05-09,2024,WC_TABLA,Tabla,Fria,480,2,0.93,892.8
2024-05-09,2024,WC_EMPLATE,Emplatado,General,480,2,0.95,912.0
2024-05-10,2024,WC_SARTEN,Sartén,Caliente,480,2,0.9,864.0
2024-05-10,2024,WC_PLANCHA,Plancha,Caliente,480,1,0.9,432.0
2024-05-10,2024,WC_HORNO,Horno,Caliente,480,1,0.92,441.6
2024-05-10,2024,WC_TABLA,Tabla,Fria,480,2,0.93,892.8
2024-05-10,2024,WC_EMPLATE,Emplatado,General,480,2,0.95,912.0
2024-05-11,2024,WC_SARTEN,Sartén,Caliente,480,2,0.9,864.0
2024-05-11,2024,WC_PLANCHA,Plancha,Caliente,480,1,0.9,432.0
2024-05-11,2024,WC_HORNO,Horno,Caliente,480,1,0.92,441.6
2024-05-11,2024,WC_TABLA,Tabla,Fria,480,2,0.93,892.8
2024-05-11,2024,WC_EMPLATE,Emplatado,General,480,2,0.95,912.0
2024-05-12,2024,WC_SARTEN,Sartén,Caliente,480,2,0.9,864.0
2024-05-12,2024,WC_PLANCHA,Plancha,Caliente,480,1,0.9,432.0
2024-05-12,2024,WC_HORNO,Horno,Caliente,480,1,0.92,441.6
2024-05-12,2024,WC_TABLA,Tabla,Fria,480,2,0.93,892.8
2024-05-12,2024,WC_EMPLATE,Emplatado,General,480,2,0.95,912.0
2024-05-13,2024,WC_SARTEN,Sartén,Caliente,480,2,0.9,864.0
2024-05-13,2024,WC_PLANCHA,Plancha,Caliente,480,1,0.9,432.0
2024-05-13,2024,WC_HORNO,Horno,Caliente,480,1,0.92,441.6
2024-05-13,2024,WC_TABLA,Tabla,Fria,480,2,0.93,892.8
2024-05-13,2024,WC_EMPLATE,Emplatado,General,480,2,0.95,912.0
2024-05-14,2024,WC_SARTEN,Sartén,Caliente,480,2,0.9,864.0
2024-05-14,2024,WC_PLANCHA,Plancha,Caliente,480,1,0.9,432.0
2024-05-14,2024,WC_HORNO,Horno,Caliente,480,1,0.92,441.6
2024-05-14,2024,WC_TABLA,Tabla,Fria,480,2,0.93,892.8
2024-05-14,2024,WC_EMPLATE,Emplatado,General,480,2,0.95,912.0
2024-05-15,2024,WC_SARTEN,Sartén,Caliente,480,2,0.9,864.0
2024-05-15,2024,WC_PLANCHA,Plancha,Caliente,480,1,0.9,432.0
2024-05-15,2024,WC_HORNO,Horno,Caliente,480,1,0.92,441.6
2024-05-15,2024,WC_TABLA,Tabla,Fria,480,2,0.93,892.8
2024-05-15,2024,WC_EMPLATE,Emplatado,General,480,2,0.95,912.0
2024-05-16,2024,WC_SARTEN,Sartén,Caliente,480,2,0.9,864.0
2024-05-16,2024,WC_PLANCHA,Plancha,Caliente,480,1,0.9,432.0
2024-05-16,2024,WC_HORNO,Horno,Caliente,480,1,0.92,441.6
2024-05-16,2024,WC_TABLA,Tabla,Fria,480,2,0.93,892.8
2024-05-16,2024,WC_EMPLATE,Emplatado,General,480,2,0.95,912.0
2024-05-17,2024,WC_SARTEN,Sartén,Caliente,480,2,0.919,881.9
2024-05-17,2024,WC_PLANCHA,Plancha,Caliente,480,1,0.869,417.0
2024-05-17,2024,WC_HORNO,Horno,Caliente,480,1,0.927,445.0
2024-05-17,2024,WC_TABLA,Tabla,Fria,480,2,0.94,902.3
2024-05-17,2024,WC_EMPLATE,Emplatado,General,480,2,0.943,905.1
2024-05-18,2024,WC_SARTEN,Sartén,Caliente,480,2,0.9,864.0
2024-05-18,2024,WC_PLANCHA,Plancha,Caliente,480,1,0.9,432.0
2024-05-18,2024,WC_HORNO,Horno,Caliente,480,1,0.92,441.6
2024-05-18,2024,WC_TABLA,Tabla,Fria,480,2,0.93,892.8
2024-05-18,2024,WC_EMPLATE,Emplatado,General,480,2,0.95,912.0
2024-05-19,2024,WC_SARTEN,Sartén,Caliente,480,2,0.9,864.0
2024-05-19,2024,WC_PLANCHA,Plancha,Caliente,480,1,0.9,432.0
2024-05-19,2024,WC_HORNO,Horno,Caliente,480,1,0.92,441.6
2024-05-19,2024,WC_TABLA,Tabla,Fria,480,2,0.93,892.8
2024-05-19,2024,WC_EMPLATE,Emplatado,General,480,2,0.95,912.0
2024-05-20,2024,WC_SARTEN,Sartén,Caliente,480,2,0.9,864.0
2024-05-20,2024,WC_PLANCHA,Plancha,Caliente,480,1,0.9,432.0
2024-05-20,2024,WC_HORNO,Horno,Caliente,480,1,0.92,441.6
2024-05-20,2024,WC_TABLA,Tabla,Fria,480,2,0.93,892.8
2024-05-20,2024,WC_EMPLATE,Emplatado,General,480,2,0.95,912.0
2024-05-21,2024,WC_SARTEN,Sartén,Caliente,480,2,0.9,864.0
2024-05-21,2024,WC_PLANCHA,Plancha,Caliente,480,1,0.9,432.0
2024-05-21,2024,WC_HORNO,Horno,Caliente,480,1,0.92,441.6
2024-05-21,2024,WC_TABLA,Tabla,Fria,480,2,0.93,892.8
2024-05-21,2024,WC_EMPLATE,Emplatado,General,480,2,0.95,912.0
2024-05-22,2024,WC_SARTEN,Sartén,Caliente,480,2,0.9,864.0
2024-05-22,2024,WC_PLANCHA,Plancha,Caliente,480,1,0.9,432.0
2024-05-22,2024,WC_HORNO,Horno,Caliente,480,1,0.92,441.6
2024-05-22,2024,WC_TABLA,Tabla,Fria,480,2,0.93,892.8
2024-05-22,2024,WC_EMPLATE,Emplatado,General,480,2,0.95,912.0
2024-05-23,2024,WC_SARTEN,Sartén,Caliente,480,2,0.9,864.0
2024-05-23,2024,WC_PLANCHA,Plancha,Caliente,480,1,0.9,432.0
2024-05-23,2024,WC_HORNO,Horno,Caliente,480,1,0.92,441.6
2024-05-23,2024,WC_TABLA,Tabla,Fria,480,2,0.93,892.8
2024-05-23,2024,WC_EMPLATE,Emplatado,General,480,2,0.95,912.0
2024-05-24,2024,WC_SARTEN,Sartén,Caliente,480,2,0.9,864.0
2024-05-24,2024,WC_PLANCHA,Plancha,Caliente,480,1,0.9,432.0
2024-05-24,2024,WC_HORNO,Horno,Caliente,480,1,0.92,441.6
2024-05-24,2024,WC_TABLA,Tabla,Fria,480,2,0.93,892.8
2024-05-24,2024,WC_EMPLATE,Emplatado,General,480,2,0.95,912.0
2024-05-25,2024,WC_SARTEN,Sartén,Caliente,480,2,0.9,864.0
2024-05-25,2024,WC_PLANCHA,Plancha,Caliente,480,1,0.9,432.0
2024-05-25,2024,WC_HORNO,Horno,Caliente,480,1,0.92,441.6
2024-05-25,2024,WC_TABLA,Tabla,Fria,480,2,0.93,892.8
2024-05-25,2024,WC_EMPLATE,Emplatado,General,480,2,0.95,912.0
2024-05-26,2024,WC_SARTEN,Sartén,Caliente,480,2,0.9,864.0
2024-05-26,2024,WC_PLANCHA,Plancha,Caliente,480,1,0.9,432.0
2024-05-26,2024,WC_HORNO,Horno,Caliente,480,1,0.92,441.6
2024-05-26,2024,WC_TABLA,Tabla,Fria,480,2,0.93,892.8
2024-05-26,2024,WC_EMPLATE,Emplatado,General,480,2,0.95,912.0
2024-05-27,2024,WC_SARTEN,Sartén,Caliente,480,2,0.9,864.0
2024-05-27,2024,WC_PLANCHA,Plancha,Caliente,480,1,0.9,432.0
2024-05-27,2024,WC_HORNO,Horno,Caliente,480,1,0.92,441.6
2024-05-27,2024,WC_TABLA,Tabla,Fria,480,2,0.93,892.8
2024-05-27,2024,WC_EMPLATE,Emplatado,General,480,2,0.95,912.0
2024-05-28,2024,WC_SARTEN,Sartén,Caliente,480,2,0.9,864.0
2024-05-28,2024,WC_PLANCHA,Plancha,Caliente,480,1,0.9,432.0
2024-05-28,2024,WC_HORNO,Horno,Caliente,480,1,0.92,441.6
2024-05-28,2024,WC_TABLA,Tabla,Fria,480,2,0.93,892.8
2024-05-28,2024,WC_EMPLATE,Emplatado,General,480,2,0.95,912.0
2024-05-29,2024,WC_SARTEN,Sartén,Caliente,480,2,0.9,864.0
2024-05-29,2024,WC_PLANCHA,Plancha,Caliente,480,1,0.9,432.0
2024-05-29,2024,WC_HORNO,Horno,Caliente,480,1,0.92,441.6
2024-05-29,2024,WC_TABLA,Tabla,Fria,480,2,0.93,892.8
2024-05-29,2024,WC_EMPLATE,Emplatado,General,480,2,0.95,912.0
2024-05-30,2024,WC_SARTEN,Sartén,Caliente,480,2,0.9,864.0
2024-05-30,2024,WC_PLANCHA,Plancha,Caliente,480,1,0.9,432.0
2024-05-30,2024,WC_HORNO,Horno,Caliente,480,1,0.92,441.6
2024-05-30,2024,WC_TABLA,Tabla,Fria,480,2,0.93,892.8
2024-05-30,2024,WC_EMPLATE,Emplatado,General,480,2,0.95,912.0
2024-05-31,2024,WC_SARTEN,Sartén,Caliente,480,2,0.9,864.0
2024-05-31,2024,WC_PLANCHA,Plancha,Caliente,480,1,0.9,432.0
2024-05-31,2024,WC_HORNO,Horno,Caliente,480,1,0.92,441.6
2024-05-31,2024,WC_TABLA,Tabla,Fria,480,2,0.93,892.8
2024-05-31,2024,WC_EMPLATE,Emplatado,General,480,2,0.95,912.0
2024-06-01,2024,WC_SARTEN,Sartén,Caliente,480,2,0.9,864.0
2024-06-01,2024,WC_PLANCHA,Plancha,Caliente,480,1,0.9,432.0
2024-06-01,2024,WC_HORNO,Horno,Caliente,480,1,0.92,441.6
2024-06-01,2024,WC_TABLA,Tabla,Fria,480,2,0.93,892.8
2024-06-01,2024,WC_EMPLATE,Emplatado,General,480,2,0.95,912.0
2024-06-02,2024,WC_SARTEN,Sartén,Caliente,480,2,0.9,864.0
2024-06-02,2024,WC_PLANCHA,Plancha,Caliente,480,1,0.9,432.0
2024-06-02,2024,WC_HORNO,Horno,Caliente,480,1,0.92,441.6
2024-06-02,2024,WC_TABLA,Tabla,Fria,480,2,0.93,892.8
2024-06-02,2024,WC_EMPLATE,Emplatado,General,480,2,0.95,912.0
2024-06-03,2024,WC_SARTEN,Sartén,Caliente,480,2,0.9,864.0
2024-06-03,2024,WC_PLANCHA,Plancha,Caliente,480,1,0.9,432.0
2024-06-03,2024,WC_HORNO,Horno,Caliente,480,1,0.92,441.6
2024-06-03,2024,WC_TABLA,Tabla,Fria,480,2,0.93,892.8
2024-06-03,2024,WC_EMPLATE,Emplatado,General,480,2,0.95,912.0
2024-06-04,2024,WC_SARTEN,Sartén,Caliente,480,2,0.9,864.0
2024-06-04,2024,WC_PLANCHA,Plancha,Caliente,480,1,0.9,432.0
2024-06-04,2024,WC_HORNO,Horno,Caliente,480,1,0.92,441.6
2024-06-04,2024,WC_TABLA,Tabla,Fria,480,2,0.93,892.8
2024-06-04,2024,WC_EMPLATE,Emplatado,General,480,2,0.95,912.0
2024-06-05,2024,WC_SARTEN,Sartén,Caliente,480,2,0.9,864.0
2024-06-05,2024,WC_PLANCHA,Plancha,Caliente,480,1,0.9,432.0
2024-06-05,2024,WC_HORNO,Horno,Caliente,480,1,0.92,441.6
2024-06-05,2024,WC_TABLA,Tabla,Fria,480,2,0.93,892.8
2024-06-05,2024,WC_EMPLATE,Emplatado,General,480,2,0.95,912.0
2024-06-06,2024,WC_SARTEN,Sartén,Caliente,480,2,0.9,864.0
2024-06-06,2024,WC_PLANCHA,Plancha,Caliente,480,1,0.9,432.0
2024-06-06,2024,WC_HORNO,Horno,Caliente,480,1,0.92,441.6
2024-06-06,2024,WC_TABLA,Tabla,Fria,480,2,0.93,892.8
2024-06-06,2024,WC_EMPLATE,Emplatado,General,480,2,0.95,912.0
2024-06-07,2024,WC_SARTEN,Sartén,Caliente,480,2,0.9,864.0
2024-06-07,2024,WC_PLANCHA,Plancha,Caliente,480,1,0.9,432.0
2024-06-07,2024,WC_HORNO,Horno,Caliente,480,1,0.92,441.6
2024-06-07,2024,WC_TABLA,Tabla,Fria,480,2,0.93,892.8
2024-06-07,2024,WC_EMPLATE,Emplatado,General,480,2,0.95,912.0
2024-06-08,2024,WC_SARTEN,Sartén,Caliente,480,2,0.9,864.0
2024-06-08,2024,WC_PLANCHA,Plancha,Caliente,480,1,0.9,432.0
2024-06-08,2024,WC_HORNO,Horno,Caliente,480,1,0.92,441.6
2024-06-08,2024,WC_TABLA,Tabla,Fria,480,2,0.93,892.8
2024-06-08,2024,WC_EMPLATE,Emplatado,General,480,2,0.95,912.0
2024-06-09,2024,WC_SARTEN,Sartén,Caliente,480,2,0.9,864.0
2024-06-09,2024,WC_PLANCHA,Plancha,Caliente,480,1,0.9,432.0
2024-06-09,2024,WC_HORNO,Horno,Caliente,480,1,0.92,441.6
2024-06-09,2024,WC_TABLA,Tabla,Fria,480,2,0.93,892.8
2024-06-09,2024,WC_EMPLATE,Emplatado,General,480,2,0.95,912.0
2024-06-10,2024,WC_SARTEN,Sartén,Caliente,480,2,0.9,864.0
2024-06-10,2024,WC_PLANCHA,Plancha,Caliente,480,1,0.9,432.0
2024-06-10,2024,WC_HORNO,Horno,Caliente,480,1,0.92,441.6
2024-06-10,2024,WC_TABLA,Tabla,Fria,480,2,0.93,892.8
2024-06-10,2024,WC_EMPLATE,Emplatado,General,480,2,0.95,912.0
2024-06-11,2024,WC_SARTEN,Sartén,Caliente,480,2,0.9,864.0
2024-06-11,2024,WC_PLANCHA,Plancha,Caliente,480,1,0.9,432.0
2024-06-11,2024,WC_HORNO,Horno,Caliente,480,1,0.92,441.6
2024-06-11,2024,WC_TABLA,Tabla,Fria,480,2,0.93,892.8
2024-06-11,2024,WC_EMPLATE,Emplatado,General,480,2,0.95,912.0
2024-06-12,2024,WC_SARTEN,Sartén,Caliente,480,2,0.9,864.0
2024-06-12,2024,WC_PLANCHA,Plancha,Caliente,480,1,0.9,432.0
2024-06-12,2024,WC_HORNO,Horno,Caliente,480,1,0.92,441.6
2024-06-12,2024,WC_TABLA,Tabla,Fria,480,2,0.93,892.8
2024-06-12,2024,WC_EMPLATE,Emplatado,General,480,2,0.95,912.0
2024-06-13,2024,WC_SARTEN,Sartén,Caliente,480,2,0.9,864.0
2024-06-13,2024,WC_PLANCHA,Plancha,Caliente,480,1,0.9,432.0
2024-06-13,2024,WC_HORNO,Horno,Caliente,480,1,0.92,441.6
2024-06-13,2024,WC_TABLA,Tabla,Fria,480,2,0.93,892.8
2024-06-13,2024,WC_EMPLATE,Emplatado,General,480,2,0.95,912.0
2024-06-14,2024,WC_SARTEN,Sartén,Caliente,480,2,0.9,864.0
2024-06-14,2024,WC_PLANCHA,Plancha,Caliente,480,1,0.9,432.0
2024-06-14,2024,WC_HORNO,Horno,Caliente,480,1,0.92,441.6
2024-06-14,2024,WC_TABLA,Tabla,Fria,480,2,0.93,892.8
2024-06-14,2024,WC_EMPLATE,Emplatado,General,480,2,0.95,912.0
2024-06-15,2024,WC_SARTEN,Sartén,Caliente,480,2,0.9,864.0
2024-06-15,2024,WC_PLANCHA,Plancha,Caliente,480,1,0.9,432.0
2024-06-15,2024,WC_HORNO,Horno,Caliente,480,1,0.92,441.6
2024-06-15,2024,WC_TABLA,Tabla,Fria,480,2,0.93,892.8
2024-06-15,2024,WC_EMPLATE,Emplatado,General,480,2,0.95,912.0
2024-06-16,2024,WC_SARTEN,Sartén,Caliente,480,2,0.9,864.0
2024-06-16,2024,WC_PLANCHA,Plancha,Caliente,480,1,0.9,432.0
2024-06-16,2024,WC_HORNO,Horno,Caliente,480,1,0.92,441.6
2024-06-16,2024,WC_TABLA,Tabla,Fria,480,2,0.93,892.8
2024-06-16,2024,WC_EMPLATE,Emplatado,General,480,2,0.95,912.0
2024-06-17,2024,WC_SARTEN,Sartén,Caliente,480,2,0.9,864.0
2024-06-17,2024,WC_PLANCHA,Plancha,Caliente,480,1,0.9,432.0
2024-06-17,2024,WC_HORNO,Horno,Caliente,480,1,0.92,441.6
2024-06-17,2024,WC_TABLA,Tabla,Fria,480,2,0.93,892.8
2024-06-17,2024,WC_EMPLATE,Emplatado,General,480,2,0.95,912.0
2024-06-18,2024,WC_SARTEN,Sartén,Caliente,480,2,0.9,864.0
2024-06-18,2024,WC_PLANCHA,Plancha,Caliente,480,1,0.9,432.0
2024-06-18,2024,WC_HORNO,Horno,Caliente,480,1,0.92,441.6
2024-06-18,2024,WC_TABLA,Tabla,Fria,480,2,0.93,892.8
2024-06-18,2024,WC_EMPLATE,Emplatado,General,480,2,0.95,912.0
2024-06-19,2024,WC_SARTEN,Sartén,Caliente,480,2,0.9,864.0
2024-06-19,2024,WC_PLANCHA,Plancha,Caliente,480,1,0.9,432.0
2024-06-19,2024,WC_HORNO,Horno,Caliente,480,1,0.92,441.6
2024-06-19,2024,WC_TABLA,Tabla,Fria,480,2,0.93,892.8
2024-06-19,2024,WC_EMPLATE,Emplatado,General,480,2,0.95,912.0
2024-06-20,2024,WC_SARTEN,Sartén,Caliente,480,2,0.9,864.0
2024-06-20,2024,WC_PLANCHA,Plancha,Caliente,480,1,0.9,432.0
2024-06-20,2024,WC_HORNO,Horno,Caliente,480,1,0.92,441.6
2024-06-20,2024,WC_TABLA,Tabla,Fria,480,2,0.93,892.8
2024-06-20,2024,WC_EMPLATE,Emplatado,General,480,2,0.95,912.0
2024-06-21,2024,WC_SARTEN,Sartén,Caliente,480,2,0.9,864.0
2024-06-21,2024,WC_PLANCHA,Plancha,Caliente,480,1,0.9,432.0
2024-06-21,2024,WC_HORNO,Horno,Caliente,480,1,0.92,441.6
2024-06-21,2024,WC_TABLA,Tabla,Fria,480,2,0.93,892.8
2024-06-21,2024,WC_EMPLATE,Emplatado,General,480,2,0.95,912.0
2024-06-22,2024,WC_SARTEN,Sartén,Caliente,480,2,0.9,864.0
2024-06-22,2024,WC_PLANCHA,Plancha,Caliente,480,1,0.9,432.0
2024-06-22,2024,WC_HORNO,Horno,Caliente,480,1,0.92,441.6
2024-06-22,2024,WC_TABLA,Tabla,Fria,480,2,0.93,892.8
2024-06-22,2024,WC_EMPLATE,Emplatado,General,480,2,0.95,912.0
2024-06-23,2024,WC_SARTEN,Sartén,Caliente,480,2,0.9,864.0
2024-06-23,2024,WC_PLANCHA,Plancha,Caliente,480,1,0.9,432.0
2024-06-23,2024,WC_HORNO,Horno,Caliente,480,1,0.92,441.6
2024-06-23,2024,WC_TABLA,Tabla,Fria,480,2,0.93,892.8
2024-06-23,2024,WC_EMPLATE,Emplatado,General,480,2,0.95,912.0
2024-06-24,2024,WC_SARTEN,Sartén,Caliente,480,2,0.9,864.0
2024-06-24,2024,WC_PLANCHA,Plancha,Caliente,480,1,0.9,432.0
2024-06-24,2024,WC_HORNO,Horno,Caliente,480,1,0.92,441.6
2024-06-24,2024,WC_TABLA,Tabla,Fria,480,2,0.93,892.8
2024-06-24,2024,WC_EMPLATE,Emplatado,General,480,2,0.95,912.0
2024-06-25,2024,WC_SARTEN,Sartén,Caliente,480,2,0.9,864.0
2024-06-25,2024,WC_PLANCHA,Plancha,Caliente,480,1,0.9,432.0
2024-06-25,2024,WC_HORNO,Horno,Caliente,480,1,0.92,441.6
2024-06-25,2024,WC_TABLA,Tabla,Fria,480,2,0.93,892.8
2024-06-25,2024,WC_EMPLATE,Emplatado,General,480,2,0.95,912.0
2024-06-26,2024,WC_SARTEN,Sartén,Caliente,480,2,0.9,864.0
2024-06-26,2024,WC_PLANCHA,Plancha,Caliente,480,1,0.9,432.0
2024-06-26,2024,WC_HORNO,Horno,Caliente,480,1,0.92,441.6
2024-06-26,2024,WC_TABLA,Tabla,Fria,480,2,0.93,892.8
2024-06-26,2024,WC_EMPLATE,Emplatado,General,480,2,0.95,912.0
2024-06-27,2024,WC_SARTEN,Sartén,Caliente,480,2,0.9,864.0
2024-06-27,2024,WC_PLANCHA,Plancha,Caliente,480,1,0.9,432.0
2024-06-27,2024,WC_HORNO,Horno,Caliente,480,1,0.92,441.6
2024-06-27,2024,WC_TABLA,Tabla,Fria,480,2,0.93,892.8
2024-06-27,2024,WC_EMPLATE,Emplatado,General,480,2,0.95,912.0
2024-06-28,2024,WC_SARTEN,Sartén,Caliente,480,2,0.9,864.0
2024-06-28,2024,WC_PLANCHA,Plancha,Caliente,480,1,0.9,432.0
2024-06-28,2024,WC_HORNO,Horno,Caliente,480,1,0.92,441.6
2024-06-28,2024,WC_TABLA,Tabla,Fria,480,2,0.93,892.8
2024-06-28,2024,WC_EMPLATE,Emplatado,General,480,2,0.95,912.0
2024-06-29,2024,WC_SARTEN,Sartén,Caliente,480,2,0.921,884.4
2024-06-29,2024,WC_PLANCHA,Plancha,Caliente,480,1,0.939,450.8
2024-06-29,2024,WC_HORNO,Horno,Caliente,480,1,0.959,460.4
2024-06-29,2024,WC_TABLA,Tabla,Fria,480,2,0.925,888.4
2024-06-29,2024,WC_EMPLATE,Emplatado,General,480,2,0.913,876.7
2024-06-30,2024,WC_SARTEN,Sartén,Caliente,480,2,0.9,864.0
2024-06-30,2024,WC_PLANCHA,Plancha,Caliente,480,1,0.9,432.0
2024-06-30,2024,WC_HORNO,Horno,Caliente,480,1,0.92,441.6
2024-06-30,2024,WC_TABLA,Tabla,Fria,480,2,0.93,892.8
2024-06-30,2024,WC_EMPLATE,Emplatado,General,480,2,0.95,912.0
2024-07-01,2024,WC_SARTEN,Sartén,Caliente,480,2,0.9,864.0
2024-07-01,2024,WC_PLANCHA,Plancha,Caliente,480,1,0.9,432.0
2024-07-01,2024,WC_HORNO,Horno,Caliente,480,1,0.92,441.6
2024-07-01,2024,WC_TABLA,Tabla,Fria,480,2,0.93,892.8
2024-07-01,2024,WC_EMPLATE,Emplatado,General,480,2,0.95,912.0
2024-07-02,2024,WC_SARTEN,Sartén,Caliente,480,2,0.9,864.0
2024-07-02,2024,WC_PLANCHA,Plancha,Caliente,480,1,0.9,432.0
2024-07-02,2024,WC_HORNO,Horno,Caliente,480,1,0.92,441.6
2024-07-02,2024,WC_TABLA,Tabla,Fria,480,2,0.93,892.8
2024-07-02,2024,WC_EMPLATE,Emplatado,General,480,2,0.95,912.0
2024-07-03,2024,WC_SARTEN,Sartén,Caliente,480,2,0.9,864.0
2024-07-03,2024,WC_PLANCHA,Plancha,Caliente,480,1,0.9,432.0
2024-07-03,2024,WC_HORNO,Horno,Caliente,480,1,0.92,441.6
2024-07-03,2024,WC_TABLA,Tabla,Fria,480,2,0.93,892.8
2024-07-03,2024,WC_EMPLATE,Emplatado,General,480,2,0.95,912.0
2024-07-04,2024,WC_SARTEN,Sartén,Caliente,480,2,0.9,864.0
2024-07-04,2024,WC_PLANCHA,Plancha,Caliente,480,1,0.9,432.0
2024-07-04,2024,WC_HORNO,Horno,Caliente,480,1,0.92,441.6
2024-07-04,2024,WC_TABLA,Tabla,Fria,480,2,0.93,892.8
2024-07-04,2024,WC_EMPLATE,Emplatado,General,480,2,0.95,912.0
2024-07-05,2024,WC_SARTEN,Sartén,Caliente,480,2,0.9,864.0
2024-07-05,2024,WC_PLANCHA,Plancha,Caliente,480,1,0.9,432.0
2024-07-05,2024,WC_HORNO,Horno,Caliente,480,1,0.92,441.6
2024-07-05,2024,WC_TABLA,Tabla,Fria,480,2,0.93,892.8
2024-07-05,2024,WC_EMPLATE,Emplatado,General,480,2,0.95,912.0
2024-07-06,2024,WC_SARTEN,Sartén,Caliente,480,2,0.9,864.0
2024-07-06,2024,WC_PLANCHA,Plancha,Caliente,480,1,0.9,432.0
2024-07-06,2024,WC_HORNO,Horno,Caliente,480,1,0.92,441.6
2024-07-06,2024,WC_TABLA,Tabla,Fria,480,2,0.93,892.8
2024-07-06,2024,WC_EMPLATE,Emplatado,General,480,2,0.95,912.0
2024-07-07,2024,WC_SARTEN,Sartén,Caliente,480,2,0.9,864.0
2024-07-07,2024,WC_PLANCHA,Plancha,Caliente,480,1,0.9,432.0
2024-07-07,2024,WC_HORNO,Horno,Caliente,480,1,0.92,441.6
2024-07-07,2024,WC_TABLA,Tabla,Fria,480,2,0.93,892.8
2024-07-07,2024,WC_EMPLATE,Emplatado,General,480,2,0.95,912.0
2024-07-08,2024,WC_SARTEN,Sartén,Caliente,480,2,0.9,864.0
2024-07-08,2024,WC_PLANCHA,Plancha,Caliente,480,1,0.9,432.0
2024-07-08,2024,WC_HORNO,Horno,Caliente,480,1,0.92,441.6
2024-07-08,2024,WC_TABLA,Tabla,Fria,480,2,0.93,892.8
2024-07-08,2024,WC_EMPLATE,Emplatado,General,480,2,0.95,912.0
2024-07-09,2024,WC_SARTEN,Sartén,Caliente,480,2,0.9,864.0
2024-07-09,2024,WC_PLANCHA,Plancha,Caliente,480,1,0.9,432.0
2024-07-09,2024,WC_HORNO,Horno,Caliente,480,1,0.92,441.6
2024-07-09,2024,WC_TABLA,Tabla,Fria,480,2,0.93,892.8
2024-07-09,2024,WC_EMPLATE,Emplatado,General,480,2,0.95,912.0
2024-07-10,2024,WC_SARTEN,Sartén,Caliente,480,2,0.9,864.0
2024-07-10,2024,WC_PLANCHA,Plancha,Caliente,480,1,0.9,432.0
2024-07-10,2024,WC_HORNO,Horno,Caliente,480,1,0.92,441.6
2024-07-10,2024,WC_TABLA,Tabla,Fria,480,2,0.93,892.8
2024-07-10,2024,WC_EMPLATE,Emplatado,General,480,2,0.95,912.0
2024-07-11,2024,WC_SARTEN,Sartén,Caliente,480,2,0.9,864.0
2024-07-11,2024,WC_PLANCHA,Plancha,Caliente,480,1,0.9,432.0
2024-07-11,2024,WC_HORNO,Horno,Caliente,480,1,0.92,441.6
2024-07-11,2024,WC_TABLA,Tabla,Fria,480,2,0.93,892.8
2024-07-11,2024,WC_EMPLATE,Emplatado,General,480,2,0.95,912.0
2024-07-12,2024,WC_SARTEN,Sartén,Caliente,480,2,0.9,864.0
2024-07-12,2024,WC_PLANCHA,Plancha,Caliente,480,1,0.9,432.0
2024-07-12,2024,WC_HORNO,Horno,Caliente,480,1,0.92,441.6
2024-07-12,2024,WC_TABLA,Tabla,Fria,480,2,0.93,892.8
2024-07-12,2024,WC_EMPLATE,Emplatado,General,480,2,0.95,912.0
2024-07-13,2024,WC_SARTEN,Sartén,Caliente,480,2,0.9,864.0
2024-07-13,2024,WC_PLANCHA,Plancha,Caliente,480,1,0.9,432.0
2024-07-13,2024,WC_HORNO,Horno,Caliente,480,1,0.92,441.6
2024-07-13,2024,WC_TABLA,Tabla,Fria,480,2,0.93,892.8
2024-07-13,2024,WC_EMPLATE,Emplatado,General,480,2,0.95,912.0
2024-07-14,2024,WC_SARTEN,Sartén,Caliente,480,2,0.9,864.0
2024-07-14,2024,WC_PLANCHA,Plancha,Caliente,480,1,0.9,432.0
2024-07-14,2024,WC_HORNO,Horno,Caliente,480,1,0.92,441.6
2024-07-14,2024,WC_TABLA,Tabla,Fria,480,2,0.93,892.8
2024-07-14,2024,WC_EMPLATE,Emplatado,General,480,2,0.95,912.0
2024-07-15,2024,WC_SARTEN,Sartén,Caliente,480,2,0.9,864.0
2024-07-15,2024,WC_PLANCHA,Plancha,Caliente,480,1,0.9,432.0
2024-07-15,2024,WC_HORNO,Horno,Caliente,480,1,0.92,441.6
2024-07-15,2024,WC_TABLA,Tabla,Fria,480,2,0.93,892.8
2024-07-15,2024,WC_EMPLATE,Emplatado,General,480,2,0.95,912.0
2024-07-16,2024,WC_SARTEN,Sartén,Caliente,480,2,0.9,864.0
2024-07-16,2024,WC_PLANCHA,Plancha,Caliente,480,1,0.9,432.0
2024-07-16,2024,WC_HORNO,Horno,Caliente,480,1,0.92,441.6
2024-07-16,2024,WC_TABLA,Tabla,Fria,480,2,0.93,892.8
2024-07-16,2024,WC_EMPLATE,Emplatado,General,480,2,0.95,912.0
2024-07-17,2024,WC_SARTEN,Sartén,Caliente,480,2,0.9,864.0
2024-07-17,2024,WC_PLANCHA,Plancha,Caliente,480,1,0.9,432.0
2024-07-17,2024,WC_HORNO,Horno,Caliente,480,1,0.92,441.6
2024-07-17,2024,WC_TABLA,Tabla,Fria,480,2,0.93,892.8
2024-07-17,2024,WC_EMPLATE,Emplatado,General,480,2,0.95,912.0
2024-07-18,2024,WC_SARTEN,Sartén,Caliente,480,2,0.9,864.0
2024-07-18,2024,WC_PLANCHA,Plancha,Caliente,480,1,0.9,432.0
2024-07-18,2024,WC_HORNO,Horno,Caliente,480,1,0.92,441.6
2024-07-18,2024,WC_TABLA,Tabla,Fria,480,2,0.93,892.8
2024-07-18,2024,WC_EMPLATE,Emplatado,General,480,2,0.95,912.0
2024-07-19,2024,WC_SARTEN,Sartén,Caliente,480,2,0.9,864.0
2024-07-19,2024,WC_PLANCHA,Plancha,Caliente,480,1,0.9,432.0
2024-07-19,2024,WC_HORNO,Horno,Caliente,480,1,0.92,441.6
2024-07-19,2024,WC_TABLA,Tabla,Fria,480,2,0.93,892.8
2024-07-19,2024,WC_EMPLATE,Emplatado,General,480,2,0.95,912.0
2024-07-20,2024,WC_SARTEN,Sartén,Caliente,480,2,0.9,864.0
2024-07-20,2024,WC_PLANCHA,Plancha,Caliente,480,1,0.9,432.0
2024-07-20,2024,WC_HORNO,Horno,Caliente,480,1,0.92,441.6
2024-07-20,2024,WC_TABLA,Tabla,Fria,480,2,0.93,892.8
2024-07-20,2024,WC_EMPLATE,Emplatado,General,480,2,0.95,912.0
2024-07-21,2024,WC_SARTEN,Sartén,Caliente,480,2,0.9,864.0
2024-07-21,2024,WC_PLANCHA,Plancha,Caliente,480,1,0.9,432.0
2024-07-21,2024,WC_HORNO,Horno,Caliente,480,1,0.92,441.6
2024-07-21,2024,WC_TABLA,Tabla,Fria,480,2,0.93,892.8
2024-07-21,2024,WC_EMPLATE,Emplatado,General,480,2,0.95,912.0
2024-07-22,2024,WC_SARTEN,Sartén,Caliente,480,2,0.9,864.0
2024-07-22,2024,WC_PLANCHA,Plancha,Caliente,480,1,0.9,432.0
2024-07-22,2024,WC_HORNO,Horno,Caliente,480,1,0.92,441.6
2024-07-22,2024,WC_TABLA,Tabla,Fria,480,2,0.93,892.8
2024-07-22,2024,WC_EMPLATE,Emplatado,General,480,2,0.95,912.0
2024-07-23,2024,WC_SARTEN,Sartén,Caliente,480,2,0.9,864.0
2024-07-23,2024,WC_PLANCHA,Plancha,Caliente,480,1,0.9,432.0
2024-07-23,2024,WC_HORNO,Horno,Caliente,480,1,0.92,441.6
2024-07-23,2024,WC_TABLA,Tabla,Fria,480,2,0.93,892.8
2024-07-23,2024,WC_EMPLATE,Emplatado,General,480,2,0.95,912.0
2024-07-24,2024,WC_SARTEN,Sartén,Caliente,480,2,0.9,864.0
2024-07-24,2024,WC_PLANCHA,Plancha,Caliente,480,1,0.9,432.0
2024-07-24,2024,WC_HORNO,Horno,Caliente,480,1,0.92,441.6
2024-07-24,2024,WC_TABLA,Tabla,Fria,480,2,0.93,892.8
2024-07-24,2024,WC_EMPLATE,Emplatado,General,480,2,0.95,912.0
2024-07-25,2024,WC_SARTEN,Sartén,Caliente,480,2,0.9,864.0
2024-07-25,2024,WC_PLANCHA,Plancha,Caliente,480,1,0.9,432.0
2024-07-25,2024,WC_HORNO,Horno,Caliente,480,1,0.92,441.6
2024-07-25,2024,WC_TABLA,Tabla,Fria,480,2,0.93,892.8
2024-07-25,2024,WC_EMPLATE,Emplatado,General,480,2,0.95,912.0
2024-07-26,2024,WC_SARTEN,Sartén,Caliente,480,2,0.9,864.0
2024-07-26,2024,WC_PLANCHA,Plancha,Caliente,480,1,0.9,432.0
2024-07-26,2024,WC_HORNO,Horno,Caliente,480,1,0.92,441.6
2024-07-26,2024,WC_TABLA,Tabla,Fria,480,2,0.93,892.8
2024-07-26,2024,WC_EMPLATE,Emplatado,General,480,2,0.95,912.0
2024-07-27,2024,WC_SARTEN,Sartén,Caliente,480,2,0.9,864.0
2024-07-27,2024,WC_PLANCHA,Plancha,Caliente,480,1,0.9,432.0
2024-07-27,2024,WC_HORNO,Horno,Caliente,480,1,0.92,441.6
2024-07-27,2024,WC_TABLA,Tabla,Fria,480,2,0.93,892.8
2024-07-27,2024,WC_EMPLATE,Emplatado,General,480,2,0.95,912.0
2024-07-28,2024,WC_SARTEN,Sartén,Caliente,480,2,0.944,905.9
2024-07-28,2024,WC_PLANCHA,Plancha,Caliente,480,1,0.931,446.6
2024-07-28,2024,WC_HORNO,Horno,Caliente,480,1,0.885,425.0
2024-07-28,2024,WC_TABLA,Tabla,Fria,480,2,0.969,930.4
2024-07-28,2024,WC_EMPLATE,Emplatado,General,480,2,0.985,945.7
2024-07-29,2024,WC_SARTEN,Sartén,Caliente,480,2,0.902,865.6
2024-07-29,2024,WC_PLANCHA,Plancha,Caliente,480,1,0.908,435.9
2024-07-29,2024,WC_HORNO,Horno,Caliente,480,1,0.911,437.1
2024-07-29,2024,WC_TABLA,Tabla,Fria,480,2,0.889,853.0
2024-07-29,2024,WC_EMPLATE,Emplatado,General,480,2,0.934,897.0
2024-07-30,2024,WC_SARTEN,Sartén,Caliente,480,2,0.9,864.0
2024-07-30,2024,WC_PLANCHA,Plancha,Caliente,480,1,0.9,432.0
2024-07-30,2024,WC_HORNO,Horno,Caliente,480,1,0.92,441.6
2024-07-30,2024,WC_TABLA,Tabla,Fria,480,2,0.93,892.8
2024-07-30,2024,WC_EMPLATE,Emplatado,General,480,2,0.95,912.0
2024-07-31,2024,WC_SARTEN,Sartén,Caliente,480,2,0.9,864.0
2024-07-31,2024,WC_PLANCHA,Plancha,Caliente,480,1,0.9,432.0
2024-07-31,2024,WC_HORNO,Horno,Caliente,480,1,0.92,441.6
2024-07-31,2024,WC_TABLA,Tabla,Fria,480,2,0.93,892.8
2024-07-31,2024,WC_EMPLATE,Emplatado,General,480,2,0.95,912.0
2024-08-01,2024,WC_SARTEN,Sartén,Caliente,480,2,0.9,864.0
2024-08-01,2024,WC_PLANCHA,Plancha,Caliente,480,1,0.9,432.0
2024-08-01,2024,WC_HORNO,Horno,Caliente,480,1,0.92,441.6
2024-08-01,2024,WC_TABLA,Tabla,Fria,480,2,0.93,892.8
2024-08-01,2024,WC_EMPLATE,Emplatado,General,480,2,0.95,912.0
2024-08-02,2024,WC_SARTEN,Sartén,Caliente,480,2,0.9,864.0
2024-08-02,2024,WC_PLANCHA,Plancha,Caliente,480,1,0.9,432.0
2024-08-02,2024,WC_HORNO,Horno,Caliente,480,1,0.92,441.6
2024-08-02,2024,WC_TABLA,Tabla,Fria,480,2,0.93,892.8
2024-08-02,2024,WC_EMPLATE,Emplatado,General,480,2,0.95,912.0
2024-08-03,2024,WC_SARTEN,Sartén,Caliente,480,2,0.9,864.0
2024-08-03,2024,WC_PLANCHA,Plancha,Caliente,480,1,0.9,432.0
2024-08-03,2024,WC_HORNO,Horno,Caliente,480,1,0.92,441.6
2024-08-03,2024,WC_TABLA,Tabla,Fria,480,2,0.93,892.8
2024-08-03,2024,WC_EMPLATE,Emplatado,General,480,2,0.95,912.0
2024-08-04,2024,WC_SARTEN,Sartén,Caliente,480,2,0.9,864.0
2024-08-04,2024,WC_PLANCHA,Plancha,Caliente,480,1,0.9,432.0
2024-08-04,2024,WC_HORNO,Horno,Caliente,480,1,0.92,441.6
2024-08-04,2024,WC_TABLA,Tabla,Fria,480,2,0.93,892.8
2024-08-04,2024,WC_EMPLATE,Emplatado,General,480,2,0.95,912.0
2024-08-05,2024,WC_SARTEN,Sartén,Caliente,480,2,0.9,864.0
2024-08-05,2024,WC_PLANCHA,Plancha,Caliente,480,1,0.9,432.0
2024-08-05,2024,WC_HORNO,Horno,Caliente,480,1,0.92,441.6
2024-08-05,2024,WC_TABLA,Tabla,Fria,480,2,0.93,892.8
2024-08-05,2024,WC_EMPLATE,Emplatado,General,480,2,0.95,912.0
2024-08-06,2024,WC_SARTEN,Sartén,Caliente,480,2,0.9,864.0
2024-08-06,2024,WC_PLANCHA,Plancha,Caliente,480,1,0.9,432.0
2024-08-06,2024,WC_HORNO,Horno,Caliente,480,1,0.92,441.6
2024-08-06,2024,WC_TABLA,Tabla,Fria,480,2,0.93,892.8
2024-08-06,2024,WC_EMPLATE,Emplatado,General,480,2,0.95,912.0
2024-08-07,2024,WC_SARTEN,Sartén,Caliente,480,2,0.9,864.0
2024-08-07,2024,WC_PLANCHA,Plancha,Caliente,480,1,0.9,432.0
2024-08-07,2024,WC_HORNO,Horno,Caliente,480,1,0.92,441.6
2024-08-07,2024,WC_TABLA,Tabla,Fria,480,2,0.93,892.8
2024-08-07,2024,WC_EMPLATE,Emplatado,General,480,2,0.95,912.0
2024-08-08,2024,WC_SARTEN,Sartén,Caliente,480,2,0.9,864.0
2024-08-08,2024,WC_PLANCHA,Plancha,Caliente,480,1,0.9,432.0
2024-08-08,2024,WC_HORNO,Horno,Caliente,480,1,0.92,441.6
2024-08-08,2024,WC_TABLA,Tabla,Fria,480,2,0.93,892.8
2024-08-08,2024,WC_EMPLATE,Emplatado,General,480,2,0.95,912.0
2024-08-09,2024,WC_SARTEN,Sartén,Caliente,480,2,0.9,864.0
2024-08-09,2024,WC_PLANCHA,Plancha,Caliente,480,1,0.9,432.0
2024-08-09,2024,WC_HORNO,Horno,Caliente,480,1,0.92,441.6
2024-08-09,2024,WC_TABLA,Tabla,Fria,480,2,0.93,892.8
2024-08-09,2024,WC_EMPLATE,Emplatado,General,480,2,0.95,912.0
2024-08-10,2024,WC_SARTEN,Sartén,Caliente,480,2,0.9,864.0
2024-08-10,2024,WC_PLANCHA,Plancha,Caliente,480,1,0.9,432.0
2024-08-10,2024,WC_HORNO,Horno,Caliente,480,1,0.92,441.6
2024-08-10,2024,WC_TABLA,Tabla,Fria,480,2,0.93,892.8
2024-08-10,2024,WC_EMPLATE,Emplatado,General,480,2,0.95,912.0
2024-08-11,2024,WC_SARTEN,Sartén,Caliente,480,2,0.9,864.0
2024-08-11,2024,WC_PLANCHA,Plancha,Caliente,480,1,0.9,432.0
2024-08-11,2024,WC_HORNO,Horno,Caliente,480,1,0.92,441.6
2024-08-11,2024,WC_TABLA,Tabla,Fria,480,2,0.93,892.8
2024-08-11,2024,WC_EMPLATE,Emplatado,General,480,2,0.95,912.0
2024-08-12,2024,WC_SARTEN,Sartén,Caliente,480,2,0.9,864.0
2024-08-12,2024,WC_PLANCHA,Plancha,Caliente,480,1,0.9,432.0
2024-08-12,2024,WC_HORNO,Horno,Caliente,480,1,0.92,441.6
2024-08-12,2024,WC_TABLA,Tabla,Fria,480,2,0.93,892.8
2024-08-12,2024,WC_EMPLATE,Emplatado,General,480,2,0.95,912.0
2024-08-13,2024,WC_SARTEN,Sartén,Caliente,480,2,0.9,864.0
2024-08-13,2024,WC_PLANCHA,Plancha,Caliente,480,1,0.9,432.0
2024-08-13,2024,WC_HORNO,Horno,Caliente,480,1,0.92,441.6
2024-08-13,2024,WC_TABLA,Tabla,Fria,480,2,0.93,892.8
2024-08-13,2024,WC_EMPLATE,Emplatado,General,480,2,0.95,912.0
2024-08-14,2024,WC_SARTEN,Sartén,Caliente,480,2,0.9,864.0
2024-08-14,2024,WC_PLANCHA,Plancha,Caliente,480,1,0.9,432.0
2024-08-14,2024,WC_HORNO,Horno,Caliente,480,1,0.92,441.6
2024-08-14,2024,WC_TABLA,Tabla,Fria,480,2,0.93,892.8
2024-08-14,2024,WC_EMPLATE,Emplatado,General,480,2,0.95,912.0
2024-08-15,2024,WC_SARTEN,Sartén,Caliente,480,2,0.9,864.0
2024-08-15,2024,WC_PLANCHA,Plancha,Caliente,480,1,0.9,432.0
2024-08-15,2024,WC_HORNO,Horno,Caliente,480,1,0.92,441.6
2024-08-15,2024,WC_TABLA,Tabla,Fria,480,2,0.93,892.8
2024-08-15,2024,WC_EMPLATE,Emplatado,General,480,2,0.95,912.0
2024-08-16,2024,WC_SARTEN,Sartén,Caliente,480,2,0.9,864.0
2024-08-16,2024,WC_PLANCHA,Plancha,Caliente,480,1,0.9,432.0
2024-08-16,2024,WC_HORNO,Horno,Caliente,480,1,0.92,441.6
2024-08-16,2024,WC_TABLA,Tabla,Fria,480,2,0.93,892.8
2024-08-16,2024,WC_EMPLATE,Emplatado,General,480,2,0.95,912.0
2024-08-17,2024,WC_SARTEN,Sartén,Caliente,480,2,0.9,864.0
2024-08-17,2024,WC_PLANCHA,Plancha,Caliente,480,1,0.9,432.0
2024-08-17,2024,WC_HORNO,Horno,Caliente,480,1,0.92,441.6
2024-08-17,2024,WC_TABLA,Tabla,Fria,480,2,0.93,892.8
2024-08-17,2024,WC_EMPLATE,Emplatado,General,480,2,0.95,912.0
2024-08-18,2024,WC_SARTEN,Sartén,Caliente,480,2,0.9,864.0
2024-08-18,2024,WC_PLANCHA,Plancha,Caliente,480,1,0.9,432.0
2024-08-18,2024,WC_HORNO,Horno,Caliente,480,1,0.92,441.6
2024-08-18,2024,WC_TABLA,Tabla,Fria,480,2,0.93,892.8
2024-08-18,2024,WC_EMPLATE,Emplatado,General,480,2,0.95,912.0
2024-08-19,2024,WC_SARTEN,Sartén,Caliente,480,2,0.9,864.0
2024-08-19,2024,WC_PLANCHA,Plancha,Caliente,480,1,0.9,432.0
2024-08-19,2024,WC_HORNO,Horno,Caliente,480,1,0.92,441.6
2024-08-19,2024,WC_TABLA,Tabla,Fria,480,2,0.93,892.8
2024-08-19,2024,WC_EMPLATE,Emplatado,General,480,2,0.95,912.0
2024-08-20,2024,WC_SARTEN,Sartén,Caliente,480,2,0.9,864.0
2024-08-20,2024,WC_PLANCHA,Plancha,Caliente,480,1,0.9,432.0
2024-08-20,2024,WC_HORNO,Horno,Caliente,480,1,0.92,441.6
2024-08-20,2024,WC_TABLA,Tabla,Fria,480,2,0.93,892.8
2024-08-20,2024,WC_EMPLATE,Emplatado,General,480,2,0.95,912.0
2024-08-21,2024,WC_SARTEN,Sartén,Caliente,480,2,0.9,864.0
2024-08-21,2024,WC_PLANCHA,Plancha,Caliente,480,1,0.9,432.0
2024-08-21,2024,WC_HORNO,Horno,Caliente,480,1,0.92,441.6
2024-08-21,2024,WC_TABLA,Tabla,Fria,480,2,0.93,892.8
2024-08-21,2024,WC_EMPLATE,Emplatado,General,480,2,0.95,912.0
2024-08-22,2024,WC_SARTEN,Sartén,Caliente,480,2,0.9,864.0
2024-08-22,2024,WC_PLANCHA,Plancha,Caliente,480,1,0.9,432.0
2024-08-22,2024,WC_HORNO,Horno,Caliente,480,1,0.92,441.6
2024-08-22,2024,WC_TABLA,Tabla,Fria,480,2,0.93,892.8
2024-08-22,2024,WC_EMPLATE,Emplatado,General,480,2,0.95,912.0
2024-08-23,2024,WC_SARTEN,Sartén,Caliente,480,2,0.9,864.0
2024-08-23,2024,WC_PLANCHA,Plancha,Caliente,480,1,0.9,432.0
2024-08-23,2024,WC_HORNO,Horno,Caliente,480,1,0.92,441.6
2024-08-23,2024,WC_TABLA,Tabla,Fria,480,2,0.93,892.8
2024-08-23,2024,WC_EMPLATE,Emplatado,General,480,2,0.95,912.0
2024-08-24,2024,WC_SARTEN,Sartén,Caliente,480,2,0.9,864.0
2024-08-24,2024,WC_PLANCHA,Plancha,Caliente,480,1,0.9,432.0
2024-08-24,2024,WC_HORNO,Horno,Caliente,480,1,0.92,441.6
2024-08-24,2024,WC_TABLA,Tabla,Fria,480,2,0.93,892.8
2024-08-24,2024,WC_EMPLATE,Emplatado,General,480,2,0.95,912.0
2024-08-25,2024,WC_SARTEN,Sartén,Caliente,480,2,0.9,864.0
2024-08-25,2024,WC_PLANCHA,Plancha,Caliente,480,1,0.9,432.0
2024-08-25,2024,WC_HORNO,Horno,Caliente,480,1,0.92,441.6
2024-08-25,2024,WC_TABLA,Tabla,Fria,480,2,0.93,892.8
2024-08-25,2024,WC_EMPLATE,Emplatado,General,480,2,0.95,912.0
2024-08-26,2024,WC_SARTEN,Sartén,Caliente,480,2,0.9,864.0
2024-08-26,2024,WC_PLANCHA,Plancha,Caliente,480,1,0.9,432.0
2024-08-26,2024,WC_HORNO,Horno,Caliente,480,1,0.92,441.6
2024-08-26,2024,WC_TABLA,Tabla,Fria,480,2,0.93,892.8
2024-08-26,2024,WC_EMPLATE,Emplatado,General,480,2,0.95,912.0
2024-08-27,2024,WC_SARTEN,Sartén,Caliente,480,2,0.9,864.0
2024-08-27,2024,WC_PLANCHA,Plancha,Caliente,480,1,0.9,432.0
2024-08-27,2024,WC_HORNO,Horno,Caliente,480,1,0.92,441.6
2024-08-27,2024,WC_TABLA,Tabla,Fria,480,2,0.93,892.8
2024-08-27,2024,WC_EMPLATE,Emplatado,General,480,2,0.95,912.0
2024-08-28,2024,WC_SARTEN,Sartén,Caliente,480,2,0.9,864.0
2024-08-28,2024,WC_PLANCHA,Plancha,Caliente,480,1,0.9,432.0
2024-08-28,2024,WC_HORNO,Horno,Caliente,480,1,0.92,441.6
2024-08-28,2024,WC_TABLA,Tabla,Fria,480,2,0.93,892.8
2024-08-28,2024,WC_EMPLATE,Emplatado,General,480,2,0.95,912.0
2024-08-29,2024,WC_SARTEN,Sartén,Caliente,480,2,0.9,864.0
2024-08-29,2024,WC_PLANCHA,Plancha,Caliente,480,1,0.9,432.0
2024-08-29,2024,WC_HORNO,Horno,Caliente,480,1,0.92,441.6
2024-08-29,2024,WC_TABLA,Tabla,Fria,480,2,0.93,892.8
2024-08-29,2024,WC_EMPLATE,Emplatado,General,480,2,0.95,912.0
2024-08-30,2024,WC_SARTEN,Sartén,Caliente,480,2,0.927,890.2
2024-08-30,2024,WC_PLANCHA,Plancha,Caliente,480,1,0.855,410.6
2024-08-30,2024,WC_HORNO,Horno,Caliente,480,1,0.905,434.2
2024-08-30,2024,WC_TABLA,Tabla,Fria,480,2,0.921,883.7
2024-08-30,2024,WC_EMPLATE,Emplatado,General,480,2,0.954,915.4
2024-08-31,2024,WC_SARTEN,Sartén,Caliente,480,2,0.9,864.0
2024-08-31,2024,WC_PLANCHA,Plancha,Caliente,480,1,0.9,432.0
2024-08-31,2024,WC_HORNO,Horno,Caliente,480,1,0.92,441.6
2024-08-31,2024,WC_TABLA,Tabla,Fria,480,2,0.93,892.8
2024-08-31,2024,WC_EMPLATE,Emplatado,General,480,2,0.95,912.0
2024-09-01,2024,WC_SARTEN,Sartén,Caliente,480,2,0.9,864.0
2024-09-01,2024,WC_PLANCHA,Plancha,Caliente,480,1,0.9,432.0
2024-09-01,2024,WC_HORNO,Horno,Caliente,480,1,0.92,441.6
2024-09-01,2024,WC_TABLA,Tabla,Fria,480,2,0.93,892.8
2024-09-01,2024,WC_EMPLATE,Emplatado,General,480,2,0.95,912.0
2024-09-02,2024,WC_SARTEN,Sartén,Caliente,480,2,0.9,864.0
2024-09-02,2024,WC_PLANCHA,Plancha,Caliente,480,1,0.9,432.0
2024-09-02,2024,WC_HORNO,Horno,Caliente,480,1,0.92,441.6
2024-09-02,2024,WC_TABLA,Tabla,Fria,480,2,0.93,892.8
2024-09-02,2024,WC_EMPLATE,Emplatado,General,480,2,0.95,912.0
2024-09-03,2024,WC_SARTEN,Sartén,Caliente,480,2,0.9,864.0
2024-09-03,2024,WC_PLANCHA,Plancha,Caliente,480,1,0.9,432.0
2024-09-03,2024,WC_HORNO,Horno,Caliente,480,1,0.92,441.6
2024-09-03,2024,WC_TABLA,Tabla,Fria,480,2,0.93,892.8
2024-09-03,2024,WC_EMPLATE,Emplatado,General,480,2,0.95,912.0
2024-09-04,2024,WC_SARTEN,Sartén,Caliente,480,2,0.9,864.0
2024-09-04,2024,WC_PLANCHA,Plancha,Caliente,480,1,0.9,432.0
2024-09-04,2024,WC_HORNO,Horno,Caliente,480,1,0.92,441.6
2024-09-04,2024,WC_TABLA,Tabla,Fria,480,2,0.93,892.8
2024-09-04,2024,WC_EMPLATE,Emplatado,General,480,2,0.95,912.0
2024-09-05,2024,WC_SARTEN,Sartén,Caliente,480,2,0.9,864.0
2024-09-05,2024,WC_PLANCHA,Plancha,Caliente,480,1,0.9,432.0
2024-09-05,2024,WC_HORNO,Horno,Caliente,480,1,0.92,441.6
2024-09-05,2024,WC_TABLA,Tabla,Fria,480,2,0.93,892.8
2024-09-05,2024,WC_EMPLATE,Emplatado,General,480,2,0.95,912.0
2024-09-06,2024,WC_SARTEN,Sartén,Caliente,480,2,0.9,864.0
2024-09-06,2024,WC_PLANCHA,Plancha,Caliente,480,1,0.9,432.0
2024-09-06,2024,WC_HORNO,Horno,Caliente,480,1,0.92,441.6
2024-09-06,2024,WC_TABLA,Tabla,Fria,480,2,0.93,892.8
2024-09-06,2024,WC_EMPLATE,Emplatado,General,480,2,0.95,912.0
2024-09-07,2024,WC_SARTEN,Sartén,Caliente,480,2,0.9,864.0
2024-09-07,2024,WC_PLANCHA,Plancha,Caliente,480,1,0.9,432.0
2024-09-07,2024,WC_HORNO,Horno,Caliente,480,1,0.92,441.6
2024-09-07,2024,WC_TABLA,Tabla,Fria,480,2,0.93,892.8
2024-09-07,2024,WC_EMPLATE,Emplatado,General,480,2,0.95,912.0
2024-09-08,2024,WC_SARTEN,Sartén,Caliente,480,2,0.9,864.0
2024-09-08,2024,WC_PLANCHA,Plancha,Caliente,480,1,0.9,432.0
2024-09-08,2024,WC_HORNO,Horno,Caliente,480,1,0.92,441.6
2024-09-08,2024,WC_TABLA,Tabla,Fria,480,2,0.93,892.8
2024-09-08,2024,WC_EMPLATE,Emplatado,General,480,2,0.95,912.0
2024-09-09,2024,WC_SARTEN,Sartén,Caliente,480,2,0.9,864.0
2024-09-09,2024,WC_PLANCHA,Plancha,Caliente,480,1,0.9,432.0
2024-09-09,2024,WC_HORNO,Horno,Caliente,480,1,0.92,441.6
2024-09-09,2024,WC_TABLA,Tabla,Fria,480,2,0.93,892.8
2024-09-09,2024,WC_EMPLATE,Emplatado,General,480,2,0.95,912.0
2024-09-10,2024,WC_SARTEN,Sartén,Caliente,480,2,0.9,864.0
2024-09-10,2024,WC_PLANCHA,Plancha,Caliente,480,1,0.9,432.0
2024-09-10,2024,WC_HORNO,Horno,Caliente,480,1,0.92,441.6
2024-09-10,2024,WC_TABLA,Tabla,Fria,480,2,0.93,892.8
2024-09-10,2024,WC_EMPLATE,Emplatado,General,480,2,0.95,912.0
2024-09-11,2024,WC_SARTEN,Sartén,Caliente,480,2,0.9,864.0
2024-09-11,2024,WC_PLANCHA,Plancha,Caliente,480,1,0.9,432.0
2024-09-11,2024,WC_HORNO,Horno,Caliente,480,1,0.92,441.6
2024-09-11,2024,WC_TABLA,Tabla,Fria,480,2,0.93,892.8
2024-09-11,2024,WC_EMPLATE,Emplatado,General,480,2,0.95,912.0
2024-09-12,2024,WC_SARTEN,Sartén,Caliente,480,2,0.9,864.0
2024-09-12,2024,WC_PLANCHA,Plancha,Caliente,480,1,0.9,432.0
2024-09-12,2024,WC_HORNO,Horno,Caliente,480,1,0.92,441.6
2024-09-12,2024,WC_TABLA,Tabla,Fria,480,2,0.93,892.8
2024-09-12,2024,WC_EMPLATE,Emplatado,General,480,2,0.95,912.0
2024-09-13,2024,WC_SARTEN,Sartén,Caliente,480,2,0.9,864.0
2024-09-13,2024,WC_PLANCHA,Plancha,Caliente,480,1,0.9,432.0
2024-09-13,2024,WC_HORNO,Horno,Caliente,480,1,0.92,441.6
2024-09-13,2024,WC_TABLA,Tabla,Fria,480,2,0.93,892.8
2024-09-13,2024,WC_EMPLATE,Emplatado,General,480,2,0.95,912.0
2024-09-14,2024,WC_SARTEN,Sartén,Caliente,480,2,0.9,864.0
2024-09-14,2024,WC_PLANCHA,Plancha,Caliente,480,1,0.9,432.0
2024-09-14,2024,WC_HORNO,Horno,Caliente,480,1,0.92,441.6
2024-09-14,2024,WC_TABLA,Tabla,Fria,480,2,0.93,892.8
2024-09-14,2024,WC_EMPLATE,Emplatado,General,480,2,0.95,912.0
2024-09-15,2024,WC_SARTEN,Sartén,Caliente,480,2,0.9,864.0
2024-09-15,2024,WC_PLANCHA,Plancha,Caliente,480,1,0.9,432.0
2024-09-15,2024,WC_HORNO,Horno,Caliente,480,1,0.92,441.6
2024-09-15,2024,WC_TABLA,Tabla,Fria,480,2,0.93,892.8
2024-09-15,2024,WC_EMPLATE,Emplatado,General,480,2,0.95,912.0
2024-09-16,2024,WC_SARTEN,Sartén,Caliente,480,2,0.9,864.0
2024-09-16,2024,WC_PLANCHA,Plancha,Caliente,480,1,0.9,432.0
2024-09-16,2024,WC_HORNO,Horno,Caliente,480,1,0.92,441.6
2024-09-16,2024,WC_TABLA,Tabla,Fria,480,2,0.93,892.8
2024-09-16,2024,WC_EMPLATE,Emplatado,General,480,2,0.95,912.0
2024-09-17,2024,WC_SARTEN,Sartén,Caliente,480,2,0.9,864.0
2024-09-17,2024,WC_PLANCHA,Plancha,Caliente,480,1,0.9,432.0
2024-09-17,2024,WC_HORNO,Horno,Caliente,480,1,0.92,441.6
2024-09-17,2024,WC_TABLA,Tabla,Fria,480,2,0.93,892.8
2024-09-17,2024,WC_EMPLATE,Emplatado,General,480,2,0.95,912.0
2024-09-18,2024,WC_SARTEN,Sartén,Caliente,480,2,0.9,864.0
2024-09-18,2024,WC_PLANCHA,Plancha,Caliente,480,1,0.9,432.0
2024-09-18,2024,WC_HORNO,Horno,Caliente,480,1,0.92,441.6
2024-09-18,2024,WC_TABLA,Tabla,Fria,480,2,0.93,892.8
2024-09-18,2024,WC_EMPLATE,Emplatado,General,480,2,0.95,912.0
2024-09-19,2024,WC_SARTEN,Sartén,Caliente,480,2,0.9,864.0
2024-09-19,2024,WC_PLANCHA,Plancha,Caliente,480,1,0.9,432.0
2024-09-19,2024,WC_HORNO,Horno,Caliente,480,1,0.92,441.6
2024-09-19,2024,WC_TABLA,Tabla,Fria,480,2,0.93,892.8
2024-09-19,2024,WC_EMPLATE,Emplatado,General,480,2,0.95,912.0
2024-09-20,2024,WC_SARTEN,Sartén,Caliente,480,2,0.9,864.0
2024-09-20,2024,WC_PLANCHA,Plancha,Caliente,480,1,0.9,432.0
2024-09-20,2024,WC_HORNO,Horno,Caliente,480,1,0.92,441.6
2024-09-20,2024,WC_TABLA,Tabla,Fria,480,2,0.93,892.8
2024-09-20,2024,WC_EMPLATE,Emplatado,General,480,2,0.95,912.0
2024-09-21,2024,WC_SARTEN,Sartén,Caliente,480,2,0.9,864.0
2024-09-21,2024,WC_PLANCHA,Plancha,Caliente,480,1,0.9,432.0
2024-09-21,2024,WC_HORNO,Horno,Caliente,480,1,0.92,441.6
2024-09-21,2024,WC_TABLA,Tabla,Fria,480,2,0.93,892.8
2024-09-21,2024,WC_EMPLATE,Emplatado,General,480,2,0.95,912.0
2024-09-22,2024,WC_SARTEN,Sartén,Caliente,480,2,0.9,864.0
2024-09-22,2024,WC_PLANCHA,Plancha,Caliente,480,1,0.9,432.0
2024-09-22,2024,WC_HORNO,Horno,Caliente,480,1,0.92,441.6
2024-09-22,2024,WC_TABLA,Tabla,Fria,480,2,0.93,892.8
2024-09-22,2024,WC_EMPLATE,Emplatado,General,480,2,0.95,912.0
2024-09-23,2024,WC_SARTEN,Sartén,Caliente,480,2,0.9,864.0
2024-09-23,2024,WC_PLANCHA,Plancha,Caliente,480,1,0.9,432.0
2024-09-23,2024,WC_HORNO,Horno,Caliente,480,1,0.92,441.6
2024-09-23,2024,WC_TABLA,Tabla,Fria,480,2,0.93,892.8
2024-09-23,2024,WC_EMPLATE,Emplatado,General,480,2,0.95,912.0
2024-09-24,2024,WC_SARTEN,Sartén,Caliente,480,2,0.9,864.0
2024-09-24,2024,WC_PLANCHA,Plancha,Caliente,480,1,0.9,432.0
2024-09-24,2024,WC_HORNO,Horno,Caliente,480,1,0.92,441.6
2024-09-24,2024,WC_TABLA,Tabla,Fria,480,2,0.93,892.8
2024-09-24,2024,WC_EMPLATE,Emplatado,General,480,2,0.95,912.0
2024-09-25,2024,WC_SARTEN,Sartén,Caliente,480,2,0.9,864.0
2024-09-25,2024,WC_PLANCHA,Plancha,Caliente,480,1,0.9,432.0
2024-09-25,2024,WC_HORNO,Horno,Caliente,480,1,0.92,441.6
2024-09-25,2024,WC_TABLA,Tabla,Fria,480,2,0.93,892.8
2024-09-25,2024,WC_EMPLATE,Emplatado,General,480,2,0.95,912.0
2024-09-26,2024,WC_SARTEN,Sartén,Caliente,480,2,0.9,864.0
2024-09-26,2024,WC_PLANCHA,Plancha,Caliente,480,1,0.9,432.0
2024-09-26,2024,WC_HORNO,Horno,Caliente,480,1,0.92,441.6
2024-09-26,2024,WC_TABLA,Tabla,Fria,480,2,0.93,892.8
2024-09-26,2024,WC_EMPLATE,Emplatado,General,480,2,0.95,912.0
2024-09-27,2024,WC_SARTEN,Sartén,Caliente,480,2,0.9,864.0
2024-09-27,2024,WC_PLANCHA,Plancha,Caliente,480,1,0.9,432.0
2024-09-27,2024,WC_HORNO,Horno,Caliente,480,1,0.92,441.6
2024-09-27,2024,WC_TABLA,Tabla,Fria,480,2,0.93,892.8
2024-09-27,2024,WC_EMPLATE,Emplatado,General,480,2,0.95,912.0
2024-09-28,2024,WC_SARTEN,Sartén,Caliente,480,2,0.9,864.0
2024-09-28,2024,WC_PLANCHA,Plancha,Caliente,480,1,0.9,432.0
2024-09-28,2024,WC_HORNO,Horno,Caliente,480,1,0.92,441.6
2024-09-28,2024,WC_TABLA,Tabla,Fria,480,2,0.93,892.8
2024-09-28,2024,WC_EMPLATE,Emplatado,General,480,2,0.95,912.0
2024-09-29,2024,WC_SARTEN,Sartén,Caliente,480,2,0.9,864.0
2024-09-29,2024,WC_PLANCHA,Plancha,Caliente,480,1,0.9,432.0
2024-09-29,2024,WC_HORNO,Horno,Caliente,480,1,0.92,441.6
2024-09-29,2024,WC_TABLA,Tabla,Fria,480,2,0.93,892.8
2024-09-29,2024,WC_EMPLATE,Emplatado,General,480,2,0.95,912.0
2024-09-30,2024,WC_SARTEN,Sartén,Caliente,480,2,0.9,864.0
2024-09-30,2024,WC_PLANCHA,Plancha,Caliente,480,1,0.9,432.0
2024-09-30,2024,WC_HORNO,Horno,Caliente,480,1,0.92,441.6
2024-09-30,2024,WC_TABLA,Tabla,Fria,480,2,0.93,892.8
2024-09-30,2024,WC_EMPLATE,Emplatado,General,480,2,0.95,912.0
2024-10-01,2024,WC_SARTEN,Sartén,Caliente,480,2,0.9,864.0
2024-10-01,2024,WC_PLANCHA,Plancha,Caliente,480,1,0.9,432.0
2024-10-01,2024,WC_HORNO,Horno,Caliente,480,1,0.92,441.6
2024-10-01,2024,WC_TABLA,Tabla,Fria,480,2,0.93,892.8
2024-10-01,2024,WC_EMPLATE,Emplatado,General,480,2,0.95,912.0
2024-10-02,2024,WC_SARTEN,Sartén,Caliente,480,2,0.9,864.0
2024-10-02,2024,WC_PLANCHA,Plancha,Caliente,480,1,0.9,432.0
2024-10-02,2024,WC_HORNO,Horno,Caliente,480,1,0.92,441.6
2024-10-02,2024,WC_TABLA,Tabla,Fria,480,2,0.93,892.8
2024-10-02,2024,WC_EMPLATE,Emplatado,General,480,2,0.95,912.0
2024-10-03,2024,WC_SARTEN,Sartén,Caliente,480,2,0.9,864.0
2024-10-03,2024,WC_PLANCHA,Plancha,Caliente,480,1,0.9,432.0
2024-10-03,2024,WC_HORNO,Horno,Caliente,480,1,0.92,441.6
2024-10-03,2024,WC_TABLA,Tabla,Fria,480,2,0.93,892.8
2024-10-03,2024,WC_EMPLATE,Emplatado,General,480,2,0.95,912.0
2024-10-04,2024,WC_SARTEN,Sartén,Caliente,480,2,0.9,864.0
2024-10-04,2024,WC_PLANCHA,Plancha,Caliente,480,1,0.9,432.0
2024-10-04,2024,WC_HORNO,Horno,Caliente,480,1,0.92,441.6
2024-10-04,2024,WC_TABLA,Tabla,Fria,480,2,0.93,892.8
2024-10-04,2024,WC_EMPLATE,Emplatado,General,480,2,0.95,912.0
2024-10-05,2024,WC_SARTEN,Sartén,Caliente,480,2,0.9,864.0
2024-10-05,2024,WC_PLANCHA,Plancha,Caliente,480,1,0.9,432.0
2024-10-05,2024,WC_HORNO,Horno,Caliente,480,1,0.92,441.6
2024-10-05,2024,WC_TABLA,Tabla,Fria,480,2,0.93,892.8
2024-10-05,2024,WC_EMPLATE,Emplatado,General,480,2,0.95,912.0
2024-10-06,2024,WC_SARTEN,Sartén,Caliente,480,2,0.9,864.0
2024-10-06,2024,WC_PLANCHA,Plancha,Caliente,480,1,0.9,432.0
2024-10-06,2024,WC_HORNO,Horno,Caliente,480,1,0.92,441.6
2024-10-06,2024,WC_TABLA,Tabla,Fria,480,2,0.93,892.8
2024-10-06,2024,WC_EMPLATE,Emplatado,General,480,2,0.95,912.0
2024-10-07,2024,WC_SARTEN,Sartén,Caliente,480,2,0.9,864.0
2024-10-07,2024,WC_PLANCHA,Plancha,Caliente,480,1,0.9,432.0
2024-10-07,2024,WC_HORNO,Horno,Caliente,480,1,0.92,441.6
2024-10-07,2024,WC_TABLA,Tabla,Fria,480,2,0.93,892.8
2024-10-07,2024,WC_EMPLATE,Emplatado,General,480,2,0.95,912.0
2024-10-08,2024,WC_SARTEN,Sartén,Caliente,480,2,0.938,900.3
2024-10-08,2024,WC_PLANCHA,Plancha,Caliente,480,1,0.886,425.4
2024-10-08,2024,WC_HORNO,Horno,Caliente,480,1,0.906,434.8
2024-10-08,2024,WC_TABLA,Tabla,Fria,480,2,0.952,914.0
2024-10-08,2024,WC_EMPLATE,Emplatado,General,480,2,0.945,907.6
2024-10-09,2024,WC_SARTEN,Sartén,Caliente,480,2,0.9,864.0
2024-10-09,2024,WC_PLANCHA,Plancha,Caliente,480,1,0.9,432.0
2024-10-09,2024,WC_HORNO,Horno,Caliente,480,1,0.92,441.6
2024-10-09,2024,WC_TABLA,Tabla,Fria,480,2,0.93,892.8
2024-10-09,2024,WC_EMPLATE,Emplatado,General,480,2,0.95,912.0
2024-10-10,2024,WC_SARTEN,Sartén,Caliente,480,2,0.9,864.0
2024-10-10,2024,WC_PLANCHA,Plancha,Caliente,480,1,0.9,432.0
2024-10-10,2024,WC_HORNO,Horno,Caliente,480,1,0.92,441.6
2024-10-10,2024,WC_TABLA,Tabla,Fria,480,2,0.93,892.8
2024-10-10,2024,WC_EMPLATE,Emplatado,General,480,2,0.95,912.0
2024-10-11,2024,WC_SARTEN,Sartén,Caliente,480,2,0.9,864.0
2024-10-11,2024,WC_PLANCHA,Plancha,Caliente,480,1,0.9,432.0
2024-10-11,2024,WC_HORNO,Horno,Caliente,480,1,0.92,441.6
2024-10-11,2024,WC_TABLA,Tabla,Fria,480,2,0.93,892.8
2024-10-11,2024,WC_EMPLATE,Emplatado,General,480,2,0.95,912.0
2024-10-12,2024,WC_SARTEN,Sartén,Caliente,480,2,0.9,864.0
2024-10-12,2024,WC_PLANCHA,Plancha,Caliente,480,1,0.9,432.0
2024-10-12,2024,WC_HORNO,Horno,Caliente,480,1,0.92,441.6
2024-10-12,2024,WC_TABLA,Tabla,Fria,480,2,0.93,892.8
2024-10-12,2024,WC_EMPLATE,Emplatado,General,480,2,0.95,912.0
2024-10-13,2024,WC_SARTEN,Sartén,Caliente,480,2,0.9,864.0
2024-10-13,2024,WC_PLANCHA,Plancha,Caliente,480,1,0.9,432.0
2024-10-13,2024,WC_HORNO,Horno,Caliente,480,1,0.92,441.6
2024-10-13,2024,WC_TABLA,Tabla,Fria,480,2,0.93,892.8
2024-10-13,2024,WC_EMPLATE,Emplatado,General,480,2,0.95,912.0
2024-10-14,2024,WC_SARTEN,Sartén,Caliente,480,2,0.9,864.0
2024-10-14,2024,WC_PLANCHA,Plancha,Caliente,480,1,0.9,432.0
2024-10-14,2024,WC_HORNO,Horno,Caliente,480,1,0.92,441.6
2024-10-14,2024,WC_TABLA,Tabla,Fria,480,2,0.93,892.8
2024-10-14,2024,WC_EMPLATE,Emplatado,General,480,2,0.95,912.0
2024-10-15,2024,WC_SARTEN,Sartén,Caliente,480,2,0.9,864.0
2024-10-15,2024,WC_PLANCHA,Plancha,Caliente,480,1,0.9,432.0
2024-10-15,2024,WC_HORNO,Horno,Caliente,480,1,0.92,441.6
2024-10-15,2024,WC_TABLA,Tabla,Fria,480,2,0.93,892.8
2024-10-15,2024,WC_EMPLATE,Emplatado,General,480,2,0.95,912.0
2024-10-16,2024,WC_SARTEN,Sartén,Caliente,480,2,0.9,864.0
2024-10-16,2024,WC_PLANCHA,Plancha,Caliente,480,1,0.9,432.0
2024-10-16,2024,WC_HORNO,Horno,Caliente,480,1,0.92,441.6
2024-10-16,2024,WC_TABLA,Tabla,Fria,480,2,0.93,892.8
2024-10-16,2024,WC_EMPLATE,Emplatado,General,480,2,0.95,912.0
2024-10-17,2024,WC_SARTEN,Sartén,Caliente,480,2,0.9,864.0
2024-10-17,2024,WC_PLANCHA,Plancha,Caliente,480,1,0.9,432.0
2024-10-17,2024,WC_HORNO,Horno,Caliente,480,1,0.92,441.6
2024-10-17,2024,WC_TABLA,Tabla,Fria,480,2,0.93,892.8
2024-10-17,2024,WC_EMPLATE,Emplatado,General,480,2,0.95,912.0
2024-10-18,2024,WC_SARTEN,Sartén,Caliente,480,2,0.9,864.0
2024-10-18,2024,WC_PLANCHA,Plancha,Caliente,480,1,0.9,432.0
2024-10-18,2024,WC_HORNO,Horno,Caliente,480,1,0.92,441.6
2024-10-18,2024,WC_TABLA,Tabla,Fria,480,2,0.93,892.8
2024-10-18,2024,WC_EMPLATE,Emplatado,General,480,2,0.95,912.0
2024-10-19,2024,WC_SARTEN,Sartén,Caliente,480,2,0.9,864.0
2024-10-19,2024,WC_PLANCHA,Plancha,Caliente,480,1,0.9,432.0
2024-10-19,2024,WC_HORNO,Horno,Caliente,480,1,0.92,441.6
2024-10-19,2024,WC_TABLA,Tabla,Fria,480,2,0.93,892.8
2024-10-19,2024,WC_EMPLATE,Emplatado,General,480,2,0.95,912.0
2024-10-20,2024,WC_SARTEN,Sartén,Caliente,480,2,0.9,864.0
2024-10-20,2024,WC_PLANCHA,Plancha,Caliente,480,1,0.9,432.0
2024-10-20,2024,WC_HORNO,Horno,Caliente,480,1,0.92,441.6
2024-10-20,2024,WC_TABLA,Tabla,Fria,480,2,0.93,892.8
2024-10-20,2024,WC_EMPLATE,Emplatado,General,480,2,0.95,912.0
2024-10-21,2024,WC_SARTEN,Sartén,Caliente,480,2,0.9,864.0
2024-10-21,2024,WC_PLANCHA,Plancha,Caliente,480,1,0.9,432.0
2024-10-21,2024,WC_HORNO,Horno,Caliente,480,1,0.92,441.6
2024-10-21,2024,WC_TABLA,Tabla,Fria,480,2,0.93,892.8
2024-10-21,2024,WC_EMPLATE,Emplatado,General,480,2,0.95,912.0
2024-10-22,2024,WC_SARTEN,Sartén,Caliente,480,2,0.9,864.0
2024-10-22,2024,WC_PLANCHA,Plancha,Caliente,480,1,0.9,432.0
2024-10-22,2024,WC_HORNO,Horno,Caliente,480,1,0.92,441.6
2024-10-22,2024,WC_TABLA,Tabla,Fria,480,2,0.93,892.8
2024-10-22,2024,WC_EMPLATE,Emplatado,General,480,2,0.95,912.0
2024-10-23,2024,WC_SARTEN,Sartén,Caliente,480,2,0.9,864.0
2024-10-23,2024,WC_PLANCHA,Plancha,Caliente,480,1,0.9,432.0
2024-10-23,2024,WC_HORNO,Horno,Caliente,480,1,0.92,441.6
2024-10-23,2024,WC_TABLA,Tabla,Fria,480,2,0.93,892.8
2024-10-23,2024,WC_EMPLATE,Emplatado,General,480,2,0.95,912.0
2024-10-24,2024,WC_SARTEN,Sartén,Caliente,480,2,0.9,864.0
2024-10-24,2024,WC_PLANCHA,Plancha,Caliente,480,1,0.9,432.0
2024-10-24,2024,WC_HORNO,Horno,Caliente,480,1,0.92,441.6
2024-10-24,2024,WC_TABLA,Tabla,Fria,480,2,0.93,892.8
2024-10-24,2024,WC_EMPLATE,Emplatado,General,480,2,0.95,912.0
2024-10-25,2024,WC_SARTEN,Sartén,Caliente,480,2,0.9,864.0
2024-10-25,2024,WC_PLANCHA,Plancha,Caliente,480,1,0.9,432.0
2024-10-25,2024,WC_HORNO,Horno,Caliente,480,1,0.92,441.6
2024-10-25,2024,WC_TABLA,Tabla,Fria,480,2,0.93,892.8
2024-10-25,2024,WC_EMPLATE,Emplatado,General,480,2,0.95,912.0
2024-10-26,2024,WC_SARTEN,Sartén,Caliente,480,2,0.9,864.0
2024-10-26,2024,WC_PLANCHA,Plancha,Caliente,480,1,0.9,432.0
2024-10-26,2024,WC_HORNO,Horno,Caliente,480,1,0.92,441.6
2024-10-26,2024,WC_TABLA,Tabla,Fria,480,2,0.93,892.8
2024-10-26,2024,WC_EMPLATE,Emplatado,General,480,2,0.95,912.0
2024-10-27,2024,WC_SARTEN,Sartén,Caliente,480,2,0.9,864.0
2024-10-27,2024,WC_PLANCHA,Plancha,Caliente,480,1,0.9,432.0
2024-10-27,2024,WC_HORNO,Horno,Caliente,480,1,0.92,441.6
2024-10-27,2024,WC_TABLA,Tabla,Fria,480,2,0.93,892.8
2024-10-27,2024,WC_EMPLATE,Emplatado,General,480,2,0.95,912.0
2024-10-28,2024,WC_SARTEN,Sartén,Caliente,480,2,0.9,864.0
2024-10-28,2024,WC_PLANCHA,Plancha,Caliente,480,1,0.9,432.0
2024-10-28,2024,WC_HORNO,Horno,Caliente,480,1,0.92,441.6
2024-10-28,2024,WC_TABLA,Tabla,Fria,480,2,0.93,892.8
2024-10-28,2024,WC_EMPLATE,Emplatado,General,480,2,0.95,912.0
2024-10-29,2024,WC_SARTEN,Sartén,Caliente,480,2,0.9,864.0
2024-10-29,2024,WC_PLANCHA,Plancha,Caliente,480,1,0.9,432.0
2024-10-29,2024,WC_HORNO,Horno,Caliente,480,1,0.92,441.6
2024-10-29,2024,WC_TABLA,Tabla,Fria,480,2,0.93,892.8
2024-10-29,2024,WC_EMPLATE,Emplatado,General,480,2,0.95,912.0
2024-10-30,2024,WC_SARTEN,Sartén,Caliente,480,2,0.9,864.0
2024-10-30,2024,WC_PLANCHA,Plancha,Caliente,480,1,0.9,432.0
2024-10-30,2024,WC_HORNO,Horno,Caliente,480,1,0.92,441.6
2024-10-30,2024,WC_TABLA,Tabla,Fria,480,2,0.93,892.8
2024-10-30,2024,WC_EMPLATE,Emplatado,General,480,2,0.95,912.0
2024-10-31,2024,WC_SARTEN,Sartén,Caliente,480,2,0.9,864.0
2024-10-31,2024,WC_PLANCHA,Plancha,Caliente,480,1,0.9,432.0
2024-10-31,2024,WC_HORNO,Horno,Caliente,480,1,0.92,441.6
2024-10-31,2024,WC_TABLA,Tabla,Fria,480,2,0.93,892.8
2024-10-31,2024,WC_EMPLATE,Emplatado,General,480,2,0.95,912.0
2024-11-01,2024,WC_SARTEN,Sartén,Caliente,480,2,0.875,840.2
2024-11-01,2024,WC_PLANCHA,Plancha,Caliente,480,1,0.896,429.9
2024-11-01,2024,WC_HORNO,Horno,Caliente,480,1,0.887,425.7
2024-11-01,2024,WC_TABLA,Tabla,Fria,480,2,0.9,863.9
2024-11-01,2024,WC_EMPLATE,Emplatado,General,480,2,0.95,911.9
2024-11-02,2024,WC_SARTEN,Sartén,Caliente,480,2,0.9,864.0
2024-11-02,2024,WC_PLANCHA,Plancha,Caliente,480,1,0.9,432.0
2024-11-02,2024,WC_HORNO,Horno,Caliente,480,1,0.92,441.6
2024-11-02,2024,WC_TABLA,Tabla,Fria,480,2,0.93,892.8
2024-11-02,2024,WC_EMPLATE,Emplatado,General,480,2,0.95,912.0
2024-11-03,2024,WC_SARTEN,Sartén,Caliente,480,2,0.9,864.0
2024-11-03,2024,WC_PLANCHA,Plancha,Caliente,480,1,0.9,432.0
2024-11-03,2024,WC_HORNO,Horno,Caliente,480,1,0.92,441.6
2024-11-03,2024,WC_TABLA,Tabla,Fria,480,2,0.93,892.8
2024-11-03,2024,WC_EMPLATE,Emplatado,General,480,2,0.95,912.0
2024-11-04,2024,WC_SARTEN,Sartén,Caliente,480,2,0.9,864.0
2024-11-04,2024,WC_PLANCHA,Plancha,Caliente,480,1,0.9,432.0
2024-11-04,2024,WC_HORNO,Horno,Caliente,480,1,0.92,441.6
2024-11-04,2024,WC_TABLA,Tabla,Fria,480,2,0.93,892.8
2024-11-04,2024,WC_EMPLATE,Emplatado,General,480,2,0.95,912.0
2024-11-05,2024,WC_SARTEN,Sartén,Caliente,480,2,0.9,864.0
2024-11-05,2024,WC_PLANCHA,Plancha,Caliente,480,1,0.9,432.0
2024-11-05,2024,WC_HORNO,Horno,Caliente,480,1,0.92,441.6
2024-11-05,2024,WC_TABLA,Tabla,Fria,480,2,0.93,892.8
2024-11-05,2024,WC_EMPLATE,Emplatado,General,480,2,0.95,912.0
2024-11-06,2024,WC_SARTEN,Sartén,Caliente,480,2,0.9,864.0
2024-11-06,2024,WC_PLANCHA,Plancha,Caliente,480,1,0.9,432.0
2024-11-06,2024,WC_HORNO,Horno,Caliente,480,1,0.92,441.6
2024-11-06,2024,WC_TABLA,Tabla,Fria,480,2,0.93,892.8
2024-11-06,2024,WC_EMPLATE,Emplatado,General,480,2,0.95,912.0
2024-11-07,2024,WC_SARTEN,Sartén,Caliente,480,2,0.9,864.0
2024-11-07,2024,WC_PLANCHA,Plancha,Caliente,480,1,0.9,432.0
2024-11-07,2024,WC_HORNO,Horno,Caliente,480,1,0.92,441.6
2024-11-07,2024,WC_TABLA,Tabla,Fria,480,2,0.93,892.8
2024-11-07,2024,WC_EMPLATE,Emplatado,General,480,2,0.95,912.0
2024-11-08,2024,WC_SARTEN,Sartén,Caliente,480,2,0.9,864.0
2024-11-08,2024,WC_PLANCHA,Plancha,Caliente,480,1,0.9,432.0
2024-11-08,2024,WC_HORNO,Horno,Caliente,480,1,0.92,441.6
2024-11-08,2024,WC_TABLA,Tabla,Fria,480,2,0.93,892.8
2024-11-08,2024,WC_EMPLATE,Emplatado,General,480,2,0.95,912.0
2024-11-09,2024,WC_SARTEN,Sartén,Caliente,480,2,0.9,864.0
2024-11-09,2024,WC_PLANCHA,Plancha,Caliente,480,1,0.9,432.0
2024-11-09,2024,WC_HORNO,Horno,Caliente,480,1,0.92,441.6
2024-11-09,2024,WC_TABLA,Tabla,Fria,480,2,0.93,892.8
2024-11-09,2024,WC_EMPLATE,Emplatado,General,480,2,0.95,912.0
2024-11-10,2024,WC_SARTEN,Sartén,Caliente,480,2,0.9,864.0
2024-11-10,2024,WC_PLANCHA,Plancha,Caliente,480,1,0.9,432.0
2024-11-10,2024,WC_HORNO,Horno,Caliente,480,1,0.92,441.6
2024-11-10,2024,WC_TABLA,Tabla,Fria,480,2,0.93,892.8
2024-11-10,2024,WC_EMPLATE,Emplatado,General,480,2,0.95,912.0
2024-11-11,2024,WC_SARTEN,Sartén,Caliente,480,2,0.9,864.0
2024-11-11,2024,WC_PLANCHA,Plancha,Caliente,480,1,0.9,432.0
2024-11-11,2024,WC_HORNO,Horno,Caliente,480,1,0.92,441.6
2024-11-11,2024,WC_TABLA,Tabla,Fria,480,2,0.93,892.8
2024-11-11,2024,WC_EMPLATE,Emplatado,General,480,2,0.95,912.0
2024-11-12,2024,WC_SARTEN,Sartén,Caliente,480,2,0.9,864.0
2024-11-12,2024,WC_PLANCHA,Plancha,Caliente,480,1,0.9,432.0
2024-11-12,2024,WC_HORNO,Horno,Caliente,480,1,0.92,441.6
2024-11-12,2024,WC_TABLA,Tabla,Fria,480,2,0.93,892.8
2024-11-12,2024,WC_EMPLATE,Emplatado,General,480,2,0.95,912.0
2024-11-13,2024,WC_SARTEN,Sartén,Caliente,480,2,0.9,864.0
2024-11-13,2024,WC_PLANCHA,Plancha,Caliente,480,1,0.9,432.0
2024-11-13,2024,WC_HORNO,Horno,Caliente,480,1,0.92,441.6
2024-11-13,2024,WC_TABLA,Tabla,Fria,480,2,0.93,892.8
2024-11-13,2024,WC_EMPLATE,Emplatado,General,480,2,0.95,912.0
2024-11-14,2024,WC_SARTEN,Sartén,Caliente,480,2,0.9,864.0
2024-11-14,2024,WC_PLANCHA,Plancha,Caliente,480,1,0.9,432.0
2024-11-14,2024,WC_HORNO,Horno,Caliente,480,1,0.92,441.6
2024-11-14,2024,WC_TABLA,Tabla,Fria,480,2,0.93,892.8
2024-11-14,2024,WC_EMPLATE,Emplatado,General,480,2,0.95,912.0
2024-11-15,2024,WC_SARTEN,Sartén,Caliente,480,2,0.9,864.0
2024-11-15,2024,WC_PLANCHA,Plancha,Caliente,480,1,0.9,432.0
2024-11-15,2024,WC_HORNO,Horno,Caliente,480,1,0.92,441.6
2024-11-15,2024,WC_TABLA,Tabla,Fria,480,2,0.93,892.8
2024-11-15,2024,WC_EMPLATE,Emplatado,General,480,2,0.95,912.0
2024-11-16,2024,WC_SARTEN,Sartén,Caliente,480,2,0.9,864.0
2024-11-16,2024,WC_PLANCHA,Plancha,Caliente,480,1,0.9,432.0
2024-11-16,2024,WC_HORNO,Horno,Caliente,480,1,0.92,441.6
2024-11-16,2024,WC_TABLA,Tabla,Fria,480,2,0.93,892.8
2024-11-16,2024,WC_EMPLATE,Emplatado,General,480,2,0.95,912.0
2024-11-17,2024,WC_SARTEN,Sartén,Caliente,480,2,0.9,864.0
2024-11-17,2024,WC_PLANCHA,Plancha,Caliente,480,1,0.9,432.0
2024-11-17,2024,WC_HORNO,Horno,Caliente,480,1,0.92,441.6
2024-11-17,2024,WC_TABLA,Tabla,Fria,480,2,0.93,892.8
2024-11-17,2024,WC_EMPLATE,Emplatado,General,480,2,0.95,912.0
2024-11-18,2024,WC_SARTEN,Sartén,Caliente,480,2,0.9,864.0
2024-11-18,2024,WC_PLANCHA,Plancha,Caliente,480,1,0.9,432.0
2024-11-18,2024,WC_HORNO,Horno,Caliente,480,1,0.92,441.6
2024-11-18,2024,WC_TABLA,Tabla,Fria,480,2,0.93,892.8
2024-11-18,2024,WC_EMPLATE,Emplatado,General,480,2,0.95,912.0
2024-11-19,2024,WC_SARTEN,Sartén,Caliente,480,2,0.9,864.0
2024-11-19,2024,WC_PLANCHA,Plancha,Caliente,480,1,0.9,432.0
2024-11-19,2024,WC_HORNO,Horno,Caliente,480,1,0.92,441.6
2024-11-19,2024,WC_TABLA,Tabla,Fria,480,2,0.93,892.8
2024-11-19,2024,WC_EMPLATE,Emplatado,General,480,2,0.95,912.0
2024-11-20,2024,WC_SARTEN,Sartén,Caliente,480,2,0.9,864.0
2024-11-20,2024,WC_PLANCHA,Plancha,Caliente,480,1,0.9,432.0
2024-11-20,2024,WC_HORNO,Horno,Caliente,480,1,0.92,441.6
2024-11-20,2024,WC_TABLA,Tabla,Fria,480,2,0.93,892.8
2024-11-20,2024,WC_EMPLATE,Emplatado,General,480,2,0.95,912.0
2024-11-21,2024,WC_SARTEN,Sartén,Caliente,480,2,0.9,864.0
2024-11-21,2024,WC_PLANCHA,Plancha,Caliente,480,1,0.9,432.0
2024-11-21,2024,WC_HORNO,Horno,Caliente,480,1,0.92,441.6
2024-11-21,2024,WC_TABLA,Tabla,Fria,480,2,0.93,892.8
2024-11-21,2024,WC_EMPLATE,Emplatado,General,480,2,0.95,912.0
2024-11-22,2024,WC_SARTEN,Sartén,Caliente,480,2,0.9,864.0
2024-11-22,2024,WC_PLANCHA,Plancha,Caliente,480,1,0.9,432.0
2024-11-22,2024,WC_HORNO,Horno,Caliente,480,1,0.92,441.6
2024-11-22,2024,WC_TABLA,Tabla,Fria,480,2,0.93,892.8
2024-11-22,2024,WC_EMPLATE,Emplatado,General,480,2,0.95,912.0
2024-11-23,2024,WC_SARTEN,Sartén,Caliente,480,2,0.9,864.0
2024-11-23,2024,WC_PLANCHA,Plancha,Caliente,480,1,0.9,432.0
2024-11-23,2024,WC_HORNO,Horno,Caliente,480,1,0.92,441.6
2024-11-23,2024,WC_TABLA,Tabla,Fria,480,2,0.93,892.8
2024-11-23,2024,WC_EMPLATE,Emplatado,General,480,2,0.95,912.0
2024-11-24,2024,WC_SARTEN,Sartén,Caliente,480,2,0.9,864.0
2024-11-24,2024,WC_PLANCHA,Plancha,Caliente,480,1,0.9,432.0
2024-11-24,2024,WC_HORNO,Horno,Caliente,480,1,0.92,441.6
2024-11-24,2024,WC_TABLA,Tabla,Fria,480,2,0.93,892.8
2024-11-24,2024,WC_EMPLATE,Emplatado,General,480,2,0.95,912.0
2024-11-25,2024,WC_SARTEN,Sartén,Caliente,480,2,0.9,864.0
2024-11-25,2024,WC_PLANCHA,Plancha,Caliente,480,1,0.9,432.0
2024-11-25,2024,WC_HORNO,Horno,Caliente,480,1,0.92,441.6
2024-11-25,2024,WC_TABLA,Tabla,Fria,480,2,0.93,892.8
2024-11-25,2024,WC_EMPLATE,Emplatado,General,480,2,0.95,912.0
2024-11-26,2024,WC_SARTEN,Sartén,Caliente,480,2,0.9,864.0
2024-11-26,2024,WC_PLANCHA,Plancha,Caliente,480,1,0.9,432.0
2024-11-26,2024,WC_HORNO,Horno,Caliente,480,1,0.92,441.6
2024-11-26,2024,WC_TABLA,Tabla,Fria,480,2,0.93,892.8
2024-11-26,2024,WC_EMPLATE,Emplatado,General,480,2,0.95,912.0
2024-11-27,2024,WC_SARTEN,Sartén,Caliente,480,2,0.9,864.0
2024-11-27,2024,WC_PLANCHA,Plancha,Caliente,480,1,0.9,432.0
2024-11-27,2024,WC_HORNO,Horno,Caliente,480,1,0.92,441.6
2024-11-27,2024,WC_TABLA,Tabla,Fria,480,2,0.93,892.8
2024-11-27,2024,WC_EMPLATE,Emplatado,General,480,2,0.95,912.0
2024-11-28,2024,WC_SARTEN,Sartén,Caliente,480,2,0.9,864.0
2024-11-28,2024,WC_PLANCHA,Plancha,Caliente,480,1,0.9,432.0
2024-11-28,2024,WC_HORNO,Horno,Caliente,480,1,0.92,441.6
2024-11-28,2024,WC_TABLA,Tabla,Fria,480,2,0.93,892.8
2024-11-28,2024,WC_EMPLATE,Emplatado,General,480,2,0.95,912.0
2024-11-29,2024,WC_SARTEN,Sartén,Caliente,480,2,0.9,864.0
2024-11-29,2024,WC_PLANCHA,Plancha,Caliente,480,1,0.9,432.0
2024-11-29,2024,WC_HORNO,Horno,Caliente,480,1,0.92,441.6
2024-11-29,2024,WC_TABLA,Tabla,Fria,480,2,0.93,892.8
2024-11-29,2024,WC_EMPLATE,Emplatado,General,480,2,0.95,912.0
2024-11-30,2024,WC_SARTEN,Sartén,Caliente,480,2,0.9,864.0
2024-11-30,2024,WC_PLANCHA,Plancha,Caliente,480,1,0.9,432.0
2024-11-30,2024,WC_HORNO,Horno,Caliente,480,1,0.92,441.6
2024-11-30,2024,WC_TABLA,Tabla,Fria,480,2,0.93,892.8
2024-11-30,2024,WC_EMPLATE,Emplatado,General,480,2,0.95,912.0
2024-12-01,2024,WC_SARTEN,Sartén,Caliente,480,2,0.9,864.0
2024-12-01,2024,WC_PLANCHA,Plancha,Caliente,480,1,0.9,432.0
2024-12-01,2024,WC_HORNO,Horno,Caliente,480,1,0.92,441.6
2024-12-01,2024,WC_TABLA,Tabla,Fria,480,2,0.93,892.8
2024-12-01,2024,WC_EMPLATE,Emplatado,General,480,2,0.95,912.0
2024-12-02,2024,WC_SARTEN,Sartén,Caliente,480,2,0.9,864.0
2024-12-02,2024,WC_PLANCHA,Plancha,Caliente,480,1,0.9,432.0
2024-12-02,2024,WC_HORNO,Horno,Caliente,480,1,0.92,441.6
2024-12-02,2024,WC_TABLA,Tabla,Fria,480,2,0.93,892.8
2024-12-02,2024,WC_EMPLATE,Emplatado,General,480,2,0.95,912.0
2024-12-03,2024,WC_SARTEN,Sartén,Caliente,480,2,0.9,864.0
2024-12-03,2024,WC_PLANCHA,Plancha,Caliente,480,1,0.9,432.0
2024-12-03,2024,WC_HORNO,Horno,Caliente,480,1,0.92,441.6
2024-12-03,2024,WC_TABLA,Tabla,Fria,480,2,0.93,892.8
2024-12-03,2024,WC_EMPLATE,Emplatado,General,480,2,0.95,912.0
2024-12-04,2024,WC_SARTEN,Sartén,Caliente,480,2,0.9,864.0
2024-12-04,2024,WC_PLANCHA,Plancha,Caliente,480,1,0.9,432.0
2024-12-04,2024,WC_HORNO,Horno,Caliente,480,1,0.92,441.6
2024-12-04,2024,WC_TABLA,Tabla,Fria,480,2,0.93,892.8
2024-12-04,2024,WC_EMPLATE,Emplatado,General,480,2,0.95,912.0
2024-12-05,2024,WC_SARTEN,Sartén,Caliente,480,2,0.9,864.0
2024-12-05,2024,WC_PLANCHA,Plancha,Caliente,480,1,0.9,432.0
2024-12-05,2024,WC_HORNO,Horno,Caliente,480,1,0.92,441.6
2024-12-05,2024,WC_TABLA,Tabla,Fria,480,2,0.93,892.8
2024-12-05,2024,WC_EMPLATE,Emplatado,General,480,2,0.95,912.0
2024-12-06,2024,WC_SARTEN,Sartén,Caliente,480,2,0.9,864.0
2024-12-06,2024,WC_PLANCHA,Plancha,Caliente,480,1,0.9,432.0
2024-12-06,2024,WC_HORNO,Horno,Caliente,480,1,0.92,441.6
2024-12-06,2024,WC_TABLA,Tabla,Fria,480,2,0.93,892.8
2024-12-06,2024,WC_EMPLATE,Emplatado,General,480,2,0.95,912.0
2024-12-07,2024,WC_SARTEN,Sartén,Caliente,480,2,0.9,864.0
2024-12-07,2024,WC_PLANCHA,Plancha,Caliente,480,1,0.9,432.0
2024-12-07,2024,WC_HORNO,Horno,Caliente,480,1,0.92,441.6
2024-12-07,2024,WC_TABLA,Tabla,Fria,480,2,0.93,892.8
2024-12-07,2024,WC_EMPLATE,Emplatado,General,480,2,0.95,912.0
2024-12-08,2024,WC_SARTEN,Sartén,Caliente,480,2,0.893,857.0
2024-12-08,2024,WC_PLANCHA,Plancha,Caliente,480,1,0.937,449.9
2024-12-08,2024,WC_HORNO,Horno,Caliente,480,1,0.907,435.5
2024-12-08,2024,WC_TABLA,Tabla,Fria,480,2,0.937,900.0
2024-12-08,2024,WC_EMPLATE,Emplatado,General,480,2,0.963,924.1
2024-12-09,2024,WC_SARTEN,Sartén,Caliente,480,2,0.9,864.0
2024-12-09,2024,WC_PLANCHA,Plancha,Caliente,480,1,0.9,432.0
2024-12-09,2024,WC_HORNO,Horno,Caliente,480,1,0.92,441.6
2024-12-09,2024,WC_TABLA,Tabla,Fria,480,2,0.93,892.8
2024-12-09,2024,WC_EMPLATE,Emplatado,General,480,2,0.95,912.0
2024-12-10,2024,WC_SARTEN,Sartén,Caliente,480,2,0.9,864.0
2024-12-10,2024,WC_PLANCHA,Plancha,Caliente,480,1,0.9,432.0
2024-12-10,2024,WC_HORNO,Horno,Caliente,480,1,0.92,441.6
2024-12-10,2024,WC_TABLA,Tabla,Fria,480,2,0.93,892.8
2024-12-10,2024,WC_EMPLATE,Emplatado,General,480,2,0.95,912.0
2024-12-11,2024,WC_SARTEN,Sartén,Caliente,480,2,0.9,864.0
2024-12-11,2024,WC_PLANCHA,Plancha,Caliente,480,1,0.9,432.0
2024-12-11,2024,WC_HORNO,Horno,Caliente,480,1,0.92,441.6
2024-12-11,2024,WC_TABLA,Tabla,Fria,480,2,0.93,892.8
2024-12-11,2024,WC_EMPLATE,Emplatado,General,480,2,0.95,912.0
2024-12-12,2024,WC_SARTEN,Sartén,Caliente,480,2,0.9,864.0
2024-12-12,2024,WC_PLANCHA,Plancha,Caliente,480,1,0.9,432.0
2024-12-12,2024,WC_HORNO,Horno,Caliente,480,1,0.92,441.6
2024-12-12,2024,WC_TABLA,Tabla,Fria,480,2,0.93,892.8
2024-12-12,2024,WC_EMPLATE,Emplatado,General,480,2,0.95,912.0
2024-12-13,2024,WC_SARTEN,Sartén,Caliente,480,2,0.9,864.0
2024-12-13,2024,WC_PLANCHA,Plancha,Caliente,480,1,0.9,432.0
2024-12-13,2024,WC_HORNO,Horno,Caliente,480,1,0.92,441.6
2024-12-13,2024,WC_TABLA,Tabla,Fria,480,2,0.93,892.8
2024-12-13,2024,WC_EMPLATE,Emplatado,General,480,2,0.95,912.0
2024-12-14,2024,WC_SARTEN,Sartén,Caliente,480,2,0.9,864.0
2024-12-14,2024,WC_PLANCHA,Plancha,Caliente,480,1,0.9,432.0
2024-12-14,2024,WC_HORNO,Horno,Caliente,480,1,0.92,441.6
2024-12-14,2024,WC_TABLA,Tabla,Fria,480,2,0.93,892.8
2024-12-14,2024,WC_EMPLATE,Emplatado,General,480,2,0.95,912.0
2024-12-15,2024,WC_SARTEN,Sartén,Caliente,480,2,0.9,864.0
2024-12-15,2024,WC_PLANCHA,Plancha,Caliente,480,1,0.9,432.0
2024-12-15,2024,WC_HORNO,Horno,Caliente,480,1,0.92,441.6
2024-12-15,2024,WC_TABLA,Tabla,Fria,480,2,0.93,892.8
2024-12-15,2024,WC_EMPLATE,Emplatado,General,480,2,0.95,912.0
2024-12-16,2024,WC_SARTEN,Sartén,Caliente,480,2,0.9,864.0
2024-12-16,2024,WC_PLANCHA,Plancha,Caliente,480,1,0.9,432.0
2024-12-16,2024,WC_HORNO,Horno,Caliente,480,1,0.92,441.6
2024-12-16,2024,WC_TABLA,Tabla,Fria,480,2,0.93,892.8
2024-12-16,2024,WC_EMPLATE,Emplatado,General,480,2,0.95,912.0
2024-12-17,2024,WC_SARTEN,Sartén,Caliente,480,2,0.9,864.0
2024-12-17,2024,WC_PLANCHA,Plancha,Caliente,480,1,0.9,432.0
2024-12-17,2024,WC_HORNO,Horno,Caliente,480,1,0.92,441.6
2024-12-17,2024,WC_TABLA,Tabla,Fria,480,2,0.93,892.8
2024-12-17,2024,WC_EMPLATE,Emplatado,General,480,2,0.95,912.0
2024-12-18,2024,WC_SARTEN,Sartén,Caliente,480,2,0.9,864.0
2024-12-18,2024,WC_PLANCHA,Plancha,Caliente,480,1,0.9,432.0
2024-12-18,2024,WC_HORNO,Horno,Caliente,480,1,0.92,441.6
2024-12-18,2024,WC_TABLA,Tabla,Fria,480,2,0.93,892.8
2024-12-18,2024,WC_EMPLATE,Emplatado,General,480,2,0.95,912.0
2024-12-19,2024,WC_SARTEN,Sartén,Caliente,480,2,0.9,864.0
2024-12-19,2024,WC_PLANCHA,Plancha,Caliente,480,1,0.9,432.0
2024-12-19,2024,WC_HORNO,Horno,Caliente,480,1,0.92,441.6
2024-12-19,2024,WC_TABLA,Tabla,Fria,480,2,0.93,892.8
2024-12-19,2024,WC_EMPLATE,Emplatado,General,480,2,0.95,912.0
2024-12-20,2024,WC_SARTEN,Sartén,Caliente,480,2,0.9,864.0
2024-12-20,2024,WC_PLANCHA,Plancha,Caliente,480,1,0.9,432.0
2024-12-20,2024,WC_HORNO,Horno,Caliente,480,1,0.92,441.6
2024-12-20,2024,WC_TABLA,Tabla,Fria,480,2,0.93,892.8
2024-12-20,2024,WC_EMPLATE,Emplatado,General,480,2,0.95,912.0
2024-12-21,2024,WC_SARTEN,Sartén,Caliente,480,2,0.9,864.0
2024-12-21,2024,WC_PLANCHA,Plancha,Caliente,480,1,0.9,432.0
2024-12-21,2024,WC_HORNO,Horno,Caliente,480,1,0.92,441.6
2024-12-21,2024,WC_TABLA,Tabla,Fria,480,2,0.93,892.8
2024-12-21,2024,WC_EMPLATE,Emplatado,General,480,2,0.95,912.0
2024-12-22,2024,WC_SARTEN,Sartén,Caliente,480,2,0.9,864.0
2024-12-22,2024,WC_PLANCHA,Plancha,Caliente,480,1,0.9,432.0
2024-12-22,2024,WC_HORNO,Horno,Caliente,480,1,0.92,441.6
2024-12-22,2024,WC_TABLA,Tabla,Fria,480,2,0.93,892.8
2024-12-22,2024,WC_EMPLATE,Emplatado,General,480,2,0.95,912.0
2024-12-23,2024,WC_SARTEN,Sartén,Caliente,480,2,0.9,864.0
2024-12-23,2024,WC_PLANCHA,Plancha,Caliente,480,1,0.9,432.0
2024-12-23,2024,WC_HORNO,Horno,Caliente,480,1,0.92,441.6
2024-12-23,2024,WC_TABLA,Tabla,Fria,480,2,0.93,892.8
2024-12-23,2024,WC_EMPLATE,Emplatado,General,480,2,0.95,912.0
2024-12-24,2024,WC_SARTEN,Sartén,Caliente,480,2,0.9,864.0
2024-12-24,2024,WC_PLANCHA,Plancha,Caliente,480,1,0.9,432.0
2024-12-24,2024,WC_HORNO,Horno,Caliente,480,1,0.92,441.6
2024-12-24,2024,WC_TABLA,Tabla,Fria,480,2,0.93,892.8
2024-12-24,2024,WC_EMPLATE,Emplatado,General,480,2,0.95,912.0
2024-12-25,2024,WC_SARTEN,Sartén,Caliente,480,2,0.856,821.9
2024-12-25,2024,WC_PLANCHA,Plancha,Caliente,480,1,0.915,439.1
2024-12-25,2024,WC_HORNO,Horno,Caliente,480,1,0.89,427.4
2024-12-25,2024,WC_TABLA,Tabla,Fria,480,2,0.973,934.0
2024-12-25,2024,WC_EMPLATE,Emplatado,General,480,2,0.917,880.0
2024-12-26,2024,WC_SARTEN,Sartén,Caliente,480,2,0.9,864.0
2024-12-26,2024,WC_PLANCHA,Plancha,Caliente,480,1,0.9,432.0
2024-12-26,2024,WC_HORNO,Horno,Caliente,480,1,0.92,441.6
2024-12-26,2024,WC_TABLA,Tabla,Fria,480,2,0.93,892.8
2024-12-26,2024,WC_EMPLATE,Emplatado,General,480,2,0.95,912.0
2024-12-27,2024,WC_SARTEN,Sartén,Caliente,480,2,0.9,864.0
2024-12-27,2024,WC_PLANCHA,Plancha,Caliente,480,1,0.9,432.0
2024-12-27,2024,WC_HORNO,Horno,Caliente,480,1,0.92,441.6
2024-12-27,2024,WC_TABLA,Tabla,Fria,480,2,0.93,892.8
2024-12-27,2024,WC_EMPLATE,Emplatado,General,480,2,0.95,912.0
2024-12-28,2024,WC_SARTEN,Sartén,Caliente,480,2,0.9,864.0
2024-12-28,2024,WC_PLANCHA,Plancha,Caliente,480,1,0.9,432.0
2024-12-28,2024,WC_HORNO,Horno,Caliente,480,1,0.92,441.6
2024-12-28,2024,WC_TABLA,Tabla,Fria,480,2,0.93,892.8
2024-12-28,2024,WC_EMPLATE,Emplatado,General,480,2,0.95,912.0
2024-12-29,2024,WC_SARTEN,Sartén,Caliente,480,2,0.9,864.0
2024-12-29,2024,WC_PLANCHA,Plancha,Caliente,480,1,0.9,432.0
2024-12-29,2024,WC_HORNO,Horno,Caliente,480,1,0.92,441.6
2024-12-29,2024,WC_TABLA,Tabla,Fria,480,2,0.93,892.8
2024-12-29,2024,WC_EMPLATE,Emplatado,General,480,2,0.95,912.0
2024-12-30,2024,WC_SARTEN,Sartén,Caliente,480,2,0.9,864.0
2024-12-30,2024,WC_PLANCHA,Plancha,Caliente,480,1,0.9,432.0
2024-12-30,2024,WC_HORNO,Horno,Caliente,480,1,0.92,441.6
2024-12-30,2024,WC_TABLA,Tabla,Fria,480,2,0.93,892.8
2024-12-30,2024,WC_EMPLATE,Emplatado,General,480,2,0.95,912.0
2024-12-31,2024,WC_SARTEN,Sartén,Caliente,480,2,0.9,864.0
2024-12-31,2024,WC_PLANCHA,Plancha,Caliente,480,1,0.9,432.0
2024-12-31,2024,WC_HORNO,Horno,Caliente,480,1,0.92,441.6
2024-12-31,2024,WC_TABLA,Tabla,Fria,480,2,0.93,892.8
2024-12-31,2024,WC_EMPLATE,Emplatado,General,480,2,0.95,912.0
2025-01-01,2025,WC_SARTEN,Sartén,Caliente,480,2,0.892,856.6
2025-01-01,2025,WC_PLANCHA,Plancha,Caliente,480,1,0.863,414.1
2025-01-01,2025,WC_HORNO,Horno,Caliente,480,1,0.966,463.5
2025-01-01,2025,WC_TABLA,Tabla,Fria,480,2,0.93,893.0
2025-01-01,2025,WC_EMPLATE,Emplatado,General,480,2,0.959,920.7
2025-01-02,2025,WC_SARTEN,Sartén,Caliente,480,2,0.9,864.0
2025-01-02,2025,WC_PLANCHA,Plancha,Caliente,480,1,0.9,432.0
2025-01-02,2025,WC_HORNO,Horno,Caliente,480,1,0.92,441.6
2025-01-02,2025,WC_TABLA,Tabla,Fria,480,2,0.93,892.8
2025-01-02,2025,WC_EMPLATE,Emplatado,General,480,2,0.95,912.0
2025-01-03,2025,WC_SARTEN,Sartén,Caliente,480,2,0.9,864.0
2025-01-03,2025,WC_PLANCHA,Plancha,Caliente,480,1,0.9,432.0
2025-01-03,2025,WC_HORNO,Horno,Caliente,480,1,0.92,441.6
2025-01-03,2025,WC_TABLA,Tabla,Fria,480,2,0.93,892.8
2025-01-03,2025,WC_EMPLATE,Emplatado,General,480,2,0.95,912.0
2025-01-04,2025,WC_SARTEN,Sartén,Caliente,480,2,0.9,864.0
2025-01-04,2025,WC_PLANCHA,Plancha,Caliente,480,1,0.9,432.0
2025-01-04,2025,WC_HORNO,Horno,Caliente,480,1,0.92,441.6
2025-01-04,2025,WC_TABLA,Tabla,Fria,480,2,0.93,892.8
2025-01-04,2025,WC_EMPLATE,Emplatado,General,480,2,0.95,912.0
2025-01-05,2025,WC_SARTEN,Sartén,Caliente,480,2,0.9,864.0
2025-01-05,2025,WC_PLANCHA,Plancha,Caliente,480,1,0.9,432.0
2025-01-05,2025,WC_HORNO,Horno,Caliente,480,1,0.92,441.6
2025-01-05,2025,WC_TABLA,Tabla,Fria,480,2,0.93,892.8
2025-01-05,2025,WC_EMPLATE,Emplatado,General,480,2,0.95,912.0
2025-01-06,2025,WC_SARTEN,Sartén,Caliente,480,2,0.9,864.0
2025-01-06,2025,WC_PLANCHA,Plancha,Caliente,480,1,0.9,432.0
2025-01-06,2025,WC_HORNO,Horno,Caliente,480,1,0.92,441.6
2025-01-06,2025,WC_TABLA,Tabla,Fria,480,2,0.93,892.8
2025-01-06,2025,WC_EMPLATE,Emplatado,General,480,2,0.95,912.0
2025-01-07,2025,WC_SARTEN,Sartén,Caliente,480,2,0.9,864.0
2025-01-07,2025,WC_PLANCHA,Plancha,Caliente,480,1,0.9,432.0
2025-01-07,2025,WC_HORNO,Horno,Caliente,480,1,0.92,441.6
2025-01-07,2025,WC_TABLA,Tabla,Fria,480,2,0.93,892.8
2025-01-07,2025,WC_EMPLATE,Emplatado,General,480,2,0.95,912.0
2025-01-08,2025,WC_SARTEN,Sartén,Caliente,480,2,0.9,864.0
2025-01-08,2025,WC_PLANCHA,Plancha,Caliente,480,1,0.9,432.0
2025-01-08,2025,WC_HORNO,Horno,Caliente,480,1,0.92,441.6
2025-01-08,2025,WC_TABLA,Tabla,Fria,480,2,0.93,892.8
2025-01-08,2025,WC_EMPLATE,Emplatado,General,480,2,0.95,912.0
2025-01-09,2025,WC_SARTEN,Sartén,Caliente,480,2,0.9,864.0
2025-01-09,2025,WC_PLANCHA,Plancha,Caliente,480,1,0.9,432.0
2025-01-09,2025,WC_HORNO,Horno,Caliente,480,1,0.92,441.6
2025-01-09,2025,WC_TABLA,Tabla,Fria,480,2,0.93,892.8
2025-01-09,2025,WC_EMPLATE,Emplatado,General,480,2,0.95,912.0
2025-01-10,2025,WC_SARTEN,Sartén,Caliente,480,2,0.9,864.0
2025-01-10,2025,WC_PLANCHA,Plancha,Caliente,480,1,0.9,432.0
2025-01-10,2025,WC_HORNO,Horno,Caliente,480,1,0.92,441.6
2025-01-10,2025,WC_TABLA,Tabla,Fria,480,2,0.93,892.8
2025-01-10,2025,WC_EMPLATE,Emplatado,General,480,2,0.95,912.0
2025-01-11,2025,WC_SARTEN,Sartén,Caliente,480,2,0.9,864.0
2025-01-11,2025,WC_PLANCHA,Plancha,Caliente,480,1,0.9,432.0
2025-01-11,2025,WC_HORNO,Horno,Caliente,480,1,0.92,441.6
2025-01-11,2025,WC_TABLA,Tabla,Fria,480,2,0.93,892.8
2025-01-11,2025,WC_EMPLATE,Emplatado,General,480,2,0.95,912.0
2025-01-12,2025,WC_SARTEN,Sartén,Caliente,480,2,0.9,864.0
2025-01-12,2025,WC_PLANCHA,Plancha,Caliente,480,1,0.9,432.0
2025-01-12,2025,WC_HORNO,Horno,Caliente,480,1,0.92,441.6
2025-01-12,2025,WC_TABLA,Tabla,Fria,480,2,0.93,892.8
2025-01-12,2025,WC_EMPLATE,Emplatado,General,480,2,0.95,912.0
2025-01-13,2025,WC_SARTEN,Sartén,Caliente,480,2,0.9,864.0
2025-01-13,2025,WC_PLANCHA,Plancha,Caliente,480,1,0.9,432.0
2025-01-13,2025,WC_HORNO,Horno,Caliente,480,1,0.92,441.6
2025-01-13,2025,WC_TABLA,Tabla,Fria,480,2,0.93,892.8
2025-01-13,2025,WC_EMPLATE,Emplatado,General,480,2,0.95,912.0
2025-01-14,2025,WC_SARTEN,Sartén,Caliente,480,2,0.9,864.0
2025-01-14,2025,WC_PLANCHA,Plancha,Caliente,480,1,0.9,432.0
2025-01-14,2025,WC_HORNO,Horno,Caliente,480,1,0.92,441.6
2025-01-14,2025,WC_TABLA,Tabla,Fria,480,2,0.93,892.8
2025-01-14,2025,WC_EMPLATE,Emplatado,General,480,2,0.95,912.0
2025-01-15,2025,WC_SARTEN,Sartén,Caliente,480,2,0.9,864.0
2025-01-15,2025,WC_PLANCHA,Plancha,Caliente,480,1,0.9,432.0
2025-01-15,2025,WC_HORNO,Horno,Caliente,480,1,0.92,441.6
2025-01-15,2025,WC_TABLA,Tabla,Fria,480,2,0.93,892.8
2025-01-15,2025,WC_EMPLATE,Emplatado,General,480,2,0.95,912.0
2025-01-16,2025,WC_SARTEN,Sartén,Caliente,480,2,0.9,864.0
2025-01-16,2025,WC_PLANCHA,Plancha,Caliente,480,1,0.9,432.0
2025-01-16,2025,WC_HORNO,Horno,Caliente,480,1,0.92,441.6
2025-01-16,2025,WC_TABLA,Tabla,Fria,480,2,0.93,892.8
2025-01-16,2025,WC_EMPLATE,Emplatado,General,480,2,0.95,912.0
2025-01-17,2025,WC_SARTEN,Sartén,Caliente,480,2,0.9,864.0
2025-01-17,2025,WC_PLANCHA,Plancha,Caliente,480,1,0.9,432.0
2025-01-17,2025,WC_HORNO,Horno,Caliente,480,1,0.92,441.6
2025-01-17,2025,WC_TABLA,Tabla,Fria,480,2,0.93,892.8
2025-01-17,2025,WC_EMPLATE,Emplatado,General,480,2,0.95,912.0
2025-01-18,2025,WC_SARTEN,Sartén,Caliente,480,2,0.9,864.0
2025-01-18,2025,WC_PLANCHA,Plancha,Caliente,480,1,0.9,432.0
2025-01-18,2025,WC_HORNO,Horno,Caliente,480,1,0.92,441.6
2025-01-18,2025,WC_TABLA,Tabla,Fria,480,2,0.93,892.8
2025-01-18,2025,WC_EMPLATE,Emplatado,General,480,2,0.95,912.0
2025-01-19,2025,WC_SARTEN,Sartén,Caliente,480,2,0.9,864.0
2025-01-19,2025,WC_PLANCHA,Plancha,Caliente,480,1,0.9,432.0
2025-01-19,2025,WC_HORNO,Horno,Caliente,480,1,0.92,441.6
2025-01-19,2025,WC_TABLA,Tabla,Fria,480,2,0.93,892.8
2025-01-19,2025,WC_EMPLATE,Emplatado,General,480,2,0.95,912.0
2025-01-20,2025,WC_SARTEN,Sartén,Caliente,480,2,0.9,864.0
2025-01-20,2025,WC_PLANCHA,Plancha,Caliente,480,1,0.9,432.0
2025-01-20,2025,WC_HORNO,Horno,Caliente,480,1,0.92,441.6
2025-01-20,2025,WC_TABLA,Tabla,Fria,480,2,0.93,892.8
2025-01-20,2025,WC_EMPLATE,Emplatado,General,480,2,0.95,912.0
2025-01-21,2025,WC_SARTEN,Sartén,Caliente,480,2,0.9,864.0
2025-01-21,2025,WC_PLANCHA,Plancha,Caliente,480,1,0.9,432.0
2025-01-21,2025,WC_HORNO,Horno,Caliente,480,1,0.92,441.6
2025-01-21,2025,WC_TABLA,Tabla,Fria,480,2,0.93,892.8
2025-01-21,2025,WC_EMPLATE,Emplatado,General,480,2,0.95,912.0
2025-01-22,2025,WC_SARTEN,Sartén,Caliente,480,2,0.9,864.0
2025-01-22,2025,WC_PLANCHA,Plancha,Caliente,480,1,0.9,432.0
2025-01-22,2025,WC_HORNO,Horno,Caliente,480,1,0.92,441.6
2025-01-22,2025,WC_TABLA,Tabla,Fria,480,2,0.93,892.8
2025-01-22,2025,WC_EMPLATE,Emplatado,General,480,2,0.95,912.0
2025-01-23,2025,WC_SARTEN,Sartén,Caliente,480,2,0.9,864.0
2025-01-23,2025,WC_PLANCHA,Plancha,Caliente,480,1,0.9,432.0
2025-01-23,2025,WC_HORNO,Horno,Caliente,480,1,0.92,441.6
2025-01-23,2025,WC_TABLA,Tabla,Fria,480,2,0.93,892.8
2025-01-23,2025,WC_EMPLATE,Emplatado,General,480,2,0.95,912.0
2025-01-24,2025,WC_SARTEN,Sartén,Caliente,480,2,0.9,864.0
2025-01-24,2025,WC_PLANCHA,Plancha,Caliente,480,1,0.9,432.0
2025-01-24,2025,WC_HORNO,Horno,Caliente,480,1,0.92,441.6
2025-01-24,2025,WC_TABLA,Tabla,Fria,480,2,0.93,892.8
2025-01-24,2025,WC_EMPLATE,Emplatado,General,480,2,0.95,912.0
2025-01-25,2025,WC_SARTEN,Sartén,Caliente,480,2,0.9,864.0
2025-01-25,2025,WC_PLANCHA,Plancha,Caliente,480,1,0.9,432.0
2025-01-25,2025,WC_HORNO,Horno,Caliente,480,1,0.92,441.6
2025-01-25,2025,WC_TABLA,Tabla,Fria,480,2,0.93,892.8
2025-01-25,2025,WC_EMPLATE,Emplatado,General,480,2,0.95,912.0
2025-01-26,2025,WC_SARTEN,Sartén,Caliente,480,2,0.9,864.0
2025-01-26,2025,WC_PLANCHA,Plancha,Caliente,480,1,0.9,432.0
2025-01-26,2025,WC_HORNO,Horno,Caliente,480,1,0.92,441.6
2025-01-26,2025,WC_TABLA,Tabla,Fria,480,2,0.93,892.8
2025-01-26,2025,WC_EMPLATE,Emplatado,General,480,2,0.95,912.0
2025-01-27,2025,WC_SARTEN,Sartén,Caliente,480,2,0.9,864.0
2025-01-27,2025,WC_PLANCHA,Plancha,Caliente,480,1,0.9,432.0
2025-01-27,2025,WC_HORNO,Horno,Caliente,480,1,0.92,441.6
2025-01-27,2025,WC_TABLA,Tabla,Fria,480,2,0.93,892.8
2025-01-27,2025,WC_EMPLATE,Emplatado,General,480,2,0.95,912.0
2025-01-28,2025,WC_SARTEN,Sartén,Caliente,480,2,0.9,864.0
2025-01-28,2025,WC_PLANCHA,Plancha,Caliente,480,1,0.9,432.0
2025-01-28,2025,WC_HORNO,Horno,Caliente,480,1,0.92,441.6
2025-01-28,2025,WC_TABLA,Tabla,Fria,480,2,0.93,892.8
2025-01-28,2025,WC_EMPLATE,Emplatado,General,480,2,0.95,912.0
2025-01-29,2025,WC_SARTEN,Sartén,Caliente,480,2,0.9,864.0
2025-01-29,2025,WC_PLANCHA,Plancha,Caliente,480,1,0.9,432.0
2025-01-29,2025,WC_HORNO,Horno,Caliente,480,1,0.92,441.6
2025-01-29,2025,WC_TABLA,Tabla,Fria,480,2,0.93,892.8
2025-01-29,2025,WC_EMPLATE,Emplatado,General,480,2,0.95,912.0
2025-01-30,2025,WC_SARTEN,Sartén,Caliente,480,2,0.9,864.0
2025-01-30,2025,WC_PLANCHA,Plancha,Caliente,480,1,0.9,432.0
2025-01-30,2025,WC_HORNO,Horno,Caliente,480,1,0.92,441.6
2025-01-30,2025,WC_TABLA,Tabla,Fria,480,2,0.93,892.8
2025-01-30,2025,WC_EMPLATE,Emplatado,General,480,2,0.95,912.0
2025-01-31,2025,WC_SARTEN,Sartén,Caliente,480,2,0.9,864.0
2025-01-31,2025,WC_PLANCHA,Plancha,Caliente,480,1,0.9,432.0
2025-01-31,2025,WC_HORNO,Horno,Caliente,480,1,0.92,441.6
2025-01-31,2025,WC_TABLA,Tabla,Fria,480,2,0.93,892.8
2025-01-31,2025,WC_EMPLATE,Emplatado,General,480,2,0.95,912.0
2025-02-01,2025,WC_SARTEN,Sartén,Caliente,480,2,0.9,864.0
2025-02-01,2025,WC_PLANCHA,Plancha,Caliente,480,1,0.9,432.0
2025-02-01,2025,WC_HORNO,Horno,Caliente,480,1,0.92,441.6
2025-02-01,2025,WC_TABLA,Tabla,Fria,480,2,0.93,892.8
2025-02-01,2025,WC_EMPLATE,Emplatado,General,480,2,0.95,912.0
2025-02-02,2025,WC_SARTEN,Sartén,Caliente,480,2,0.9,864.0
2025-02-02,2025,WC_PLANCHA,Plancha,Caliente,480,1,0.9,432.0
2025-02-02,2025,WC_HORNO,Horno,Caliente,480,1,0.92,441.6
2025-02-02,2025,WC_TABLA,Tabla,Fria,480,2,0.93,892.8
2025-02-02,2025,WC_EMPLATE,Emplatado,General,480,2,0.95,912.0
2025-02-03,2025,WC_SARTEN,Sartén,Caliente,480,2,0.9,864.0
2025-02-03,2025,WC_PLANCHA,Plancha,Caliente,480,1,0.9,432.0
2025-02-03,2025,WC_HORNO,Horno,Caliente,480,1,0.92,441.6
2025-02-03,2025,WC_TABLA,Tabla,Fria,480,2,0.93,892.8
2025-02-03,2025,WC_EMPLATE,Emplatado,General,480,2,0.95,912.0
2025-02-04,2025,WC_SARTEN,Sartén,Caliente,480,2,0.9,864.0
2025-02-04,2025,WC_PLANCHA,Plancha,Caliente,480,1,0.9,432.0
2025-02-04,2025,WC_HORNO,Horno,Caliente,480,1,0.92,441.6
2025-02-04,2025,WC_TABLA,Tabla,Fria,480,2,0.93,892.8
2025-02-04,2025,WC_EMPLATE,Emplatado,General,480,2,0.95,912.0
2025-02-05,2025,WC_SARTEN,Sartén,Caliente,480,2,0.9,864.0
2025-02-05,2025,WC_PLANCHA,Plancha,Caliente,480,1,0.9,432.0
2025-02-05,2025,WC_HORNO,Horno,Caliente,480,1,0.92,441.6
2025-02-05,2025,WC_TABLA,Tabla,Fria,480,2,0.93,892.8
2025-02-05,2025,WC_EMPLATE,Emplatado,General,480,2,0.95,912.0
2025-02-06,2025,WC_SARTEN,Sartén,Caliente,480,2,0.9,864.0
2025-02-06,2025,WC_PLANCHA,Plancha,Caliente,480,1,0.9,432.0
2025-02-06,2025,WC_HORNO,Horno,Caliente,480,1,0.92,441.6
2025-02-06,2025,WC_TABLA,Tabla,Fria,480,2,0.93,892.8
2025-02-06,2025,WC_EMPLATE,Emplatado,General,480,2,0.95,912.0
2025-02-07,2025,WC_SARTEN,Sartén,Caliente,480,2,0.9,864.0
2025-02-07,2025,WC_PLANCHA,Plancha,Caliente,480,1,0.9,432.0
2025-02-07,2025,WC_HORNO,Horno,Caliente,480,1,0.92,441.6
2025-02-07,2025,WC_TABLA,Tabla,Fria,480,2,0.93,892.8
2025-02-07,2025,WC_EMPLATE,Emplatado,General,480,2,0.95,912.0
2025-02-08,2025,WC_SARTEN,Sartén,Caliente,480,2,0.9,864.0
2025-02-08,2025,WC_PLANCHA,Plancha,Caliente,480,1,0.9,432.0
2025-02-08,2025,WC_HORNO,Horno,Caliente,480,1,0.92,441.6
2025-02-08,2025,WC_TABLA,Tabla,Fria,480,2,0.93,892.8
2025-02-08,2025,WC_EMPLATE,Emplatado,General,480,2,0.95,912.0
2025-02-09,2025,WC_SARTEN,Sartén,Caliente,480,2,0.9,864.0
2025-02-09,2025,WC_PLANCHA,Plancha,Caliente,480,1,0.9,432.0
2025-02-09,2025,WC_HORNO,Horno,Caliente,480,1,0.92,441.6
2025-02-09,2025,WC_TABLA,Tabla,Fria,480,2,0.93,892.8
2025-02-09,2025,WC_EMPLATE,Emplatado,General,480,2,0.95,912.0
2025-02-10,2025,WC_SARTEN,Sartén,Caliente,480,2,0.9,864.0
2025-02-10,2025,WC_PLANCHA,Plancha,Caliente,480,1,0.9,432.0
2025-02-10,2025,WC_HORNO,Horno,Caliente,480,1,0.92,441.6
2025-02-10,2025,WC_TABLA,Tabla,Fria,480,2,0.93,892.8
2025-02-10,2025,WC_EMPLATE,Emplatado,General,480,2,0.95,912.0
2025-02-11,2025,WC_SARTEN,Sartén,Caliente,480,2,0.9,864.0
2025-02-11,2025,WC_PLANCHA,Plancha,Caliente,480,1,0.9,432.0
2025-02-11,2025,WC_HORNO,Horno,Caliente,480,1,0.92,441.6
2025-02-11,2025,WC_TABLA,Tabla,Fria,480,2,0.93,892.8
2025-02-11,2025,WC_EMPLATE,Emplatado,General,480,2,0.95,912.0
2025-02-12,2025,WC_SARTEN,Sartén,Caliente,480,2,0.9,864.0
2025-02-12,2025,WC_PLANCHA,Plancha,Caliente,480,1,0.9,432.0
2025-02-12,2025,WC_HORNO,Horno,Caliente,480,1,0.92,441.6
2025-02-12,2025,WC_TABLA,Tabla,Fria,480,2,0.93,892.8
2025-02-12,2025,WC_EMPLATE,Emplatado,General,480,2,0.95,912.0
2025-02-13,2025,WC_SARTEN,Sartén,Caliente,480,2,0.9,864.0
2025-02-13,2025,WC_PLANCHA,Plancha,Caliente,480,1,0.9,432.0
2025-02-13,2025,WC_HORNO,Horno,Caliente,480,1,0.92,441.6
2025-02-13,2025,WC_TABLA,Tabla,Fria,480,2,0.93,892.8
2025-02-13,2025,WC_EMPLATE,Emplatado,General,480,2,0.95,912.0
2025-02-14,2025,WC_SARTEN,Sartén,Caliente,480,2,0.9,864.0
2025-02-14,2025,WC_PLANCHA,Plancha,Caliente,480,1,0.9,432.0
2025-02-14,2025,WC_HORNO,Horno,Caliente,480,1,0.92,441.6
2025-02-14,2025,WC_TABLA,Tabla,Fria,480,2,0.93,892.8
2025-02-14,2025,WC_EMPLATE,Emplatado,General,480,2,0.95,912.0
2025-02-15,2025,WC_SARTEN,Sartén,Caliente,480,2,0.9,864.0
2025-02-15,2025,WC_PLANCHA,Plancha,Caliente,480,1,0.9,432.0
2025-02-15,2025,WC_HORNO,Horno,Caliente,480,1,0.92,441.6
2025-02-15,2025,WC_TABLA,Tabla,Fria,480,2,0.93,892.8
2025-02-15,2025,WC_EMPLATE,Emplatado,General,480,2,0.95,912.0
2025-02-16,2025,WC_SARTEN,Sartén,Caliente,480,2,0.9,864.0
2025-02-16,2025,WC_PLANCHA,Plancha,Caliente,480,1,0.9,432.0
2025-02-16,2025,WC_HORNO,Horno,Caliente,480,1,0.92,441.6
2025-02-16,2025,WC_TABLA,Tabla,Fria,480,2,0.93,892.8
2025-02-16,2025,WC_EMPLATE,Emplatado,General,480,2,0.95,912.0
2025-02-17,2025,WC_SARTEN,Sartén,Caliente,480,2,0.9,864.0
2025-02-17,2025,WC_PLANCHA,Plancha,Caliente,480,1,0.9,432.0
2025-02-17,2025,WC_HORNO,Horno,Caliente,480,1,0.92,441.6
2025-02-17,2025,WC_TABLA,Tabla,Fria,480,2,0.93,892.8
2025-02-17,2025,WC_EMPLATE,Emplatado,General,480,2,0.95,912.0
2025-02-18,2025,WC_SARTEN,Sartén,Caliente,480,2,0.9,864.0
2025-02-18,2025,WC_PLANCHA,Plancha,Caliente,480,1,0.9,432.0
2025-02-18,2025,WC_HORNO,Horno,Caliente,480,1,0.92,441.6
2025-02-18,2025,WC_TABLA,Tabla,Fria,480,2,0.93,892.8
2025-02-18,2025,WC_EMPLATE,Emplatado,General,480,2,0.95,912.0
2025-02-19,2025,WC_SARTEN,Sartén,Caliente,480,2,0.9,864.0
2025-02-19,2025,WC_PLANCHA,Plancha,Caliente,480,1,0.9,432.0
2025-02-19,2025,WC_HORNO,Horno,Caliente,480,1,0.92,441.6
2025-02-19,2025,WC_TABLA,Tabla,Fria,480,2,0.93,892.8
2025-02-19,2025,WC_EMPLATE,Emplatado,General,480,2,0.95,912.0
2025-02-20,2025,WC_SARTEN,Sartén,Caliente,480,2,0.9,864.0
2025-02-20,2025,WC_PLANCHA,Plancha,Caliente,480,1,0.9,432.0
2025-02-20,2025,WC_HORNO,Horno,Caliente,480,1,0.92,441.6
2025-02-20,2025,WC_TABLA,Tabla,Fria,480,2,0.93,892.8
2025-02-20,2025,WC_EMPLATE,Emplatado,General,480,2,0.95,912.0
2025-02-21,2025,WC_SARTEN,Sartén,Caliente,480,2,0.9,864.0
2025-02-21,2025,WC_PLANCHA,Plancha,Caliente,480,1,0.9,432.0
2025-02-21,2025,WC_HORNO,Horno,Caliente,480,1,0.92,441.6
2025-02-21,2025,WC_TABLA,Tabla,Fria,480,2,0.93,892.8
2025-02-21,2025,WC_EMPLATE,Emplatado,General,480,2,0.95,912.0
2025-02-22,2025,WC_SARTEN,Sartén,Caliente,480,2,0.9,864.0
2025-02-22,2025,WC_PLANCHA,Plancha,Caliente,480,1,0.9,432.0
2025-02-22,2025,WC_HORNO,Horno,Caliente,480,1,0.92,441.6
2025-02-22,2025,WC_TABLA,Tabla,Fria,480,2,0.93,892.8
2025-02-22,2025,WC_EMPLATE,Emplatado,General,480,2,0.95,912.0
2025-02-23,2025,WC_SARTEN,Sartén,Caliente,480,2,0.9,864.0
2025-02-23,2025,WC_PLANCHA,Plancha,Caliente,480,1,0.9,432.0
2025-02-23,2025,WC_HORNO,Horno,Caliente,480,1,0.92,441.6
2025-02-23,2025,WC_TABLA,Tabla,Fria,480,2,0.93,892.8
2025-02-23,2025,WC_EMPLATE,Emplatado,General,480,2,0.95,912.0
2025-02-24,2025,WC_SARTEN,Sartén,Caliente,480,2,0.9,864.0
2025-02-24,2025,WC_PLANCHA,Plancha,Caliente,480,1,0.9,432.0
2025-02-24,2025,WC_HORNO,Horno,Caliente,480,1,0.92,441.6
2025-02-24,2025,WC_TABLA,Tabla,Fria,480,2,0.93,892.8
2025-02-24,2025,WC_EMPLATE,Emplatado,General,480,2,0.95,912.0
2025-02-25,2025,WC_SARTEN,Sartén,Caliente,480,2,0.9,864.0
2025-02-25,2025,WC_PLANCHA,Plancha,Caliente,480,1,0.9,432.0
2025-02-25,2025,WC_HORNO,Horno,Caliente,480,1,0.92,441.6
2025-02-25,2025,WC_TABLA,Tabla,Fria,480,2,0.93,892.8
2025-02-25,2025,WC_EMPLATE,Emplatado,General,480,2,0.95,912.0
2025-02-26,2025,WC_SARTEN,Sartén,Caliente,480,2,0.9,864.0
2025-02-26,2025,WC_PLANCHA,Plancha,Caliente,480,1,0.9,432.0
2025-02-26,2025,WC_HORNO,Horno,Caliente,480,1,0.92,441.6
2025-02-26,2025,WC_TABLA,Tabla,Fria,480,2,0.93,892.8
2025-02-26,2025,WC_EMPLATE,Emplatado,General,480,2,0.95,912.0
2025-02-27,2025,WC_SARTEN,Sartén,Caliente,480,2,0.9,864.0
2025-02-27,2025,WC_PLANCHA,Plancha,Caliente,480,1,0.9,432.0
2025-02-27,2025,WC_HORNO,Horno,Caliente,480,1,0.92,441.6
2025-02-27,2025,WC_TABLA,Tabla,Fria,480,2,0.93,892.8
2025-02-27,2025,WC_EMPLATE,Emplatado,General,480,2,0.95,912.0
2025-02-28,2025,WC_SARTEN,Sartén,Caliente,480,2,0.9,864.0
2025-02-28,2025,WC_PLANCHA,Plancha,Caliente,480,1,0.9,432.0
2025-02-28,2025,WC_HORNO,Horno,Caliente,480,1,0.92,441.6
2025-02-28,2025,WC_TABLA,Tabla,Fria,480,2,0.93,892.8
2025-02-28,2025,WC_EMPLATE,Emplatado,General,480,2,0.95,912.0
2025-03-01,2025,WC_SARTEN,Sartén,Caliente,480,2,0.9,864.0
2025-03-01,2025,WC_PLANCHA,Plancha,Caliente,480,1,0.9,432.0
2025-03-01,2025,WC_HORNO,Horno,Caliente,480,1,0.92,441.6
2025-03-01,2025,WC_TABLA,Tabla,Fria,480,2,0.93,892.8
2025-03-01,2025,WC_EMPLATE,Emplatado,General,480,2,0.95,912.0
2025-03-02,2025,WC_SARTEN,Sartén,Caliente,480,2,0.9,864.0
2025-03-02,2025,WC_PLANCHA,Plancha,Caliente,480,1,0.9,432.0
2025-03-02,2025,WC_HORNO,Horno,Caliente,480,1,0.92,441.6
2025-03-02,2025,WC_TABLA,Tabla,Fria,480,2,0.93,892.8
2025-03-02,2025,WC_EMPLATE,Emplatado,General,480,2,0.95,912.0
2025-03-03,2025,WC_SARTEN,Sartén,Caliente,480,2,0.9,864.0
2025-03-03,2025,WC_PLANCHA,Plancha,Caliente,480,1,0.9,432.0
2025-03-03,2025,WC_HORNO,Horno,Caliente,480,1,0.92,441.6
2025-03-03,2025,WC_TABLA,Tabla,Fria,480,2,0.93,892.8
2025-03-03,2025,WC_EMPLATE,Emplatado,General,480,2,0.95,912.0
2025-03-04,2025,WC_SARTEN,Sartén,Caliente,480,2,0.9,864.0
2025-03-04,2025,WC_PLANCHA,Plancha,Caliente,480,1,0.9,432.0
2025-03-04,2025,WC_HORNO,Horno,Caliente,480,1,0.92,441.6
2025-03-04,2025,WC_TABLA,Tabla,Fria,480,2,0.93,892.8
2025-03-04,2025,WC_EMPLATE,Emplatado,General,480,2,0.95,912.0
2025-03-05,2025,WC_SARTEN,Sartén,Caliente,480,2,0.9,864.0
2025-03-05,2025,WC_PLANCHA,Plancha,Caliente,480,1,0.9,432.0
2025-03-05,2025,WC_HORNO,Horno,Caliente,480,1,0.92,441.6
2025-03-05,2025,WC_TABLA,Tabla,Fria,480,2,0.93,892.8
2025-03-05,2025,WC_EMPLATE,Emplatado,General,480,2,0.95,912.0
2025-03-06,2025,WC_SARTEN,Sartén,Caliente,480,2,0.9,864.0
2025-03-06,2025,WC_PLANCHA,Plancha,Caliente,480,1,0.9,432.0
2025-03-06,2025,WC_HORNO,Horno,Caliente,480,1,0.92,441.6
2025-03-06,2025,WC_TABLA,Tabla,Fria,480,2,0.93,892.8
2025-03-06,2025,WC_EMPLATE,Emplatado,General,480,2,0.95,912.0
2025-03-07,2025,WC_SARTEN,Sartén,Caliente,480,2,0.9,864.0
2025-03-07,2025,WC_PLANCHA,Plancha,Caliente,480,1,0.9,432.0
2025-03-07,2025,WC_HORNO,Horno,Caliente,480,1,0.92,441.6
2025-03-07,2025,WC_TABLA,Tabla,Fria,480,2,0.93,892.8
2025-03-07,2025,WC_EMPLATE,Emplatado,General,480,2,0.95,912.0
2025-03-08,2025,WC_SARTEN,Sartén,Caliente,480,2,0.9,864.0
2025-03-08,2025,WC_PLANCHA,Plancha,Caliente,480,1,0.9,432.0
2025-03-08,2025,WC_HORNO,Horno,Caliente,480,1,0.92,441.6
2025-03-08,2025,WC_TABLA,Tabla,Fria,480,2,0.93,892.8
2025-03-08,2025,WC_EMPLATE,Emplatado,General,480,2,0.95,912.0
2025-03-09,2025,WC_SARTEN,Sartén,Caliente,480,2,0.9,864.0
2025-03-09,2025,WC_PLANCHA,Plancha,Caliente,480,1,0.9,432.0
2025-03-09,2025,WC_HORNO,Horno,Caliente,480,1,0.92,441.6
2025-03-09,2025,WC_TABLA,Tabla,Fria,480,2,0.93,892.8
2025-03-09,2025,WC_EMPLATE,Emplatado,General,480,2,0.95,912.0
2025-03-10,2025,WC_SARTEN,Sartén,Caliente,480,2,0.9,864.0
2025-03-10,2025,WC_PLANCHA,Plancha,Caliente,480,1,0.9,432.0
2025-03-10,2025,WC_HORNO,Horno,Caliente,480,1,0.92,441.6
2025-03-10,2025,WC_TABLA,Tabla,Fria,480,2,0.93,892.8
2025-03-10,2025,WC_EMPLATE,Emplatado,General,480,2,0.95,912.0
2025-03-11,2025,WC_SARTEN,Sartén,Caliente,480,2,0.9,864.0
2025-03-11,2025,WC_PLANCHA,Plancha,Caliente,480,1,0.9,432.0
2025-03-11,2025,WC_HORNO,Horno,Caliente,480,1,0.92,441.6
2025-03-11,2025,WC_TABLA,Tabla,Fria,480,2,0.93,892.8
2025-03-11,2025,WC_EMPLATE,Emplatado,General,480,2,0.95,912.0
2025-03-12,2025,WC_SARTEN,Sartén,Caliente,480,2,0.9,864.0
2025-03-12,2025,WC_PLANCHA,Plancha,Caliente,480,1,0.9,432.0
2025-03-12,2025,WC_HORNO,Horno,Caliente,480,1,0.92,441.6
2025-03-12,2025,WC_TABLA,Tabla,Fria,480,2,0.93,892.8
2025-03-12,2025,WC_EMPLATE,Emplatado,General,480,2,0.95,912.0
2025-03-13,2025,WC_SARTEN,Sartén,Caliente,480,2,0.9,864.0
2025-03-13,2025,WC_PLANCHA,Plancha,Caliente,480,1,0.9,432.0
2025-03-13,2025,WC_HORNO,Horno,Caliente,480,1,0.92,441.6
2025-03-13,2025,WC_TABLA,Tabla,Fria,480,2,0.93,892.8
2025-03-13,2025,WC_EMPLATE,Emplatado,General,480,2,0.95,912.0
2025-03-14,2025,WC_SARTEN,Sartén,Caliente,480,2,0.9,864.0
2025-03-14,2025,WC_PLANCHA,Plancha,Caliente,480,1,0.9,432.0
2025-03-14,2025,WC_HORNO,Horno,Caliente,480,1,0.92,441.6
2025-03-14,2025,WC_TABLA,Tabla,Fria,480,2,0.93,892.8
2025-03-14,2025,WC_EMPLATE,Emplatado,General,480,2,0.95,912.0
2025-03-15,2025,WC_SARTEN,Sartén,Caliente,480,2,0.9,864.0
2025-03-15,2025,WC_PLANCHA,Plancha,Caliente,480,1,0.9,432.0
2025-03-15,2025,WC_HORNO,Horno,Caliente,480,1,0.92,441.6
2025-03-15,2025,WC_TABLA,Tabla,Fria,480,2,0.93,892.8
2025-03-15,2025,WC_EMPLATE,Emplatado,General,480,2,0.95,912.0
2025-03-16,2025,WC_SARTEN,Sartén,Caliente,480,2,0.9,864.0
2025-03-16,2025,WC_PLANCHA,Plancha,Caliente,480,1,0.9,432.0
2025-03-16,2025,WC_HORNO,Horno,Caliente,480,1,0.92,441.6
2025-03-16,2025,WC_TABLA,Tabla,Fria,480,2,0.93,892.8
2025-03-16,2025,WC_EMPLATE,Emplatado,General,480,2,0.95,912.0
2025-03-17,2025,WC_SARTEN,Sartén,Caliente,480,2,0.9,864.0
2025-03-17,2025,WC_PLANCHA,Plancha,Caliente,480,1,0.9,432.0
2025-03-17,2025,WC_HORNO,Horno,Caliente,480,1,0.92,441.6
2025-03-17,2025,WC_TABLA,Tabla,Fria,480,2,0.93,892.8
2025-03-17,2025,WC_EMPLATE,Emplatado,General,480,2,0.95,912.0
2025-03-18,2025,WC_SARTEN,Sartén,Caliente,480,2,0.9,864.0
2025-03-18,2025,WC_PLANCHA,Plancha,Caliente,480,1,0.9,432.0
2025-03-18,2025,WC_HORNO,Horno,Caliente,480,1,0.92,441.6
2025-03-18,2025,WC_TABLA,Tabla,Fria,480,2,0.93,892.8
2025-03-18,2025,WC_EMPLATE,Emplatado,General,480,2,0.95,912.0
2025-03-19,2025,WC_SARTEN,Sartén,Caliente,480,2,0.9,864.0
2025-03-19,2025,WC_PLANCHA,Plancha,Caliente,480,1,0.9,432.0
2025-03-19,2025,WC_HORNO,Horno,Caliente,480,1,0.92,441.6
2025-03-19,2025,WC_TABLA,Tabla,Fria,480,2,0.93,892.8
2025-03-19,2025,WC_EMPLATE,Emplatado,General,480,2,0.95,912.0
2025-03-20,2025,WC_SARTEN,Sartén,Caliente,480,2,0.9,864.0
2025-03-20,2025,WC_PLANCHA,Plancha,Caliente,480,1,0.9,432.0
2025-03-20,2025,WC_HORNO,Horno,Caliente,480,1,0.92,441.6
2025-03-20,2025,WC_TABLA,Tabla,Fria,480,2,0.93,892.8
2025-03-20,2025,WC_EMPLATE,Emplatado,General,480,2,0.95,912.0
2025-03-21,2025,WC_SARTEN,Sartén,Caliente,480,2,0.9,864.0
2025-03-21,2025,WC_PLANCHA,Plancha,Caliente,480,1,0.9,432.0
2025-03-21,2025,WC_HORNO,Horno,Caliente,480,1,0.92,441.6
2025-03-21,2025,WC_TABLA,Tabla,Fria,480,2,0.93,892.8
2025-03-21,2025,WC_EMPLATE,Emplatado,General,480,2,0.95,912.0
2025-03-22,2025,WC_SARTEN,Sartén,Caliente,480,2,0.9,864.0
2025-03-22,2025,WC_PLANCHA,Plancha,Caliente,480,1,0.9,432.0
2025-03-22,2025,WC_HORNO,Horno,Caliente,480,1,0.92,441.6
2025-03-22,2025,WC_TABLA,Tabla,Fria,480,2,0.93,892.8
2025-03-22,2025,WC_EMPLATE,Emplatado,General,480,2,0.95,912.0
2025-03-23,2025,WC_SARTEN,Sartén,Caliente,480,2,0.9,864.0
2025-03-23,2025,WC_PLANCHA,Plancha,Caliente,480,1,0.9,432.0
2025-03-23,2025,WC_HORNO,Horno,Caliente,480,1,0.92,441.6
2025-03-23,2025,WC_TABLA,Tabla,Fria,480,2,0.93,892.8
2025-03-23,2025,WC_EMPLATE,Emplatado,General,480,2,0.95,912.0
2025-03-24,2025,WC_SARTEN,Sartén,Caliente,480,2,0.9,864.0
2025-03-24,2025,WC_PLANCHA,Plancha,Caliente,480,1,0.9,432.0
2025-03-24,2025,WC_HORNO,Horno,Caliente,480,1,0.92,441.6
2025-03-24,2025,WC_TABLA,Tabla,Fria,480,2,0.93,892.8
2025-03-24,2025,WC_EMPLATE,Emplatado,General,480,2,0.95,912.0
2025-03-25,2025,WC_SARTEN,Sartén,Caliente,480,2,0.9,864.0
2025-03-25,2025,WC_PLANCHA,Plancha,Caliente,480,1,0.9,432.0
2025-03-25,2025,WC_HORNO,Horno,Caliente,480,1,0.92,441.6
2025-03-25,2025,WC_TABLA,Tabla,Fria,480,2,0.93,892.8
2025-03-25,2025,WC_EMPLATE,Emplatado,General,480,2,0.95,912.0
2025-03-26,2025,WC_SARTEN,Sartén,Caliente,480,2,0.9,864.0
2025-03-26,2025,WC_PLANCHA,Plancha,Caliente,480,1,0.9,432.0
2025-03-26,2025,WC_HORNO,Horno,Caliente,480,1,0.92,441.6
2025-03-26,2025,WC_TABLA,Tabla,Fria,480,2,0.93,892.8
2025-03-26,2025,WC_EMPLATE,Emplatado,General,480,2,0.95,912.0
2025-03-27,2025,WC_SARTEN,Sartén,Caliente,480,2,0.9,864.0
2025-03-27,2025,WC_PLANCHA,Plancha,Caliente,480,1,0.9,432.0
2025-03-27,2025,WC_HORNO,Horno,Caliente,480,1,0.92,441.6
2025-03-27,2025,WC_TABLA,Tabla,Fria,480,2,0.93,892.8
2025-03-27,2025,WC_EMPLATE,Emplatado,General,480,2,0.95,912.0
2025-03-28,2025,WC_SARTEN,Sartén,Caliente,480,2,0.9,864.0
2025-03-28,2025,WC_PLANCHA,Plancha,Caliente,480,1,0.9,432.0
2025-03-28,2025,WC_HORNO,Horno,Caliente,480,1,0.92,441.6
2025-03-28,2025,WC_TABLA,Tabla,Fria,480,2,0.93,892.8
2025-03-28,2025,WC_EMPLATE,Emplatado,General,480,2,0.95,912.0
2025-03-29,2025,WC_SARTEN,Sartén,Caliente,480,2,0.861,826.6
2025-03-29,2025,WC_PLANCHA,Plancha,Caliente,480,1,0.922,442.8
2025-03-29,2025,WC_HORNO,Horno,Caliente,480,1,0.893,428.8
2025-03-29,2025,WC_TABLA,Tabla,Fria,480,2,0.967,928.3
2025-03-29,2025,WC_EMPLATE,Emplatado,General,480,2,0.922,885.1
2025-03-30,2025,WC_SARTEN,Sartén,Caliente,480,2,0.872,837.3
2025-03-30,2025,WC_PLANCHA,Plancha,Caliente,480,1,0.858,412.0
2025-03-30,2025,WC_HORNO,Horno,Caliente,480,1,0.917,440.4
2025-03-30,2025,WC_TABLA,Tabla,Fria,480,2,0.936,898.6
2025-03-30,2025,WC_EMPLATE,Emplatado,General,480,2,0.909,872.4
2025-03-31,2025,WC_SARTEN,Sartén,Caliente,480,2,0.9,864.0
2025-03-31,2025,WC_PLANCHA,Plancha,Caliente,480,1,0.9,432.0
2025-03-31,2025,WC_HORNO,Horno,Caliente,480,1,0.92,441.6
2025-03-31,2025,WC_TABLA,Tabla,Fria,480,2,0.93,892.8
2025-03-31,2025,WC_EMPLATE,Emplatado,General,480,2,0.95,912.0
2025-04-01,2025,WC_SARTEN,Sartén,Caliente,480,2,0.9,864.0
2025-04-01,2025,WC_PLANCHA,Plancha,Caliente,480,1,0.9,432.0
2025-04-01,2025,WC_HORNO,Horno,Caliente,480,1,0.92,441.6
2025-04-01,2025,WC_TABLA,Tabla,Fria,480,2,0.93,892.8
2025-04-01,2025,WC_EMPLATE,Emplatado,General,480,2,0.95,912.0
2025-04-02,2025,WC_SARTEN,Sartén,Caliente,480,2,0.9,864.0
2025-04-02,2025,WC_PLANCHA,Plancha,Caliente,480,1,0.9,432.0
2025-04-02,2025,WC_HORNO,Horno,Caliente,480,1,0.92,441.6
2025-04-02,2025,WC_TABLA,Tabla,Fria,480,2,0.93,892.8
2025-04-02,2025,WC_EMPLATE,Emplatado,General,480,2,0.95,912.0
2025-04-03,2025,WC_SARTEN,Sartén,Caliente,480,2,0.9,864.0
2025-04-03,2025,WC_PLANCHA,Plancha,Caliente,480,1,0.9,432.0
2025-04-03,2025,WC_HORNO,Horno,Caliente,480,1,0.92,441.6
2025-04-03,2025,WC_TABLA,Tabla,Fria,480,2,0.93,892.8
2025-04-03,2025,WC_EMPLATE,Emplatado,General,480,2,0.95,912.0
2025-04-04,2025,WC_SARTEN,Sartén,Caliente,480,2,0.9,864.0
2025-04-04,2025,WC_PLANCHA,Plancha,Caliente,480,1,0.9,432.0
2025-04-04,2025,WC_HORNO,Horno,Caliente,480,1,0.92,441.6
2025-04-04,2025,WC_TABLA,Tabla,Fria,480,2,0.93,892.8
2025-04-04,2025,WC_EMPLATE,Emplatado,General,480,2,0.95,912.0
2025-04-05,2025,WC_SARTEN,Sartén,Caliente,480,2,0.9,864.0
2025-04-05,2025,WC_PLANCHA,Plancha,Caliente,480,1,0.9,432.0
2025-04-05,2025,WC_HORNO,Horno,Caliente,480,1,0.92,441.6
2025-04-05,2025,WC_TABLA,Tabla,Fria,480,2,0.93,892.8
2025-04-05,2025,WC_EMPLATE,Emplatado,General,480,2,0.95,912.0
2025-04-06,2025,WC_SARTEN,Sartén,Caliente,480,2,0.9,864.0
2025-04-06,2025,WC_PLANCHA,Plancha,Caliente,480,1,0.9,432.0
2025-04-06,2025,WC_HORNO,Horno,Caliente,480,1,0.92,441.6
2025-04-06,2025,WC_TABLA,Tabla,Fria,480,2,0.93,892.8
2025-04-06,2025,WC_EMPLATE,Emplatado,General,480,2,0.95,912.0
2025-04-07,2025,WC_SARTEN,Sartén,Caliente,480,2,0.9,864.0
2025-04-07,2025,WC_PLANCHA,Plancha,Caliente,480,1,0.9,432.0
2025-04-07,2025,WC_HORNO,Horno,Caliente,480,1,0.92,441.6
2025-04-07,2025,WC_TABLA,Tabla,Fria,480,2,0.93,892.8
2025-04-07,2025,WC_EMPLATE,Emplatado,General,480,2,0.95,912.0
2025-04-08,2025,WC_SARTEN,Sartén,Caliente,480,2,0.9,864.0
2025-04-08,2025,WC_PLANCHA,Plancha,Caliente,480,1,0.9,432.0
2025-04-08,2025,WC_HORNO,Horno,Caliente,480,1,0.92,441.6
2025-04-08,2025,WC_TABLA,Tabla,Fria,480,2,0.93,892.8
2025-04-08,2025,WC_EMPLATE,Emplatado,General,480,2,0.95,912.0
2025-04-09,2025,WC_SARTEN,Sartén,Caliente,480,2,0.9,864.0
2025-04-09,2025,WC_PLANCHA,Plancha,Caliente,480,1,0.9,432.0
2025-04-09,2025,WC_HORNO,Horno,Caliente,480,1,0.92,441.6
2025-04-09,2025,WC_TABLA,Tabla,Fria,480,2,0.93,892.8
2025-04-09,2025,WC_EMPLATE,Emplatado,General,480,2,0.95,912.0
2025-04-10,2025,WC_SARTEN,Sartén,Caliente,480,2,0.9,864.0
2025-04-10,2025,WC_PLANCHA,Plancha,Caliente,480,1,0.9,432.0
2025-04-10,2025,WC_HORNO,Horno,Caliente,480,1,0.92,441.6
2025-04-10,2025,WC_TABLA,Tabla,Fria,480,2,0.93,892.8
2025-04-10,2025,WC_EMPLATE,Emplatado,General,480,2,0.95,912.0
2025-04-11,2025,WC_SARTEN,Sartén,Caliente,480,2,0.9,864.0
2025-04-11,2025,WC_PLANCHA,Plancha,Caliente,480,1,0.9,432.0
2025-04-11,2025,WC_HORNO,Horno,Caliente,480,1,0.92,441.6
2025-04-11,2025,WC_TABLA,Tabla,Fria,480,2,0.93,892.8
2025-04-11,2025,WC_EMPLATE,Emplatado,General,480,2,0.95,912.0
2025-04-12,2025,WC_SARTEN,Sartén,Caliente,480,2,0.9,864.0
2025-04-12,2025,WC_PLANCHA,Plancha,Caliente,480,1,0.9,432.0
2025-04-12,2025,WC_HORNO,Horno,Caliente,480,1,0.92,441.6
2025-04-12,2025,WC_TABLA,Tabla,Fria,480,2,0.93,892.8
2025-04-12,2025,WC_EMPLATE,Emplatado,General,480,2,0.95,912.0
2025-04-13,2025,WC_SARTEN,Sartén,Caliente,480,2,0.9,864.0
2025-04-13,2025,WC_PLANCHA,Plancha,Caliente,480,1,0.9,432.0
2025-04-13,2025,WC_HORNO,Horno,Caliente,480,1,0.92,441.6
2025-04-13,2025,WC_TABLA,Tabla,Fria,480,2,0.93,892.8
2025-04-13,2025,WC_EMPLATE,Emplatado,General,480,2,0.95,912.0
2025-04-14,2025,WC_SARTEN,Sartén,Caliente,480,2,0.9,864.0
2025-04-14,2025,WC_PLANCHA,Plancha,Caliente,480,1,0.9,432.0
2025-04-14,2025,WC_HORNO,Horno,Caliente,480,1,0.92,441.6
2025-04-14,2025,WC_TABLA,Tabla,Fria,480,2,0.93,892.8
2025-04-14,2025,WC_EMPLATE,Emplatado,General,480,2,0.95,912.0
2025-04-15,2025,WC_SARTEN,Sartén,Caliente,480,2,0.9,864.0
2025-04-15,2025,WC_PLANCHA,Plancha,Caliente,480,1,0.9,432.0
2025-04-15,2025,WC_HORNO,Horno,Caliente,480,1,0.92,441.6
2025-04-15,2025,WC_TABLA,Tabla,Fria,480,2,0.93,892.8
2025-04-15,2025,WC_EMPLATE,Emplatado,General,480,2,0.95,912.0
2025-04-16,2025,WC_SARTEN,Sartén,Caliente,480,2,0.9,864.0
2025-04-16,2025,WC_PLANCHA,Plancha,Caliente,480,1,0.9,432.0
2025-04-16,2025,WC_HORNO,Horno,Caliente,480,1,0.92,441.6
2025-04-16,2025,WC_TABLA,Tabla,Fria,480,2,0.93,892.8
2025-04-16,2025,WC_EMPLATE,Emplatado,General,480,2,0.95,912.0
2025-04-17,2025,WC_SARTEN,Sartén,Caliente,480,2,0.9,864.0
2025-04-17,2025,WC_PLANCHA,Plancha,Caliente,480,1,0.9,432.0
2025-04-17,2025,WC_HORNO,Horno,Caliente,480,1,0.92,441.6
2025-04-17,2025,WC_TABLA,Tabla,Fria,480,2,0.93,892.8
2025-04-17,2025,WC_EMPLATE,Emplatado,General,480,2,0.95,912.0
2025-04-18,2025,WC_SARTEN,Sartén,Caliente,480,2,0.9,864.0
2025-04-18,2025,WC_PLANCHA,Plancha,Caliente,480,1,0.9,432.0
2025-04-18,2025,WC_HORNO,Horno,Caliente,480,1,0.92,441.6
2025-04-18,2025,WC_TABLA,Tabla,Fria,480,2,0.93,892.8
2025-04-18,2025,WC_EMPLATE,Emplatado,General,480,2,0.95,912.0
2025-04-19,2025,WC_SARTEN,Sartén,Caliente,480,2,0.9,864.0
2025-04-19,2025,WC_PLANCHA,Plancha,Caliente,480,1,0.9,432.0
2025-04-19,2025,WC_HORNO,Horno,Caliente,480,1,0.92,441.6
2025-04-19,2025,WC_TABLA,Tabla,Fria,480,2,0.93,892.8
2025-04-19,2025,WC_EMPLATE,Emplatado,General,480,2,0.95,912.0
2025-04-20,2025,WC_SARTEN,Sartén,Caliente,480,2,0.9,864.0
2025-04-20,2025,WC_PLANCHA,Plancha,Caliente,480,1,0.9,432.0
2025-04-20,2025,WC_HORNO,Horno,Caliente,480,1,0.92,441.6
2025-04-20,2025,WC_TABLA,Tabla,Fria,480,2,0.93,892.8
2025-04-20,2025,WC_EMPLATE,Emplatado,General,480,2,0.95,912.0
2025-04-21,2025,WC_SARTEN,Sartén,Caliente,480,2,0.9,864.0
2025-04-21,2025,WC_PLANCHA,Plancha,Caliente,480,1,0.9,432.0
2025-04-21,2025,WC_HORNO,Horno,Caliente,480,1,0.92,441.6
2025-04-21,2025,WC_TABLA,Tabla,Fria,480,2,0.93,892.8
2025-04-21,2025,WC_EMPLATE,Emplatado,General,480,2,0.95,912.0
2025-04-22,2025,WC_SARTEN,Sartén,Caliente,480,2,0.9,864.0
2025-04-22,2025,WC_PLANCHA,Plancha,Caliente,480,1,0.9,432.0
2025-04-22,2025,WC_HORNO,Horno,Caliente,480,1,0.92,441.6
2025-04-22,2025,WC_TABLA,Tabla,Fria,480,2,0.93,892.8
2025-04-22,2025,WC_EMPLATE,Emplatado,General,480,2,0.95,912.0
2025-04-23,2025,WC_SARTEN,Sartén,Caliente,480,2,0.9,864.0
2025-04-23,2025,WC_PLANCHA,Plancha,Caliente,480,1,0.9,432.0
2025-04-23,2025,WC_HORNO,Horno,Caliente,480,1,0.92,441.6
2025-04-23,2025,WC_TABLA,Tabla,Fria,480,2,0.93,892.8
2025-04-23,2025,WC_EMPLATE,Emplatado,General,480,2,0.95,912.0
2025-04-24,2025,WC_SARTEN,Sartén,Caliente,480,2,0.9,864.0
2025-04-24,2025,WC_PLANCHA,Plancha,Caliente,480,1,0.9,432.0
2025-04-24,2025,WC_HORNO,Horno,Caliente,480,1,0.92,441.6
2025-04-24,2025,WC_TABLA,Tabla,Fria,480,2,0.93,892.8
2025-04-24,2025,WC_EMPLATE,Emplatado,General,480,2,0.95,912.0
2025-04-25,2025,WC_SARTEN,Sartén,Caliente,480,2,0.9,864.0
2025-04-25,2025,WC_PLANCHA,Plancha,Caliente,480,1,0.9,432.0
2025-04-25,2025,WC_HORNO,Horno,Caliente,480,1,0.92,441.6
2025-04-25,2025,WC_TABLA,Tabla,Fria,480,2,0.93,892.8
2025-04-25,2025,WC_EMPLATE,Emplatado,General,480,2,0.95,912.0
2025-04-26,2025,WC_SARTEN,Sartén,Caliente,480,2,0.9,864.0
2025-04-26,2025,WC_PLANCHA,Plancha,Caliente,480,1,0.9,432.0
2025-04-26,2025,WC_HORNO,Horno,Caliente,480,1,0.92,441.6
2025-04-26,2025,WC_TABLA,Tabla,Fria,480,2,0.93,892.8
2025-04-26,2025,WC_EMPLATE,Emplatado,General,480,2,0.95,912.0
2025-04-27,2025,WC_SARTEN,Sartén,Caliente,480,2,0.9,864.0
2025-04-27,2025,WC_PLANCHA,Plancha,Caliente,480,1,0.9,432.0
2025-04-27,2025,WC_HORNO,Horno,Caliente,480,1,0.92,441.6
2025-04-27,2025,WC_TABLA,Tabla,Fria,480,2,0.93,892.8
2025-04-27,2025,WC_EMPLATE,Emplatado,General,480,2,0.95,912.0
2025-04-28,2025,WC_SARTEN,Sartén,Caliente,480,2,0.9,864.0
2025-04-28,2025,WC_PLANCHA,Plancha,Caliente,480,1,0.9,432.0
2025-04-28,2025,WC_HORNO,Horno,Caliente,480,1,0.92,441.6
2025-04-28,2025,WC_TABLA,Tabla,Fria,480,2,0.93,892.8
2025-04-28,2025,WC_EMPLATE,Emplatado,General,480,2,0.95,912.0
2025-04-29,2025,WC_SARTEN,Sartén,Caliente,480,2,0.9,864.0
2025-04-29,2025,WC_PLANCHA,Plancha,Caliente,480,1,0.9,432.0
2025-04-29,2025,WC_HORNO,Horno,Caliente,480,1,0.92,441.6
2025-04-29,2025,WC_TABLA,Tabla,Fria,480,2,0.93,892.8
2025-04-29,2025,WC_EMPLATE,Emplatado,General,480,2,0.95,912.0
2025-04-30,2025,WC_SARTEN,Sartén,Caliente,480,2,0.9,864.0
2025-04-30,2025,WC_PLANCHA,Plancha,Caliente,480,1,0.9,432.0
2025-04-30,2025,WC_HORNO,Horno,Caliente,480,1,0.92,441.6
2025-04-30,2025,WC_TABLA,Tabla,Fria,480,2,0.93,892.8
2025-04-30,2025,WC_EMPLATE,Emplatado,General,480,2,0.95,912.0
2025-05-01,2025,WC_SARTEN,Sartén,Caliente,480,2,0.925,887.8
2025-05-01,2025,WC_PLANCHA,Plancha,Caliente,480,1,0.896,430.0
2025-05-01,2025,WC_HORNO,Horno,Caliente,480,1,0.922,442.7
2025-05-01,2025,WC_TABLA,Tabla,Fria,480,2,0.924,887.5
2025-05-01,2025,WC_EMPLATE,Emplatado,General,480,2,0.941,902.9
2025-05-02,2025,WC_SARTEN,Sartén,Caliente,480,2,0.9,864.0
2025-05-02,2025,WC_PLANCHA,Plancha,Caliente,480,1,0.9,432.0
2025-05-02,2025,WC_HORNO,Horno,Caliente,480,1,0.92,441.6
2025-05-02,2025,WC_TABLA,Tabla,Fria,480,2,0.93,892.8
2025-05-02,2025,WC_EMPLATE,Emplatado,General,480,2,0.95,912.0
2025-05-03,2025,WC_SARTEN,Sartén,Caliente,480,2,0.9,864.0
2025-05-03,2025,WC_PLANCHA,Plancha,Caliente,480,1,0.9,432.0
2025-05-03,2025,WC_HORNO,Horno,Caliente,480,1,0.92,441.6
2025-05-03,2025,WC_TABLA,Tabla,Fria,480,2,0.93,892.8
2025-05-03,2025,WC_EMPLATE,Emplatado,General,480,2,0.95,912.0
2025-05-04,2025,WC_SARTEN,Sartén,Caliente,480,2,0.9,864.0
2025-05-04,2025,WC_PLANCHA,Plancha,Caliente,480,1,0.9,432.0
2025-05-04,2025,WC_HORNO,Horno,Caliente,480,1,0.92,441.6
2025-05-04,2025,WC_TABLA,Tabla,Fria,480,2,0.93,892.8
2025-05-04,2025,WC_EMPLATE,Emplatado,General,480,2,0.95,912.0
2025-05-05,2025,WC_SARTEN,Sartén,Caliente,480,2,0.9,864.0
2025-05-05,2025,WC_PLANCHA,Plancha,Caliente,480,1,0.9,432.0
2025-05-05,2025,WC_HORNO,Horno,Caliente,480,1,0.92,441.6
2025-05-05,2025,WC_TABLA,Tabla,Fria,480,2,0.93,892.8
2025-05-05,2025,WC_EMPLATE,Emplatado,General,480,2,0.95,912.0
2025-05-06,2025,WC_SARTEN,Sartén,Caliente,480,2,0.9,864.0
2025-05-06,2025,WC_PLANCHA,Plancha,Caliente,480,1,0.9,432.0
2025-05-06,2025,WC_HORNO,Horno,Caliente,480,1,0.92,441.6
2025-05-06,2025,WC_TABLA,Tabla,Fria,480,2,0.93,892.8
2025-05-06,2025,WC_EMPLATE,Emplatado,General,480,2,0.95,912.0
2025-05-07,2025,WC_SARTEN,Sartén,Caliente,480,2,0.9,864.0
2025-05-07,2025,WC_PLANCHA,Plancha,Caliente,480,1,0.9,432.0
2025-05-07,2025,WC_HORNO,Horno,Caliente,480,1,0.92,441.6
2025-05-07,2025,WC_TABLA,Tabla,Fria,480,2,0.93,892.8
2025-05-07,2025,WC_EMPLATE,Emplatado,General,480,2,0.95,912.0
2025-05-08,2025,WC_SARTEN,Sartén,Caliente,480,2,0.9,864.0
2025-05-08,2025,WC_PLANCHA,Plancha,Caliente,480,1,0.9,432.0
2025-05-08,2025,WC_HORNO,Horno,Caliente,480,1,0.92,441.6
2025-05-08,2025,WC_TABLA,Tabla,Fria,480,2,0.93,892.8
2025-05-08,2025,WC_EMPLATE,Emplatado,General,480,2,0.95,912.0
2025-05-09,2025,WC_SARTEN,Sartén,Caliente,480,2,0.9,864.0
2025-05-09,2025,WC_PLANCHA,Plancha,Caliente,480,1,0.9,432.0
2025-05-09,2025,WC_HORNO,Horno,Caliente,480,1,0.92,441.6
2025-05-09,2025,WC_TABLA,Tabla,Fria,480,2,0.93,892.8
2025-05-09,2025,WC_EMPLATE,Emplatado,General,480,2,0.95,912.0
2025-05-10,2025,WC_SARTEN,Sartén,Caliente,480,2,0.9,864.0
2025-05-10,2025,WC_PLANCHA,Plancha,Caliente,480,1,0.9,432.0
2025-05-10,2025,WC_HORNO,Horno,Caliente,480,1,0.92,441.6
2025-05-10,2025,WC_TABLA,Tabla,Fria,480,2,0.93,892.8
2025-05-10,2025,WC_EMPLATE,Emplatado,General,480,2,0.95,912.0
2025-05-11,2025,WC_SARTEN,Sartén,Caliente,480,2,0.9,864.0
2025-05-11,2025,WC_PLANCHA,Plancha,Caliente,480,1,0.9,432.0
2025-05-11,2025,WC_HORNO,Horno,Caliente,480,1,0.92,441.6
2025-05-11,2025,WC_TABLA,Tabla,Fria,480,2,0.93,892.8
2025-05-11,2025,WC_EMPLATE,Emplatado,General,480,2,0.95,912.0
2025-05-12,2025,WC_SARTEN,Sartén,Caliente,480,2,0.9,864.0
2025-05-12,2025,WC_PLANCHA,Plancha,Caliente,480,1,0.9,432.0
2025-05-12,2025,WC_HORNO,Horno,Caliente,480,1,0.92,441.6
2025-05-12,2025,WC_TABLA,Tabla,Fria,480,2,0.93,892.8
2025-05-12,2025,WC_EMPLATE,Emplatado,General,480,2,0.95,912.0
2025-05-13,2025,WC_SARTEN,Sartén,Caliente,480,2,0.9,864.0
2025-05-13,2025,WC_PLANCHA,Plancha,Caliente,480,1,0.9,432.0
2025-05-13,2025,WC_HORNO,Horno,Caliente,480,1,0.92,441.6
2025-05-13,2025,WC_TABLA,Tabla,Fria,480,2,0.93,892.8
2025-05-13,2025,WC_EMPLATE,Emplatado,General,480,2,0.95,912.0
2025-05-14,2025,WC_SARTEN,Sartén,Caliente,480,2,0.9,864.0
2025-05-14,2025,WC_PLANCHA,Plancha,Caliente,480,1,0.9,432.0
2025-05-14,2025,WC_HORNO,Horno,Caliente,480,1,0.92,441.6
2025-05-14,2025,WC_TABLA,Tabla,Fria,480,2,0.93,892.8
2025-05-14,2025,WC_EMPLATE,Emplatado,General,480,2,0.95,912.0
2025-05-15,2025,WC_SARTEN,Sartén,Caliente,480,2,0.9,864.0
2025-05-15,2025,WC_PLANCHA,Plancha,Caliente,480,1,0.9,432.0
2025-05-15,2025,WC_HORNO,Horno,Caliente,480,1,0.92,441.6
2025-05-15,2025,WC_TABLA,Tabla,Fria,480,2,0.93,892.8
2025-05-15,2025,WC_EMPLATE,Emplatado,General,480,2,0.95,912.0
2025-05-16,2025,WC_SARTEN,Sartén,Caliente,480,2,0.9,864.0
2025-05-16,2025,WC_PLANCHA,Plancha,Caliente,480,1,0.9,432.0
2025-05-16,2025,WC_HORNO,Horno,Caliente,480,1,0.92,441.6
2025-05-16,2025,WC_TABLA,Tabla,Fria,480,2,0.93,892.8
2025-05-16,2025,WC_EMPLATE,Emplatado,General,480,2,0.95,912.0
2025-05-17,2025,WC_SARTEN,Sartén,Caliente,480,2,0.9,864.0
2025-05-17,2025,WC_PLANCHA,Plancha,Caliente,480,1,0.9,432.0
2025-05-17,2025,WC_HORNO,Horno,Caliente,480,1,0.92,441.6
2025-05-17,2025,WC_TABLA,Tabla,Fria,480,2,0.93,892.8
2025-05-17,2025,WC_EMPLATE,Emplatado,General,480,2,0.95,912.0
2025-05-18,2025,WC_SARTEN,Sartén,Caliente,480,2,0.9,864.0
2025-05-18,2025,WC_PLANCHA,Plancha,Caliente,480,1,0.9,432.0
2025-05-18,2025,WC_HORNO,Horno,Caliente,480,1,0.92,441.6
2025-05-18,2025,WC_TABLA,Tabla,Fria,480,2,0.93,892.8
2025-05-18,2025,WC_EMPLATE,Emplatado,General,480,2,0.95,912.0
2025-05-19,2025,WC_SARTEN,Sartén,Caliente,480,2,0.9,864.0
2025-05-19,2025,WC_PLANCHA,Plancha,Caliente,480,1,0.9,432.0
2025-05-19,2025,WC_HORNO,Horno,Caliente,480,1,0.92,441.6
2025-05-19,2025,WC_TABLA,Tabla,Fria,480,2,0.93,892.8
2025-05-19,2025,WC_EMPLATE,Emplatado,General,480,2,0.95,912.0
2025-05-20,2025,WC_SARTEN,Sartén,Caliente,480,2,0.905,869.2
2025-05-20,2025,WC_PLANCHA,Plancha,Caliente,480,1,0.869,417.1
2025-05-20,2025,WC_HORNO,Horno,Caliente,480,1,0.891,427.6
2025-05-20,2025,WC_TABLA,Tabla,Fria,480,2,0.964,925.1
2025-05-20,2025,WC_EMPLATE,Emplatado,General,480,2,0.992,952.7
2025-05-21,2025,WC_SARTEN,Sartén,Caliente,480,2,0.9,864.0
2025-05-21,2025,WC_PLANCHA,Plancha,Caliente,480,1,0.9,432.0
2025-05-21,2025,WC_HORNO,Horno,Caliente,480,1,0.92,441.6
2025-05-21,2025,WC_TABLA,Tabla,Fria,480,2,0.93,892.8
2025-05-21,2025,WC_EMPLATE,Emplatado,General,480,2,0.95,912.0
2025-05-22,2025,WC_SARTEN,Sartén,Caliente,480,2,0.9,864.0
2025-05-22,2025,WC_PLANCHA,Plancha,Caliente,480,1,0.9,432.0
2025-05-22,2025,WC_HORNO,Horno,Caliente,480,1,0.92,441.6
2025-05-22,2025,WC_TABLA,Tabla,Fria,480,2,0.93,892.8
2025-05-22,2025,WC_EMPLATE,Emplatado,General,480,2,0.95,912.0
2025-05-23,2025,WC_SARTEN,Sartén,Caliente,480,2,0.9,864.0
2025-05-23,2025,WC_PLANCHA,Plancha,Caliente,480,1,0.9,432.0
2025-05-23,2025,WC_HORNO,Horno,Caliente,480,1,0.92,441.6
2025-05-23,2025,WC_TABLA,Tabla,Fria,480,2,0.93,892.8
2025-05-23,2025,WC_EMPLATE,Emplatado,General,480,2,0.95,912.0
2025-05-24,2025,WC_SARTEN,Sartén,Caliente,480,2,0.9,864.0
2025-05-24,2025,WC_PLANCHA,Plancha,Caliente,480,1,0.9,432.0
2025-05-24,2025,WC_HORNO,Horno,Caliente,480,1,0.92,441.6
2025-05-24,2025,WC_TABLA,Tabla,Fria,480,2,0.93,892.8
2025-05-24,2025,WC_EMPLATE,Emplatado,General,480,2,0.95,912.0
2025-05-25,2025,WC_SARTEN,Sartén,Caliente,480,2,0.9,864.0
2025-05-25,2025,WC_PLANCHA,Plancha,Caliente,480,1,0.9,432.0
2025-05-25,2025,WC_HORNO,Horno,Caliente,480,1,0.92,441.6
2025-05-25,2025,WC_TABLA,Tabla,Fria,480,2,0.93,892.8
2025-05-25,2025,WC_EMPLATE,Emplatado,General,480,2,0.95,912.0
2025-05-26,2025,WC_SARTEN,Sartén,Caliente,480,2,0.9,864.0
2025-05-26,2025,WC_PLANCHA,Plancha,Caliente,480,1,0.9,432.0
2025-05-26,2025,WC_HORNO,Horno,Caliente,480,1,0.92,441.6
2025-05-26,2025,WC_TABLA,Tabla,Fria,480,2,0.93,892.8
2025-05-26,2025,WC_EMPLATE,Emplatado,General,480,2,0.95,912.0
2025-05-27,2025,WC_SARTEN,Sartén,Caliente,480,2,0.9,864.0
2025-05-27,2025,WC_PLANCHA,Plancha,Caliente,480,1,0.9,432.0
2025-05-27,2025,WC_HORNO,Horno,Caliente,480,1,0.92,441.6
2025-05-27,2025,WC_TABLA,Tabla,Fria,480,2,0.93,892.8
2025-05-27,2025,WC_EMPLATE,Emplatado,General,480,2,0.95,912.0
2025-05-28,2025,WC_SARTEN,Sartén,Caliente,480,2,0.9,864.0
2025-05-28,2025,WC_PLANCHA,Plancha,Caliente,480,1,0.9,432.0
2025-05-28,2025,WC_HORNO,Horno,Caliente,480,1,0.92,441.6
2025-05-28,2025,WC_TABLA,Tabla,Fria,480,2,0.93,892.8
2025-05-28,2025,WC_EMPLATE,Emplatado,General,480,2,0.95,912.0
2025-05-29,2025,WC_SARTEN,Sartén,Caliente,480,2,0.9,864.0
2025-05-29,2025,WC_PLANCHA,Plancha,Caliente,480,1,0.9,432.0
2025-05-29,2025,WC_HORNO,Horno,Caliente,480,1,0.92,441.6
2025-05-29,2025,WC_TABLA,Tabla,Fria,480,2,0.93,892.8
2025-05-29,2025,WC_EMPLATE,Emplatado,General,480,2,0.95,912.0
2025-05-30,2025,WC_SARTEN,Sartén,Caliente,480,2,0.9,864.0
2025-05-30,2025,WC_PLANCHA,Plancha,Caliente,480,1,0.9,432.0
2025-05-30,2025,WC_HORNO,Horno,Caliente,480,1,0.92,441.6
2025-05-30,2025,WC_TABLA,Tabla,Fria,480,2,0.93,892.8
2025-05-30,2025,WC_EMPLATE,Emplatado,General,480,2,0.95,912.0
2025-05-31,2025,WC_SARTEN,Sartén,Caliente,480,2,0.9,864.0
2025-05-31,2025,WC_PLANCHA,Plancha,Caliente,480,1,0.9,432.0
2025-05-31,2025,WC_HORNO,Horno,Caliente,480,1,0.92,441.6
2025-05-31,2025,WC_TABLA,Tabla,Fria,480,2,0.93,892.8
2025-05-31,2025,WC_EMPLATE,Emplatado,General,480,2,0.95,912.0
2025-06-01,2025,WC_SARTEN,Sartén,Caliente,480,2,0.9,864.0
2025-06-01,2025,WC_PLANCHA,Plancha,Caliente,480,1,0.9,432.0
2025-06-01,2025,WC_HORNO,Horno,Caliente,480,1,0.92,441.6
2025-06-01,2025,WC_TABLA,Tabla,Fria,480,2,0.93,892.8
2025-06-01,2025,WC_EMPLATE,Emplatado,General,480,2,0.95,912.0
2025-06-02,2025,WC_SARTEN,Sartén,Caliente,480,2,0.9,864.0
2025-06-02,2025,WC_PLANCHA,Plancha,Caliente,480,1,0.9,432.0
2025-06-02,2025,WC_HORNO,Horno,Caliente,480,1,0.92,441.6
2025-06-02,2025,WC_TABLA,Tabla,Fria,480,2,0.93,892.8
2025-06-02,2025,WC_EMPLATE,Emplatado,General,480,2,0.95,912.0
2025-06-03,2025,WC_SARTEN,Sartén,Caliente,480,2,0.9,864.0
2025-06-03,2025,WC_PLANCHA,Plancha,Caliente,480,1,0.9,432.0
2025-06-03,2025,WC_HORNO,Horno,Caliente,480,1,0.92,441.6
2025-06-03,2025,WC_TABLA,Tabla,Fria,480,2,0.93,892.8
2025-06-03,2025,WC_EMPLATE,Emplatado,General,480,2,0.95,912.0
2025-06-04,2025,WC_SARTEN,Sartén,Caliente,480,2,0.9,864.0
2025-06-04,2025,WC_PLANCHA,Plancha,Caliente,480,1,0.9,432.0
2025-06-04,2025,WC_HORNO,Horno,Caliente,480,1,0.92,441.6
2025-06-04,2025,WC_TABLA,Tabla,Fria,480,2,0.93,892.8
2025-06-04,2025,WC_EMPLATE,Emplatado,General,480,2,0.95,912.0
2025-06-05,2025,WC_SARTEN,Sartén,Caliente,480,2,0.9,864.0
2025-06-05,2025,WC_PLANCHA,Plancha,Caliente,480,1,0.9,432.0
2025-06-05,2025,WC_HORNO,Horno,Caliente,480,1,0.92,441.6
2025-06-05,2025,WC_TABLA,Tabla,Fria,480,2,0.93,892.8
2025-06-05,2025,WC_EMPLATE,Emplatado,General,480,2,0.95,912.0
2025-06-06,2025,WC_SARTEN,Sartén,Caliente,480,2,0.9,864.0
2025-06-06,2025,WC_PLANCHA,Plancha,Caliente,480,1,0.9,432.0
2025-06-06,2025,WC_HORNO,Horno,Caliente,480,1,0.92,441.6
2025-06-06,2025,WC_TABLA,Tabla,Fria,480,2,0.93,892.8
2025-06-06,2025,WC_EMPLATE,Emplatado,General,480,2,0.95,912.0
2025-06-07,2025,WC_SARTEN,Sartén,Caliente,480,2,0.9,864.0
2025-06-07,2025,WC_PLANCHA,Plancha,Caliente,480,1,0.9,432.0
2025-06-07,2025,WC_HORNO,Horno,Caliente,480,1,0.92,441.6
2025-06-07,2025,WC_TABLA,Tabla,Fria,480,2,0.93,892.8
2025-06-07,2025,WC_EMPLATE,Emplatado,General,480,2,0.95,912.0
2025-06-08,2025,WC_SARTEN,Sartén,Caliente,480,2,0.9,864.0
2025-06-08,2025,WC_PLANCHA,Plancha,Caliente,480,1,0.9,432.0
2025-06-08,2025,WC_HORNO,Horno,Caliente,480,1,0.92,441.6
2025-06-08,2025,WC_TABLA,Tabla,Fria,480,2,0.93,892.8
2025-06-08,2025,WC_EMPLATE,Emplatado,General,480,2,0.95,912.0
2025-06-09,2025,WC_SARTEN,Sartén,Caliente,480,2,0.9,864.0
2025-06-09,2025,WC_PLANCHA,Plancha,Caliente,480,1,0.9,432.0
2025-06-09,2025,WC_HORNO,Horno,Caliente,480,1,0.92,441.6
2025-06-09,2025,WC_TABLA,Tabla,Fria,480,2,0.93,892.8
2025-06-09,2025,WC_EMPLATE,Emplatado,General,480,2,0.95,912.0
2025-06-10,2025,WC_SARTEN,Sartén,Caliente,480,2,0.9,864.0
2025-06-10,2025,WC_PLANCHA,Plancha,Caliente,480,1,0.9,432.0
2025-06-10,2025,WC_HORNO,Horno,Caliente,480,1,0.92,441.6
2025-06-10,2025,WC_TABLA,Tabla,Fria,480,2,0.93,892.8
2025-06-10,2025,WC_EMPLATE,Emplatado,General,480,2,0.95,912.0
2025-06-11,2025,WC_SARTEN,Sartén,Caliente,480,2,0.9,864.0
2025-06-11,2025,WC_PLANCHA,Plancha,Caliente,480,1,0.9,432.0
2025-06-11,2025,WC_HORNO,Horno,Caliente,480,1,0.92,441.6
2025-06-11,2025,WC_TABLA,Tabla,Fria,480,2,0.93,892.8
2025-06-11,2025,WC_EMPLATE,Emplatado,General,480,2,0.95,912.0
2025-06-12,2025,WC_SARTEN,Sartén,Caliente,480,2,0.9,864.0
2025-06-12,2025,WC_PLANCHA,Plancha,Caliente,480,1,0.9,432.0
2025-06-12,2025,WC_HORNO,Horno,Caliente,480,1,0.92,441.6
2025-06-12,2025,WC_TABLA,Tabla,Fria,480,2,0.93,892.8
2025-06-12,2025,WC_EMPLATE,Emplatado,General,480,2,0.95,912.0
2025-06-13,2025,WC_SARTEN,Sartén,Caliente,480,2,0.9,864.0
2025-06-13,2025,WC_PLANCHA,Plancha,Caliente,480,1,0.9,432.0
2025-06-13,2025,WC_HORNO,Horno,Caliente,480,1,0.92,441.6
2025-06-13,2025,WC_TABLA,Tabla,Fria,480,2,0.93,892.8
2025-06-13,2025,WC_EMPLATE,Emplatado,General,480,2,0.95,912.0
2025-06-14,2025,WC_SARTEN,Sartén,Caliente,480,2,0.9,864.0
2025-06-14,2025,WC_PLANCHA,Plancha,Caliente,480,1,0.9,432.0
2025-06-14,2025,WC_HORNO,Horno,Caliente,480,1,0.92,441.6
2025-06-14,2025,WC_TABLA,Tabla,Fria,480,2,0.93,892.8
2025-06-14,2025,WC_EMPLATE,Emplatado,General,480,2,0.95,912.0
2025-06-15,2025,WC_SARTEN,Sartén,Caliente,480,2,0.9,864.0
2025-06-15,2025,WC_PLANCHA,Plancha,Caliente,480,1,0.9,432.0
2025-06-15,2025,WC_HORNO,Horno,Caliente,480,1,0.92,441.6
2025-06-15,2025,WC_TABLA,Tabla,Fria,480,2,0.93,892.8
2025-06-15,2025,WC_EMPLATE,Emplatado,General,480,2,0.95,912.0
2025-06-16,2025,WC_SARTEN,Sartén,Caliente,480,2,0.9,864.0
2025-06-16,2025,WC_PLANCHA,Plancha,Caliente,480,1,0.9,432.0
2025-06-16,2025,WC_HORNO,Horno,Caliente,480,1,0.92,441.6
2025-06-16,2025,WC_TABLA,Tabla,Fria,480,2,0.93,892.8
2025-06-16,2025,WC_EMPLATE,Emplatado,General,480,2,0.95,912.0
2025-06-17,2025,WC_SARTEN,Sartén,Caliente,480,2,0.9,864.0
2025-06-17,2025,WC_PLANCHA,Plancha,Caliente,480,1,0.9,432.0
2025-06-17,2025,WC_HORNO,Horno,Caliente,480,1,0.92,441.6
2025-06-17,2025,WC_TABLA,Tabla,Fria,480,2,0.93,892.8
2025-06-17,2025,WC_EMPLATE,Emplatado,General,480,2,0.95,912.0
2025-06-18,2025,WC_SARTEN,Sartén,Caliente,480,2,0.9,864.0
2025-06-18,2025,WC_PLANCHA,Plancha,Caliente,480,1,0.9,432.0
2025-06-18,2025,WC_HORNO,Horno,Caliente,480,1,0.92,441.6
2025-06-18,2025,WC_TABLA,Tabla,Fria,480,2,0.93,892.8
2025-06-18,2025,WC_EMPLATE,Emplatado,General,480,2,0.95,912.0
2025-06-19,2025,WC_SARTEN,Sartén,Caliente,480,2,0.9,864.0
2025-06-19,2025,WC_PLANCHA,Plancha,Caliente,480,1,0.9,432.0
2025-06-19,2025,WC_HORNO,Horno,Caliente,480,1,0.92,441.6
2025-06-19,2025,WC_TABLA,Tabla,Fria,480,2,0.93,892.8
2025-06-19,2025,WC_EMPLATE,Emplatado,General,480,2,0.95,912.0
2025-06-20,2025,WC_SARTEN,Sartén,Caliente,480,2,0.9,864.0
2025-06-20,2025,WC_PLANCHA,Plancha,Caliente,480,1,0.9,432.0
2025-06-20,2025,WC_HORNO,Horno,Caliente,480,1,0.92,441.6
2025-06-20,2025,WC_TABLA,Tabla,Fria,480,2,0.93,892.8
2025-06-20,2025,WC_EMPLATE,Emplatado,General,480,2,0.95,912.0
2025-06-21,2025,WC_SARTEN,Sartén,Caliente,480,2,0.9,864.0
2025-06-21,2025,WC_PLANCHA,Plancha,Caliente,480,1,0.9,432.0
2025-06-21,2025,WC_HORNO,Horno,Caliente,480,1,0.92,441.6
2025-06-21,2025,WC_TABLA,Tabla,Fria,480,2,0.93,892.8
2025-06-21,2025,WC_EMPLATE,Emplatado,General,480,2,0.95,912.0
2025-06-22,2025,WC_SARTEN,Sartén,Caliente,480,2,0.889,853.1
2025-06-22,2025,WC_PLANCHA,Plancha,Caliente,480,1,0.879,422.1
2025-06-22,2025,WC_HORNO,Horno,Caliente,480,1,0.933,448.0
2025-06-22,2025,WC_TABLA,Tabla,Fria,480,2,0.922,884.7
2025-06-22,2025,WC_EMPLATE,Emplatado,General,480,2,0.905,868.7
2025-06-23,2025,WC_SARTEN,Sartén,Caliente,480,2,0.9,864.0
2025-06-23,2025,WC_PLANCHA,Plancha,Caliente,480,1,0.9,432.0
2025-06-23,2025,WC_HORNO,Horno,Caliente,480,1,0.92,441.6
2025-06-23,2025,WC_TABLA,Tabla,Fria,480,2,0.93,892.8
2025-06-23,2025,WC_EMPLATE,Emplatado,General,480,2,0.95,912.0
2025-06-24,2025,WC_SARTEN,Sartén,Caliente,480,2,0.9,864.0
2025-06-24,2025,WC_PLANCHA,Plancha,Caliente,480,1,0.9,432.0
2025-06-24,2025,WC_HORNO,Horno,Caliente,480,1,0.92,441.6
2025-06-24,2025,WC_TABLA,Tabla,Fria,480,2,0.93,892.8
2025-06-24,2025,WC_EMPLATE,Emplatado,General,480,2,0.95,912.0
2025-06-25,2025,WC_SARTEN,Sartén,Caliente,480,2,0.9,864.0
2025-06-25,2025,WC_PLANCHA,Plancha,Caliente,480,1,0.9,432.0
2025-06-25,2025,WC_HORNO,Horno,Caliente,480,1,0.92,441.6
2025-06-25,2025,WC_TABLA,Tabla,Fria,480,2,0.93,892.8
2025-06-25,2025,WC_EMPLATE,Emplatado,General,480,2,0.95,912.0
2025-06-26,2025,WC_SARTEN,Sartén,Caliente,480,2,0.9,864.0
2025-06-26,2025,WC_PLANCHA,Plancha,Caliente,480,1,0.9,432.0
2025-06-26,2025,WC_HORNO,Horno,Caliente,480,1,0.92,441.6
2025-06-26,2025,WC_TABLA,Tabla,Fria,480,2,0.93,892.8
2025-06-26,2025,WC_EMPLATE,Emplatado,General,480,2,0.95,912.0
2025-06-27,2025,WC_SARTEN,Sartén,Caliente,480,2,0.9,864.0
2025-06-27,2025,WC_PLANCHA,Plancha,Caliente,480,1,0.9,432.0
2025-06-27,2025,WC_HORNO,Horno,Caliente,480,1,0.92,441.6
2025-06-27,2025,WC_TABLA,Tabla,Fria,480,2,0.93,892.8
2025-06-27,2025,WC_EMPLATE,Emplatado,General,480,2,0.95,912.0
2025-06-28,2025,WC_SARTEN,Sartén,Caliente,480,2,0.9,864.0
2025-06-28,2025,WC_PLANCHA,Plancha,Caliente,480,1,0.9,432.0
2025-06-28,2025,WC_HORNO,Horno,Caliente,480,1,0.92,441.6
2025-06-28,2025,WC_TABLA,Tabla,Fria,480,2,0.93,892.8
2025-06-28,2025,WC_EMPLATE,Emplatado,General,480,2,0.95,912.0
2025-06-29,2025,WC_SARTEN,Sartén,Caliente,480,2,0.869,834.3
2025-06-29,2025,WC_PLANCHA,Plancha,Caliente,480,1,0.919,441.3
2025-06-29,2025,WC_HORNO,Horno,Caliente,480,1,0.935,448.6
2025-06-29,2025,WC_TABLA,Tabla,Fria,480,2,0.886,850.6
2025-06-29,2025,WC_EMPLATE,Emplatado,General,480,2,0.924,886.6
2025-06-30,2025,WC_SARTEN,Sartén,Caliente,480,2,0.9,864.0
2025-06-30,2025,WC_PLANCHA,Plancha,Caliente,480,1,0.9,432.0
2025-06-30,2025,WC_HORNO,Horno,Caliente,480,1,0.92,441.6
2025-06-30,2025,WC_TABLA,Tabla,Fria,480,2,0.93,892.8
2025-06-30,2025,WC_EMPLATE,Emplatado,General,480,2,0.95,912.0
2025-07-01,2025,WC_SARTEN,Sartén,Caliente,480,2,0.9,864.0
2025-07-01,2025,WC_PLANCHA,Plancha,Caliente,480,1,0.9,432.0
2025-07-01,2025,WC_HORNO,Horno,Caliente,480,1,0.92,441.6
2025-07-01,2025,WC_TABLA,Tabla,Fria,480,2,0.93,892.8
2025-07-01,2025,WC_EMPLATE,Emplatado,General,480,2,0.95,912.0
2025-07-02,2025,WC_SARTEN,Sartén,Caliente,480,2,0.9,864.0
2025-07-02,2025,WC_PLANCHA,Plancha,Caliente,480,1,0.9,432.0
2025-07-02,2025,WC_HORNO,Horno,Caliente,480,1,0.92,441.6
2025-07-02,2025,WC_TABLA,Tabla,Fria,480,2,0.93,892.8
2025-07-02,2025,WC_EMPLATE,Emplatado,General,480,2,0.95,912.0
2025-07-03,2025,WC_SARTEN,Sartén,Caliente,480,2,0.9,864.0
2025-07-03,2025,WC_PLANCHA,Plancha,Caliente,480,1,0.9,432.0
2025-07-03,2025,WC_HORNO,Horno,Caliente,480,1,0.92,441.6
2025-07-03,2025,WC_TABLA,Tabla,Fria,480,2,0.93,892.8
2025-07-03,2025,WC_EMPLATE,Emplatado,General,480,2,0.95,912.0
2025-07-04,2025,WC_SARTEN,Sartén,Caliente,480,2,0.9,864.0
2025-07-04,2025,WC_PLANCHA,Plancha,Caliente,480,1,0.9,432.0
2025-07-04,2025,WC_HORNO,Horno,Caliente,480,1,0.92,441.6
2025-07-04,2025,WC_TABLA,Tabla,Fria,480,2,0.93,892.8
2025-07-04,2025,WC_EMPLATE,Emplatado,General,480,2,0.95,912.0
2025-07-05,2025,WC_SARTEN,Sartén,Caliente,480,2,0.9,864.0
2025-07-05,2025,WC_PLANCHA,Plancha,Caliente,480,1,0.9,432.0
2025-07-05,2025,WC_HORNO,Horno,Caliente,480,1,0.92,441.6
2025-07-05,2025,WC_TABLA,Tabla,Fria,480,2,0.93,892.8
2025-07-05,2025,WC_EMPLATE,Emplatado,General,480,2,0.95,912.0
2025-07-06,2025,WC_SARTEN,Sartén,Caliente,480,2,0.9,864.0
2025-07-06,2025,WC_PLANCHA,Plancha,Caliente,480,1,0.9,432.0
2025-07-06,2025,WC_HORNO,Horno,Caliente,480,1,0.92,441.6
2025-07-06,2025,WC_TABLA,Tabla,Fria,480,2,0.93,892.8
2025-07-06,2025,WC_EMPLATE,Emplatado,General,480,2,0.95,912.0
2025-07-07,2025,WC_SARTEN,Sartén,Caliente,480,2,0.9,864.0
2025-07-07,2025,WC_PLANCHA,Plancha,Caliente,480,1,0.9,432.0
2025-07-07,2025,WC_HORNO,Horno,Caliente,480,1,0.92,441.6
2025-07-07,2025,WC_TABLA,Tabla,Fria,480,2,0.93,892.8
2025-07-07,2025,WC_EMPLATE,Emplatado,General,480,2,0.95,912.0
2025-07-08,2025,WC_SARTEN,Sartén,Caliente,480,2,0.9,864.0
2025-07-08,2025,WC_PLANCHA,Plancha,Caliente,480,1,0.9,432.0
2025-07-08,2025,WC_HORNO,Horno,Caliente,480,1,0.92,441.6
2025-07-08,2025,WC_TABLA,Tabla,Fria,480,2,0.93,892.8
2025-07-08,2025,WC_EMPLATE,Emplatado,General,480,2,0.95,912.0
2025-07-09,2025,WC_SARTEN,Sartén,Caliente,480,2,0.9,864.0
2025-07-09,2025,WC_PLANCHA,Plancha,Caliente,480,1,0.9,432.0
2025-07-09,2025,WC_HORNO,Horno,Caliente,480,1,0.92,441.6
2025-07-09,2025,WC_TABLA,Tabla,Fria,480,2,0.93,892.8
2025-07-09,2025,WC_EMPLATE,Emplatado,General,480,2,0.95,912.0
2025-07-10,2025,WC_SARTEN,Sartén,Caliente,480,2,0.9,864.0
2025-07-10,2025,WC_PLANCHA,Plancha,Caliente,480,1,0.9,432.0
2025-07-10,2025,WC_HORNO,Horno,Caliente,480,1,0.92,441.6
2025-07-10,2025,WC_TABLA,Tabla,Fria,480,2,0.93,892.8
2025-07-10,2025,WC_EMPLATE,Emplatado,General,480,2,0.95,912.0
2025-07-11,2025,WC_SARTEN,Sartén,Caliente,480,2,0.9,864.0
2025-07-11,2025,WC_PLANCHA,Plancha,Caliente,480,1,0.9,432.0
2025-07-11,2025,WC_HORNO,Horno,Caliente,480,1,0.92,441.6
2025-07-11,2025,WC_TABLA,Tabla,Fria,480,2,0.93,892.8
2025-07-11,2025,WC_EMPLATE,Emplatado,General,480,2,0.95,912.0
2025-07-12,2025,WC_SARTEN,Sartén,Caliente,480,2,0.9,864.0
2025-07-12,2025,WC_PLANCHA,Plancha,Caliente,480,1,0.9,432.0
2025-07-12,2025,WC_HORNO,Horno,Caliente,480,1,0.92,441.6
2025-07-12,2025,WC_TABLA,Tabla,Fria,480,2,0.93,892.8
2025-07-12,2025,WC_EMPLATE,Emplatado,General,480,2,0.95,912.0
2025-07-13,2025,WC_SARTEN,Sartén,Caliente,480,2,0.9,864.0
2025-07-13,2025,WC_PLANCHA,Plancha,Caliente,480,1,0.9,432.0
2025-07-13,2025,WC_HORNO,Horno,Caliente,480,1,0.92,441.6
2025-07-13,2025,WC_TABLA,Tabla,Fria,480,2,0.93,892.8
2025-07-13,2025,WC_EMPLATE,Emplatado,General,480,2,0.95,912.0
2025-07-14,2025,WC_SARTEN,Sartén,Caliente,480,2,0.9,864.0
2025-07-14,2025,WC_PLANCHA,Plancha,Caliente,480,1,0.9,432.0
2025-07-14,2025,WC_HORNO,Horno,Caliente,480,1,0.92,441.6
2025-07-14,2025,WC_TABLA,Tabla,Fria,480,2,0.93,892.8
2025-07-14,2025,WC_EMPLATE,Emplatado,General,480,2,0.95,912.0
2025-07-15,2025,WC_SARTEN,Sartén,Caliente,480,2,0.9,864.0
2025-07-15,2025,WC_PLANCHA,Plancha,Caliente,480,1,0.9,432.0
2025-07-15,2025,WC_HORNO,Horno,Caliente,480,1,0.92,441.6
2025-07-15,2025,WC_TABLA,Tabla,Fria,480,2,0.93,892.8
2025-07-15,2025,WC_EMPLATE,Emplatado,General,480,2,0.95,912.0
2025-07-16,2025,WC_SARTEN,Sartén,Caliente,480,2,0.9,864.0
2025-07-16,2025,WC_PLANCHA,Plancha,Caliente,480,1,0.9,432.0
2025-07-16,2025,WC_HORNO,Horno,Caliente,480,1,0.92,441.6
2025-07-16,2025,WC_TABLA,Tabla,Fria,480,2,0.93,892.8
2025-07-16,2025,WC_EMPLATE,Emplatado,General,480,2,0.95,912.0
2025-07-17,2025,WC_SARTEN,Sartén,Caliente,480,2,0.9,864.0
2025-07-17,2025,WC_PLANCHA,Plancha,Caliente,480,1,0.9,432.0
2025-07-17,2025,WC_HORNO,Horno,Caliente,480,1,0.92,441.6
2025-07-17,2025,WC_TABLA,Tabla,Fria,480,2,0.93,892.8
2025-07-17,2025,WC_EMPLATE,Emplatado,General,480,2,0.95,912.0
2025-07-18,2025,WC_SARTEN,Sartén,Caliente,480,2,0.9,864.0
2025-07-18,2025,WC_PLANCHA,Plancha,Caliente,480,1,0.9,432.0
2025-07-18,2025,WC_HORNO,Horno,Caliente,480,1,0.92,441.6
2025-07-18,2025,WC_TABLA,Tabla,Fria,480,2,0.93,892.8
2025-07-18,2025,WC_EMPLATE,Emplatado,General,480,2,0.95,912.0
2025-07-19,2025,WC_SARTEN,Sartén,Caliente,480,2,0.9,864.0
2025-07-19,2025,WC_PLANCHA,Plancha,Caliente,480,1,0.9,432.0
2025-07-19,2025,WC_HORNO,Horno,Caliente,480,1,0.92,441.6
2025-07-19,2025,WC_TABLA,Tabla,Fria,480,2,0.93,892.8
2025-07-19,2025,WC_EMPLATE,Emplatado,General,480,2,0.95,912.0
2025-07-20,2025,WC_SARTEN,Sartén,Caliente,480,2,0.9,864.0
2025-07-20,2025,WC_PLANCHA,Plancha,Caliente,480,1,0.9,432.0
2025-07-20,2025,WC_HORNO,Horno,Caliente,480,1,0.92,441.6
2025-07-20,2025,WC_TABLA,Tabla,Fria,480,2,0.93,892.8
2025-07-20,2025,WC_EMPLATE,Emplatado,General,480,2,0.95,912.0
2025-07-21,2025,WC_SARTEN,Sartén,Caliente,480,2,0.9,864.0
2025-07-21,2025,WC_PLANCHA,Plancha,Caliente,480,1,0.9,432.0
2025-07-21,2025,WC_HORNO,Horno,Caliente,480,1,0.92,441.6
2025-07-21,2025,WC_TABLA,Tabla,Fria,480,2,0.93,892.8
2025-07-21,2025,WC_EMPLATE,Emplatado,General,480,2,0.95,912.0
2025-07-22,2025,WC_SARTEN,Sartén,Caliente,480,2,0.9,864.0
2025-07-22,2025,WC_PLANCHA,Plancha,Caliente,480,1,0.9,432.0
2025-07-22,2025,WC_HORNO,Horno,Caliente,480,1,0.92,441.6
2025-07-22,2025,WC_TABLA,Tabla,Fria,480,2,0.93,892.8
2025-07-22,2025,WC_EMPLATE,Emplatado,General,480,2,0.95,912.0
2025-07-23,2025,WC_SARTEN,Sartén,Caliente,480,2,0.9,864.0
2025-07-23,2025,WC_PLANCHA,Plancha,Caliente,480,1,0.9,432.0
2025-07-23,2025,WC_HORNO,Horno,Caliente,480,1,0.92,441.6
2025-07-23,2025,WC_TABLA,Tabla,Fria,480,2,0.93,892.8
2025-07-23,2025,WC_EMPLATE,Emplatado,General,480,2,0.95,912.0
2025-07-24,2025,WC_SARTEN,Sartén,Caliente,480,2,0.9,864.0
2025-07-24,2025,WC_PLANCHA,Plancha,Caliente,480,1,0.9,432.0
2025-07-24,2025,WC_HORNO,Horno,Caliente,480,1,0.92,441.6
2025-07-24,2025,WC_TABLA,Tabla,Fria,480,2,0.93,892.8
2025-07-24,2025,WC_EMPLATE,Emplatado,General,480,2,0.95,912.0
2025-07-25,2025,WC_SARTEN,Sartén,Caliente,480,2,0.9,864.0
2025-07-25,2025,WC_PLANCHA,Plancha,Caliente,480,1,0.9,432.0
2025-07-25,2025,WC_HORNO,Horno,Caliente,480,1,0.92,441.6
2025-07-25,2025,WC_TABLA,Tabla,Fria,480,2,0.93,892.8
2025-07-25,2025,WC_EMPLATE,Emplatado,General,480,2,0.95,912.0
2025-07-26,2025,WC_SARTEN,Sartén,Caliente,480,2,0.9,864.0
2025-07-26,2025,WC_PLANCHA,Plancha,Caliente,480,1,0.9,432.0
2025-07-26,2025,WC_HORNO,Horno,Caliente,480,1,0.92,441.6
2025-07-26,2025,WC_TABLA,Tabla,Fria,480,2,0.93,892.8
2025-07-26,2025,WC_EMPLATE,Emplatado,General,480,2,0.95,912.0
2025-07-27,2025,WC_SARTEN,Sartén,Caliente,480,2,0.9,864.0
2025-07-27,2025,WC_PLANCHA,Plancha,Caliente,480,1,0.9,432.0
2025-07-27,2025,WC_HORNO,Horno,Caliente,480,1,0.92,441.6
2025-07-27,2025,WC_TABLA,Tabla,Fria,480,2,0.93,892.8
2025-07-27,2025,WC_EMPLATE,Emplatado,General,480,2,0.95,912.0
2025-07-28,2025,WC_SARTEN,Sartén,Caliente,480,2,0.876,840.8
2025-07-28,2025,WC_PLANCHA,Plancha,Caliente,480,1,0.915,439.4
2025-07-28,2025,WC_HORNO,Horno,Caliente,480,1,0.876,420.4
2025-07-28,2025,WC_TABLA,Tabla,Fria,480,2,0.893,857.5
2025-07-28,2025,WC_EMPLATE,Emplatado,General,480,2,0.978,939.4
2025-07-29,2025,WC_SARTEN,Sartén,Caliente,480,2,0.871,836.2
2025-07-29,2025,WC_PLANCHA,Plancha,Caliente,480,1,0.914,438.6
2025-07-29,2025,WC_HORNO,Horno,Caliente,480,1,0.896,430.0
2025-07-29,2025,WC_TABLA,Tabla,Fria,480,2,0.893,857.0
2025-07-29,2025,WC_EMPLATE,Emplatado,General,480,2,0.926,888.6
2025-07-30,2025,WC_SARTEN,Sartén,Caliente,480,2,0.9,864.0
2025-07-30,2025,WC_PLANCHA,Plancha,Caliente,480,1,0.9,432.0
2025-07-30,2025,WC_HORNO,Horno,Caliente,480,1,0.92,441.6
2025-07-30,2025,WC_TABLA,Tabla,Fria,480,2,0.93,892.8
2025-07-30,2025,WC_EMPLATE,Emplatado,General,480,2,0.95,912.0
2025-07-31,2025,WC_SARTEN,Sartén,Caliente,480,2,0.9,864.0
2025-07-31,2025,WC_PLANCHA,Plancha,Caliente,480,1,0.9,432.0
2025-07-31,2025,WC_HORNO,Horno,Caliente,480,1,0.92,441.6
2025-07-31,2025,WC_TABLA,Tabla,Fria,480,2,0.93,892.8
2025-07-31,2025,WC_EMPLATE,Emplatado,General,480,2,0.95,912.0
2025-08-01,2025,WC_SARTEN,Sartén,Caliente,480,2,0.9,864.0
2025-08-01,2025,WC_PLANCHA,Plancha,Caliente,480,1,0.9,432.0
2025-08-01,2025,WC_HORNO,Horno,Caliente,480,1,0.92,441.6
2025-08-01,2025,WC_TABLA,Tabla,Fria,480,2,0.93,892.8
2025-08-01,2025,WC_EMPLATE,Emplatado,General,480,2,0.95,912.0
2025-08-02,2025,WC_SARTEN,Sartén,Caliente,480,2,0.9,864.0
2025-08-02,2025,WC_PLANCHA,Plancha,Caliente,480,1,0.9,432.0
2025-08-02,2025,WC_HORNO,Horno,Caliente,480,1,0.92,441.6
2025-08-02,2025,WC_TABLA,Tabla,Fria,480,2,0.93,892.8
2025-08-02,2025,WC_EMPLATE,Emplatado,General,480,2,0.95,912.0
2025-08-03,2025,WC_SARTEN,Sartén,Caliente,480,2,0.9,864.0
2025-08-03,2025,WC_PLANCHA,Plancha,Caliente,480,1,0.9,432.0
2025-08-03,2025,WC_HORNO,Horno,Caliente,480,1,0.92,441.6
2025-08-03,2025,WC_TABLA,Tabla,Fria,480,2,0.93,892.8
2025-08-03,2025,WC_EMPLATE,Emplatado,General,480,2,0.95,912.0
2025-08-04,2025,WC_SARTEN,Sartén,Caliente,480,2,0.9,864.0
2025-08-04,2025,WC_PLANCHA,Plancha,Caliente,480,1,0.9,432.0
2025-08-04,2025,WC_HORNO,Horno,Caliente,480,1,0.92,441.6
2025-08-04,2025,WC_TABLA,Tabla,Fria,480,2,0.93,892.8
2025-08-04,2025,WC_EMPLATE,Emplatado,General,480,2,0.95,912.0
2025-08-05,2025,WC_SARTEN,Sartén,Caliente,480,2,0.9,864.0
2025-08-05,2025,WC_PLANCHA,Plancha,Caliente,480,1,0.9,432.0
2025-08-05,2025,WC_HORNO,Horno,Caliente,480,1,0.92,441.6
2025-08-05,2025,WC_TABLA,Tabla,Fria,480,2,0.93,892.8
2025-08-05,2025,WC_EMPLATE,Emplatado,General,480,2,0.95,912.0
2025-08-06,2025,WC_SARTEN,Sartén,Caliente,480,2,0.9,864.0
2025-08-06,2025,WC_PLANCHA,Plancha,Caliente,480,1,0.9,432.0
2025-08-06,2025,WC_HORNO,Horno,Caliente,480,1,0.92,441.6
2025-08-06,2025,WC_TABLA,Tabla,Fria,480,2,0.93,892.8
2025-08-06,2025,WC_EMPLATE,Emplatado,General,480,2,0.95,912.0
2025-08-07,2025,WC_SARTEN,Sartén,Caliente,480,2,0.9,864.0
2025-08-07,2025,WC_PLANCHA,Plancha,Caliente,480,1,0.9,432.0
2025-08-07,2025,WC_HORNO,Horno,Caliente,480,1,0.92,441.6
2025-08-07,2025,WC_TABLA,Tabla,Fria,480,2,0.93,892.8
2025-08-07,2025,WC_EMPLATE,Emplatado,General,480,2,0.95,912.0
2025-08-08,2025,WC_SARTEN,Sartén,Caliente,480,2,0.9,864.0
2025-08-08,2025,WC_PLANCHA,Plancha,Caliente,480,1,0.9,432.0
2025-08-08,2025,WC_HORNO,Horno,Caliente,480,1,0.92,441.6
2025-08-08,2025,WC_TABLA,Tabla,Fria,480,2,0.93,892.8
2025-08-08,2025,WC_EMPLATE,Emplatado,General,480,2,0.95,912.0
2025-08-09,2025,WC_SARTEN,Sartén,Caliente,480,2,0.9,864.0
2025-08-09,2025,WC_PLANCHA,Plancha,Caliente,480,1,0.9,432.0
2025-08-09,2025,WC_HORNO,Horno,Caliente,480,1,0.92,441.6
2025-08-09,2025,WC_TABLA,Tabla,Fria,480,2,0.93,892.8
2025-08-09,2025,WC_EMPLATE,Emplatado,General,480,2,0.95,912.0
2025-08-10,2025,WC_SARTEN,Sartén,Caliente,480,2,0.9,864.0
2025-08-10,2025,WC_PLANCHA,Plancha,Caliente,480,1,0.9,432.0
2025-08-10,2025,WC_HORNO,Horno,Caliente,480,1,0.92,441.6
2025-08-10,2025,WC_TABLA,Tabla,Fria,480,2,0.93,892.8
2025-08-10,2025,WC_EMPLATE,Emplatado,General,480,2,0.95,912.0
2025-08-11,2025,WC_SARTEN,Sartén,Caliente,480,2,0.9,864.0
2025-08-11,2025,WC_PLANCHA,Plancha,Caliente,480,1,0.9,432.0
2025-08-11,2025,WC_HORNO,Horno,Caliente,480,1,0.92,441.6
2025-08-11,2025,WC_TABLA,Tabla,Fria,480,2,0.93,892.8
2025-08-11,2025,WC_EMPLATE,Emplatado,General,480,2,0.95,912.0
2025-08-12,2025,WC_SARTEN,Sartén,Caliente,480,2,0.9,864.0
2025-08-12,2025,WC_PLANCHA,Plancha,Caliente,480,1,0.9,432.0
2025-08-12,2025,WC_HORNO,Horno,Caliente,480,1,0.92,441.6
2025-08-12,2025,WC_TABLA,Tabla,Fria,480,2,0.93,892.8
2025-08-12,2025,WC_EMPLATE,Emplatado,General,480,2,0.95,912.0
2025-08-13,2025,WC_SARTEN,Sartén,Caliente,480,2,0.9,864.0
2025-08-13,2025,WC_PLANCHA,Plancha,Caliente,480,1,0.9,432.0
2025-08-13,2025,WC_HORNO,Horno,Caliente,480,1,0.92,441.6
2025-08-13,2025,WC_TABLA,Tabla,Fria,480,2,0.93,892.8
2025-08-13,2025,WC_EMPLATE,Emplatado,General,480,2,0.95,912.0
2025-08-14,2025,WC_SARTEN,Sartén,Caliente,480,2,0.9,864.0
2025-08-14,2025,WC_PLANCHA,Plancha,Caliente,480,1,0.9,432.0
2025-08-14,2025,WC_HORNO,Horno,Caliente,480,1,0.92,441.6
2025-08-14,2025,WC_TABLA,Tabla,Fria,480,2,0.93,892.8
2025-08-14,2025,WC_EMPLATE,Emplatado,General,480,2,0.95,912.0
2025-08-15,2025,WC_SARTEN,Sartén,Caliente,480,2,0.9,864.0
2025-08-15,2025,WC_PLANCHA,Plancha,Caliente,480,1,0.9,432.0
2025-08-15,2025,WC_HORNO,Horno,Caliente,480,1,0.92,441.6
2025-08-15,2025,WC_TABLA,Tabla,Fria,480,2,0.93,892.8
2025-08-15,2025,WC_EMPLATE,Emplatado,General,480,2,0.95,912.0
2025-08-16,2025,WC_SARTEN,Sartén,Caliente,480,2,0.9,864.0
2025-08-16,2025,WC_PLANCHA,Plancha,Caliente,480,1,0.9,432.0
2025-08-16,2025,WC_HORNO,Horno,Caliente,480,1,0.92,441.6
2025-08-16,2025,WC_TABLA,Tabla,Fria,480,2,0.93,892.8
2025-08-16,2025,WC_EMPLATE,Emplatado,General,480,2,0.95,912.0
2025-08-17,2025,WC_SARTEN,Sartén,Caliente,480,2,0.9,864.0
2025-08-17,2025,WC_PLANCHA,Plancha,Caliente,480,1,0.9,432.0
2025-08-17,2025,WC_HORNO,Horno,Caliente,480,1,0.92,441.6
2025-08-17,2025,WC_TABLA,Tabla,Fria,480,2,0.93,892.8
2025-08-17,2025,WC_EMPLATE,Emplatado,General,480,2,0.95,912.0
2025-08-18,2025,WC_SARTEN,Sartén,Caliente,480,2,0.9,864.0
2025-08-18,2025,WC_PLANCHA,Plancha,Caliente,480,1,0.9,432.0
2025-08-18,2025,WC_HORNO,Horno,Caliente,480,1,0.92,441.6
2025-08-18,2025,WC_TABLA,Tabla,Fria,480,2,0.93,892.8
2025-08-18,2025,WC_EMPLATE,Emplatado,General,480,2,0.95,912.0
2025-08-19,2025,WC_SARTEN,Sartén,Caliente,480,2,0.9,864.0
2025-08-19,2025,WC_PLANCHA,Plancha,Caliente,480,1,0.9,432.0
2025-08-19,2025,WC_HORNO,Horno,Caliente,480,1,0.92,441.6
2025-08-19,2025,WC_TABLA,Tabla,Fria,480,2,0.93,892.8
2025-08-19,2025,WC_EMPLATE,Emplatado,General,480,2,0.95,912.0
2025-08-20,2025,WC_SARTEN,Sartén,Caliente,480,2,0.9,864.0
2025-08-20,2025,WC_PLANCHA,Plancha,Caliente,480,1,0.9,432.0
2025-08-20,2025,WC_HORNO,Horno,Caliente,480,1,0.92,441.6
2025-08-20,2025,WC_TABLA,Tabla,Fria,480,2,0.93,892.8
2025-08-20,2025,WC_EMPLATE,Emplatado,General,480,2,0.95,912.0
2025-08-21,2025,WC_SARTEN,Sartén,Caliente,480,2,0.9,864.0
2025-08-21,2025,WC_PLANCHA,Plancha,Caliente,480,1,0.9,432.0
2025-08-21,2025,WC_HORNO,Horno,Caliente,480,1,0.92,441.6
2025-08-21,2025,WC_TABLA,Tabla,Fria,480,2,0.93,892.8
2025-08-21,2025,WC_EMPLATE,Emplatado,General,480,2,0.95,912.0
2025-08-22,2025,WC_SARTEN,Sartén,Caliente,480,2,0.9,864.0
2025-08-22,2025,WC_PLANCHA,Plancha,Caliente,480,1,0.9,432.0
2025-08-22,2025,WC_HORNO,Horno,Caliente,480,1,0.92,441.6
2025-08-22,2025,WC_TABLA,Tabla,Fria,480,2,0.93,892.8
2025-08-22,2025,WC_EMPLATE,Emplatado,General,480,2,0.95,912.0
2025-08-23,2025,WC_SARTEN,Sartén,Caliente,480,2,0.9,864.0
2025-08-23,2025,WC_PLANCHA,Plancha,Caliente,480,1,0.9,432.0
2025-08-23,2025,WC_HORNO,Horno,Caliente,480,1,0.92,441.6
2025-08-23,2025,WC_TABLA,Tabla,Fria,480,2,0.93,892.8
2025-08-23,2025,WC_EMPLATE,Emplatado,General,480,2,0.95,912.0
2025-08-24,2025,WC_SARTEN,Sartén,Caliente,480,2,0.9,864.0
2025-08-24,2025,WC_PLANCHA,Plancha,Caliente,480,1,0.9,432.0
2025-08-24,2025,WC_HORNO,Horno,Caliente,480,1,0.92,441.6
2025-08-24,2025,WC_TABLA,Tabla,Fria,480,2,0.93,892.8
2025-08-24,2025,WC_EMPLATE,Emplatado,General,480,2,0.95,912.0
2025-08-25,2025,WC_SARTEN,Sartén,Caliente,480,2,0.9,864.0
2025-08-25,2025,WC_PLANCHA,Plancha,Caliente,480,1,0.9,432.0
2025-08-25,2025,WC_HORNO,Horno,Caliente,480,1,0.92,441.6
2025-08-25,2025,WC_TABLA,Tabla,Fria,480,2,0.93,892.8
2025-08-25,2025,WC_EMPLATE,Emplatado,General,480,2,0.95,912.0
2025-08-26,2025,WC_SARTEN,Sartén,Caliente,480,2,0.9,864.0
2025-08-26,2025,WC_PLANCHA,Plancha,Caliente,480,1,0.9,432.0
2025-08-26,2025,WC_HORNO,Horno,Caliente,480,1,0.92,441.6
2025-08-26,2025,WC_TABLA,Tabla,Fria,480,2,0.93,892.8
2025-08-26,2025,WC_EMPLATE,Emplatado,General,480,2,0.95,912.0
2025-08-27,2025,WC_SARTEN,Sartén,Caliente,480,2,0.9,864.0
2025-08-27,2025,WC_PLANCHA,Plancha,Caliente,480,1,0.9,432.0
2025-08-27,2025,WC_HORNO,Horno,Caliente,480,1,0.92,441.6
2025-08-27,2025,WC_TABLA,Tabla,Fria,480,2,0.93,892.8
2025-08-27,2025,WC_EMPLATE,Emplatado,General,480,2,0.95,912.0
2025-08-28,2025,WC_SARTEN,Sartén,Caliente,480,2,0.9,864.0
2025-08-28,2025,WC_PLANCHA,Plancha,Caliente,480,1,0.9,432.0
2025-08-28,2025,WC_HORNO,Horno,Caliente,480,1,0.92,441.6
2025-08-28,2025,WC_TABLA,Tabla,Fria,480,2,0.93,892.8
2025-08-28,2025,WC_EMPLATE,Emplatado,General,480,2,0.95,912.0
2025-08-29,2025,WC_SARTEN,Sartén,Caliente,480,2,0.9,864.0
2025-08-29,2025,WC_PLANCHA,Plancha,Caliente,480,1,0.9,432.0
2025-08-29,2025,WC_HORNO,Horno,Caliente,480,1,0.92,441.6
2025-08-29,2025,WC_TABLA,Tabla,Fria,480,2,0.93,892.8
2025-08-29,2025,WC_EMPLATE,Emplatado,General,480,2,0.95,912.0
2025-08-30,2025,WC_SARTEN,Sartén,Caliente,480,2,0.92,883.2
2025-08-30,2025,WC_PLANCHA,Plancha,Caliente,480,1,0.932,447.4
2025-08-30,2025,WC_HORNO,Horno,Caliente,480,1,0.95,456.2
2025-08-30,2025,WC_TABLA,Tabla,Fria,480,2,0.92,883.6
2025-08-30,2025,WC_EMPLATE,Emplatado,General,480,2,0.966,927.3
2025-08-31,2025,WC_SARTEN,Sartén,Caliente,480,2,0.9,864.0
2025-08-31,2025,WC_PLANCHA,Plancha,Caliente,480,1,0.9,432.0
2025-08-31,2025,WC_HORNO,Horno,Caliente,480,1,0.92,441.6
2025-08-31,2025,WC_TABLA,Tabla,Fria,480,2,0.93,892.8
2025-08-31,2025,WC_EMPLATE,Emplatado,General,480,2,0.95,912.0
2025-09-01,2025,WC_SARTEN,Sartén,Caliente,480,2,0.9,864.0
2025-09-01,2025,WC_PLANCHA,Plancha,Caliente,480,1,0.9,432.0
2025-09-01,2025,WC_HORNO,Horno,Caliente,480,1,0.92,441.6
2025-09-01,2025,WC_TABLA,Tabla,Fria,480,2,0.93,892.8
2025-09-01,2025,WC_EMPLATE,Emplatado,General,480,2,0.95,912.0
2025-09-02,2025,WC_SARTEN,Sartén,Caliente,480,2,0.9,864.0
2025-09-02,2025,WC_PLANCHA,Plancha,Caliente,480,1,0.9,432.0
2025-09-02,2025,WC_HORNO,Horno,Caliente,480,1,0.92,441.6
2025-09-02,2025,WC_TABLA,Tabla,Fria,480,2,0.93,892.8
2025-09-02,2025,WC_EMPLATE,Emplatado,General,480,2,0.95,912.0
2025-09-03,2025,WC_SARTEN,Sartén,Caliente,480,2,0.9,864.0
2025-09-03,2025,WC_PLANCHA,Plancha,Caliente,480,1,0.9,432.0
2025-09-03,2025,WC_HORNO,Horno,Caliente,480,1,0.92,441.6
2025-09-03,2025,WC_TABLA,Tabla,Fria,480,2,0.93,892.8
2025-09-03,2025,WC_EMPLATE,Emplatado,General,480,2,0.95,912.0
2025-09-04,2025,WC_SARTEN,Sartén,Caliente,480,2,0.9,864.0
2025-09-04,2025,WC_PLANCHA,Plancha,Caliente,480,1,0.9,432.0
2025-09-04,2025,WC_HORNO,Horno,Caliente,480,1,0.92,441.6
2025-09-04,2025,WC_TABLA,Tabla,Fria,480,2,0.93,892.8
2025-09-04,2025,WC_EMPLATE,Emplatado,General,480,2,0.95,912.0
2025-09-05,2025,WC_SARTEN,Sartén,Caliente,480,2,0.9,864.0
2025-09-05,2025,WC_PLANCHA,Plancha,Caliente,480,1,0.9,432.0
2025-09-05,2025,WC_HORNO,Horno,Caliente,480,1,0.92,441.6
2025-09-05,2025,WC_TABLA,Tabla,Fria,480,2,0.93,892.8
2025-09-05,2025,WC_EMPLATE,Emplatado,General,480,2,0.95,912.0
2025-09-06,2025,WC_SARTEN,Sartén,Caliente,480,2,0.9,864.0
2025-09-06,2025,WC_PLANCHA,Plancha,Caliente,480,1,0.9,432.0
2025-09-06,2025,WC_HORNO,Horno,Caliente,480,1,0.92,441.6
2025-09-06,2025,WC_TABLA,Tabla,Fria,480,2,0.93,892.8
2025-09-06,2025,WC_EMPLATE,Emplatado,General,480,2,0.95,912.0
2025-09-07,2025,WC_SARTEN,Sartén,Caliente,480,2,0.9,864.0
2025-09-07,2025,WC_PLANCHA,Plancha,Caliente,480,1,0.9,432.0
2025-09-07,2025,WC_HORNO,Horno,Caliente,480,1,0.92,441.6
2025-09-07,2025,WC_TABLA,Tabla,Fria,480,2,0.93,892.8
2025-09-07,2025,WC_EMPLATE,Emplatado,General,480,2,0.95,912.0
2025-09-08,2025,WC_SARTEN,Sartén,Caliente,480,2,0.9,864.0
2025-09-08,2025,WC_PLANCHA,Plancha,Caliente,480,1,0.9,432.0
2025-09-08,2025,WC_HORNO,Horno,Caliente,480,1,0.92,441.6
2025-09-08,2025,WC_TABLA,Tabla,Fria,480,2,0.93,892.8
2025-09-08,2025,WC_EMPLATE,Emplatado,General,480,2,0.95,912.0
2025-09-09,2025,WC_SARTEN,Sartén,Caliente,480,2,0.9,864.0
2025-09-09,2025,WC_PLANCHA,Plancha,Caliente,480,1,0.9,432.0
2025-09-09,2025,WC_HORNO,Horno,Caliente,480,1,0.92,441.6
2025-09-09,2025,WC_TABLA,Tabla,Fria,480,2,0.93,892.8
2025-09-09,2025,WC_EMPLATE,Emplatado,General,480,2,0.95,912.0
2025-09-10,2025,WC_SARTEN,Sartén,Caliente,480,2,0.9,864.0
2025-09-10,2025,WC_PLANCHA,Plancha,Caliente,480,1,0.9,432.0
2025-09-10,2025,WC_HORNO,Horno,Caliente,480,1,0.92,441.6
2025-09-10,2025,WC_TABLA,Tabla,Fria,480,2,0.93,892.8
2025-09-10,2025,WC_EMPLATE,Emplatado,General,480,2,0.95,912.0
2025-09-11,2025,WC_SARTEN,Sartén,Caliente,480,2,0.9,864.0
2025-09-11,2025,WC_PLANCHA,Plancha,Caliente,480,1,0.9,432.0
2025-09-11,2025,WC_HORNO,Horno,Caliente,480,1,0.92,441.6
2025-09-11,2025,WC_TABLA,Tabla,Fria,480,2,0.93,892.8
2025-09-11,2025,WC_EMPLATE,Emplatado,General,480,2,0.95,912.0
2025-09-12,2025,WC_SARTEN,Sartén,Caliente,480,2,0.9,864.0
2025-09-12,2025,WC_PLANCHA,Plancha,Caliente,480,1,0.9,432.0
2025-09-12,2025,WC_HORNO,Horno,Caliente,480,1,0.92,441.6
2025-09-12,2025,WC_TABLA,Tabla,Fria,480,2,0.93,892.8
2025-09-12,2025,WC_EMPLATE,Emplatado,General,480,2,0.95,912.0
2025-09-13,2025,WC_SARTEN,Sartén,Caliente,480,2,0.9,864.0
2025-09-13,2025,WC_PLANCHA,Plancha,Caliente,480,1,0.9,432.0
2025-09-13,2025,WC_HORNO,Horno,Caliente,480,1,0.92,441.6
2025-09-13,2025,WC_TABLA,Tabla,Fria,480,2,0.93,892.8
2025-09-13,2025,WC_EMPLATE,Emplatado,General,480,2,0.95,912.0
2025-09-14,2025,WC_SARTEN,Sartén,Caliente,480,2,0.9,864.0
2025-09-14,2025,WC_PLANCHA,Plancha,Caliente,480,1,0.9,432.0
2025-09-14,2025,WC_HORNO,Horno,Caliente,480,1,0.92,441.6
2025-09-14,2025,WC_TABLA,Tabla,Fria,480,2,0.93,892.8
2025-09-14,2025,WC_EMPLATE,Emplatado,General,480,2,0.95,912.0
2025-09-15,2025,WC_SARTEN,Sartén,Caliente,480,2,0.9,864.0
2025-09-15,2025,WC_PLANCHA,Plancha,Caliente,480,1,0.9,432.0
2025-09-15,2025,WC_HORNO,Horno,Caliente,480,1,0.92,441.6
2025-09-15,2025,WC_TABLA,Tabla,Fria,480,2,0.93,892.8
2025-09-15,2025,WC_EMPLATE,Emplatado,General,480,2,0.95,912.0
2025-09-16,2025,WC_SARTEN,Sartén,Caliente,480,2,0.9,864.0
2025-09-16,2025,WC_PLANCHA,Plancha,Caliente,480,1,0.9,432.0
2025-09-16,2025,WC_HORNO,Horno,Caliente,480,1,0.92,441.6
2025-09-16,2025,WC_TABLA,Tabla,Fria,480,2,0.93,892.8
2025-09-16,2025,WC_EMPLATE,Emplatado,General,480,2,0.95,912.0
2025-09-17,2025,WC_SARTEN,Sartén,Caliente,480,2,0.9,864.0
2025-09-17,2025,WC_PLANCHA,Plancha,Caliente,480,1,0.9,432.0
2025-09-17,2025,WC_HORNO,Horno,Caliente,480,1,0.92,441.6
2025-09-17,2025,WC_TABLA,Tabla,Fria,480,2,0.93,892.8
2025-09-17,2025,WC_EMPLATE,Emplatado,General,480,2,0.95,912.0
2025-09-18,2025,WC_SARTEN,Sartén,Caliente,480,2,0.9,864.0
2025-09-18,2025,WC_PLANCHA,Plancha,Caliente,480,1,0.9,432.0
2025-09-18,2025,WC_HORNO,Horno,Caliente,480,1,0.92,441.6
2025-09-18,2025,WC_TABLA,Tabla,Fria,480,2,0.93,892.8
2025-09-18,2025,WC_EMPLATE,Emplatado,General,480,2,0.95,912.0
2025-09-19,2025,WC_SARTEN,Sartén,Caliente,480,2,0.9,864.0
2025-09-19,2025,WC_PLANCHA,Plancha,Caliente,480,1,0.9,432.0
2025-09-19,2025,WC_HORNO,Horno,Caliente,480,1,0.92,441.6
2025-09-19,2025,WC_TABLA,Tabla,Fria,480,2,0.93,892.8
2025-09-19,2025,WC_EMPLATE,Emplatado,General,480,2,0.95,912.0
2025-09-20,2025,WC_SARTEN,Sartén,Caliente,480,2,0.9,864.0
2025-09-20,2025,WC_PLANCHA,Plancha,Caliente,480,1,0.9,432.0
2025-09-20,2025,WC_HORNO,Horno,Caliente,480,1,0.92,441.6
2025-09-20,2025,WC_TABLA,Tabla,Fria,480,2,0.93,892.8
2025-09-20,2025,WC_EMPLATE,Emplatado,General,480,2,0.95,912.0
2025-09-21,2025,WC_SARTEN,Sartén,Caliente,480,2,0.9,864.0
2025-09-21,2025,WC_PLANCHA,Plancha,Caliente,480,1,0.9,432.0
2025-09-21,2025,WC_HORNO,Horno,Caliente,480,1,0.92,441.6
2025-09-21,2025,WC_TABLA,Tabla,Fria,480,2,0.93,892.8
2025-09-21,2025,WC_EMPLATE,Emplatado,General,480,2,0.95,912.0
2025-09-22,2025,WC_SARTEN,Sartén,Caliente,480,2,0.9,864.0
2025-09-22,2025,WC_PLANCHA,Plancha,Caliente,480,1,0.9,432.0
2025-09-22,2025,WC_HORNO,Horno,Caliente,480,1,0.92,441.6
2025-09-22,2025,WC_TABLA,Tabla,Fria,480,2,0.93,892.8
2025-09-22,2025,WC_EMPLATE,Emplatado,General,480,2,0.95,912.0
2025-09-23,2025,WC_SARTEN,Sartén,Caliente,480,2,0.9,864.0
2025-09-23,2025,WC_PLANCHA,Plancha,Caliente,480,1,0.9,432.0
2025-09-23,2025,WC_HORNO,Horno,Caliente,480,1,0.92,441.6
2025-09-23,2025,WC_TABLA,Tabla,Fria,480,2,0.93,892.8
2025-09-23,2025,WC_EMPLATE,Emplatado,General,480,2,0.95,912.0
2025-09-24,2025,WC_SARTEN,Sartén,Caliente,480,2,0.9,864.0
2025-09-24,2025,WC_PLANCHA,Plancha,Caliente,480,1,0.9,432.0
2025-09-24,2025,WC_HORNO,Horno,Caliente,480,1,0.92,441.6
2025-09-24,2025,WC_TABLA,Tabla,Fria,480,2,0.93,892.8
2025-09-24,2025,WC_EMPLATE,Emplatado,General,480,2,0.95,912.0
2025-09-25,2025,WC_SARTEN,Sartén,Caliente,480,2,0.9,864.0
2025-09-25,2025,WC_PLANCHA,Plancha,Caliente,480,1,0.9,432.0
2025-09-25,2025,WC_HORNO,Horno,Caliente,480,1,0.92,441.6
2025-09-25,2025,WC_TABLA,Tabla,Fria,480,2,0.93,892.8
2025-09-25,2025,WC_EMPLATE,Emplatado,General,480,2,0.95,912.0
2025-09-26,2025,WC_SARTEN,Sartén,Caliente,480,2,0.9,864.0
2025-09-26,2025,WC_PLANCHA,Plancha,Caliente,480,1,0.9,432.0
2025-09-26,2025,WC_HORNO,Horno,Caliente,480,1,0.92,441.6
2025-09-26,2025,WC_TABLA,Tabla,Fria,480,2,0.93,892.8
2025-09-26,2025,WC_EMPLATE,Emplatado,General,480,2,0.95,912.0
2025-09-27,2025,WC_SARTEN,Sartén,Caliente,480,2,0.9,864.0
2025-09-27,2025,WC_PLANCHA,Plancha,Caliente,480,1,0.9,432.0
2025-09-27,2025,WC_HORNO,Horno,Caliente,480,1,0.92,441.6
2025-09-27,2025,WC_TABLA,Tabla,Fria,480,2,0.93,892.8
2025-09-27,2025,WC_EMPLATE,Emplatado,General,480,2,0.95,912.0
2025-09-28,2025,WC_SARTEN,Sartén,Caliente,480,2,0.9,864.0
2025-09-28,2025,WC_PLANCHA,Plancha,Caliente,480,1,0.9,432.0
2025-09-28,2025,WC_HORNO,Horno,Caliente,480,1,0.92,441.6
2025-09-28,2025,WC_TABLA,Tabla,Fria,480,2,0.93,892.8
2025-09-28,2025,WC_EMPLATE,Emplatado,General,480,2,0.95,912.0
2025-09-29,2025,WC_SARTEN,Sartén,Caliente,480,2,0.9,864.0
2025-09-29,2025,WC_PLANCHA,Plancha,Caliente,480,1,0.9,432.0
2025-09-29,2025,WC_HORNO,Horno,Caliente,480,1,0.92,441.6
2025-09-29,2025,WC_TABLA,Tabla,Fria,480,2,0.93,892.8
2025-09-29,2025,WC_EMPLATE,Emplatado,General,480,2,0.95,912.0
2025-09-30,2025,WC_SARTEN,Sartén,Caliente,480,2,0.9,864.0
2025-09-30,2025,WC_PLANCHA,Plancha,Caliente,480,1,0.9,432.0
2025-09-30,2025,WC_HORNO,Horno,Caliente,480,1,0.92,441.6
2025-09-30,2025,WC_TABLA,Tabla,Fria,480,2,0.93,892.8
2025-09-30,2025,WC_EMPLATE,Emplatado,General,480,2,0.95,912.0
2025-10-01,2025,WC_SARTEN,Sartén,Caliente,480,2,0.9,864.0
2025-10-01,2025,WC_PLANCHA,Plancha,Caliente,480,1,0.9,432.0
2025-10-01,2025,WC_HORNO,Horno,Caliente,480,1,0.92,441.6
2025-10-01,2025,WC_TABLA,Tabla,Fria,480,2,0.93,892.8
2025-10-01,2025,WC_EMPLATE,Emplatado,General,480,2,0.95,912.0
2025-10-02,2025,WC_SARTEN,Sartén,Caliente,480,2,0.9,864.0
2025-10-02,2025,WC_PLANCHA,Plancha,Caliente,480,1,0.9,432.0
2025-10-02,2025,WC_HORNO,Horno,Caliente,480,1,0.92,441.6
2025-10-02,2025,WC_TABLA,Tabla,Fria,480,2,0.93,892.8
2025-10-02,2025,WC_EMPLATE,Emplatado,General,480,2,0.95,912.0
2025-10-03,2025,WC_SARTEN,Sartén,Caliente,480,2,0.9,864.0
2025-10-03,2025,WC_PLANCHA,Plancha,Caliente,480,1,0.9,432.0
2025-10-03,2025,WC_HORNO,Horno,Caliente,480,1,0.92,441.6
2025-10-03,2025,WC_TABLA,Tabla,Fria,480,2,0.93,892.8
2025-10-03,2025,WC_EMPLATE,Emplatado,General,480,2,0.95,912.0
2025-10-04,2025,WC_SARTEN,Sartén,Caliente,480,2,0.9,864.0
2025-10-04,2025,WC_PLANCHA,Plancha,Caliente,480,1,0.9,432.0
2025-10-04,2025,WC_HORNO,Horno,Caliente,480,1,0.92,441.6
2025-10-04,2025,WC_TABLA,Tabla,Fria,480,2,0.93,892.8
2025-10-04,2025,WC_EMPLATE,Emplatado,General,480,2,0.95,912.0
2025-10-05,2025,WC_SARTEN,Sartén,Caliente,480,2,0.9,864.0
2025-10-05,2025,WC_PLANCHA,Plancha,Caliente,480,1,0.9,432.0
2025-10-05,2025,WC_HORNO,Horno,Caliente,480,1,0.92,441.6
2025-10-05,2025,WC_TABLA,Tabla,Fria,480,2,0.93,892.8
2025-10-05,2025,WC_EMPLATE,Emplatado,General,480,2,0.95,912.0
2025-10-06,2025,WC_SARTEN,Sartén,Caliente,480,2,0.9,864.0
2025-10-06,2025,WC_PLANCHA,Plancha,Caliente,480,1,0.9,432.0
2025-10-06,2025,WC_HORNO,Horno,Caliente,480,1,0.92,441.6
2025-10-06,2025,WC_TABLA,Tabla,Fria,480,2,0.93,892.8
2025-10-06,2025,WC_EMPLATE,Emplatado,General,480,2,0.95,912.0
2025-10-07,2025,WC_SARTEN,Sartén,Caliente,480,2,0.9,864.0
2025-10-07,2025,WC_PLANCHA,Plancha,Caliente,480,1,0.9,432.0
2025-10-07,2025,WC_HORNO,Horno,Caliente,480,1,0.92,441.6
2025-10-07,2025,WC_TABLA,Tabla,Fria,480,2,0.93,892.8
2025-10-07,2025,WC_EMPLATE,Emplatado,General,480,2,0.95,912.0
2025-10-08,2025,WC_SARTEN,Sartén,Caliente,480,2,0.873,838.5
2025-10-08,2025,WC_PLANCHA,Plancha,Caliente,480,1,0.881,423.1
2025-10-08,2025,WC_HORNO,Horno,Caliente,480,1,0.956,459.1
2025-10-08,2025,WC_TABLA,Tabla,Fria,480,2,0.885,849.3
2025-10-08,2025,WC_EMPLATE,Emplatado,General,480,2,0.911,874.2
2025-10-09,2025,WC_SARTEN,Sartén,Caliente,480,2,0.9,864.0
2025-10-09,2025,WC_PLANCHA,Plancha,Caliente,480,1,0.9,432.0
2025-10-09,2025,WC_HORNO,Horno,Caliente,480,1,0.92,441.6
2025-10-09,2025,WC_TABLA,Tabla,Fria,480,2,0.93,892.8
2025-10-09,2025,WC_EMPLATE,Emplatado,General,480,2,0.95,912.0
2025-10-10,2025,WC_SARTEN,Sartén,Caliente,480,2,0.9,864.0
2025-10-10,2025,WC_PLANCHA,Plancha,Caliente,480,1,0.9,432.0
2025-10-10,2025,WC_HORNO,Horno,Caliente,480,1,0.92,441.6
2025-10-10,2025,WC_TABLA,Tabla,Fria,480,2,0.93,892.8
2025-10-10,2025,WC_EMPLATE,Emplatado,General,480,2,0.95,912.0
2025-10-11,2025,WC_SARTEN,Sartén,Caliente,480,2,0.9,864.0
2025-10-11,2025,WC_PLANCHA,Plancha,Caliente,480,1,0.9,432.0
2025-10-11,2025,WC_HORNO,Horno,Caliente,480,1,0.92,441.6
2025-10-11,2025,WC_TABLA,Tabla,Fria,480,2,0.93,892.8
2025-10-11,2025,WC_EMPLATE,Emplatado,General,480,2,0.95,912.0
2025-10-12,2025,WC_SARTEN,Sartén,Caliente,480,2,0.9,864.0
2025-10-12,2025,WC_PLANCHA,Plancha,Caliente,480,1,0.9,432.0
2025-10-12,2025,WC_HORNO,Horno,Caliente,480,1,0.92,441.6
2025-10-12,2025,WC_TABLA,Tabla,Fria,480,2,0.93,892.8
2025-10-12,2025,WC_EMPLATE,Emplatado,General,480,2,0.95,912.0
2025-10-13,2025,WC_SARTEN,Sartén,Caliente,480,2,0.9,864.0
2025-10-13,2025,WC_PLANCHA,Plancha,Caliente,480,1,0.9,432.0
2025-10-13,2025,WC_HORNO,Horno,Caliente,480,1,0.92,441.6
2025-10-13,2025,WC_TABLA,Tabla,Fria,480,2,0.93,892.8
2025-10-13,2025,WC_EMPLATE,Emplatado,General,480,2,0.95,912.0
2025-10-14,2025,WC_SARTEN,Sartén,Caliente,480,2,0.9,864.0
2025-10-14,2025,WC_PLANCHA,Plancha,Caliente,480,1,0.9,432.0
2025-10-14,2025,WC_HORNO,Horno,Caliente,480,1,0.92,441.6
2025-10-14,2025,WC_TABLA,Tabla,Fria,480,2,0.93,892.8
2025-10-14,2025,WC_EMPLATE,Emplatado,General,480,2,0.95,912.0
2025-10-15,2025,WC_SARTEN,Sartén,Caliente,480,2,0.9,864.0
2025-10-15,2025,WC_PLANCHA,Plancha,Caliente,480,1,0.9,432.0
2025-10-15,2025,WC_HORNO,Horno,Caliente,480,1,0.92,441.6
2025-10-15,2025,WC_TABLA,Tabla,Fria,480,2,0.93,892.8
2025-10-15,2025,WC_EMPLATE,Emplatado,General,480,2,0.95,912.0
2025-10-16,2025,WC_SARTEN,Sartén,Caliente,480,2,0.9,864.0
2025-10-16,2025,WC_PLANCHA,Plancha,Caliente,480,1,0.9,432.0
2025-10-16,2025,WC_HORNO,Horno,Caliente,480,1,0.92,441.6
2025-10-16,2025,WC_TABLA,Tabla,Fria,480,2,0.93,892.8
2025-10-16,2025,WC_EMPLATE,Emplatado,General,480,2,0.95,912.0
2025-10-17,2025,WC_SARTEN,Sartén,Caliente,480,2,0.9,864.0
2025-10-17,2025,WC_PLANCHA,Plancha,Caliente,480,1,0.9,432.0
2025-10-17,2025,WC_HORNO,Horno,Caliente,480,1,0.92,441.6
2025-10-17,2025,WC_TABLA,Tabla,Fria,480,2,0.93,892.8
2025-10-17,2025,WC_EMPLATE,Emplatado,General,480,2,0.95,912.0
2025-10-18,2025,WC_SARTEN,Sartén,Caliente,480,2,0.9,864.0
2025-10-18,2025,WC_PLANCHA,Plancha,Caliente,480,1,0.9,432.0
2025-10-18,2025,WC_HORNO,Horno,Caliente,480,1,0.92,441.6
2025-10-18,2025,WC_TABLA,Tabla,Fria,480,2,0.93,892.8
2025-10-18,2025,WC_EMPLATE,Emplatado,General,480,2,0.95,912.0
2025-10-19,2025,WC_SARTEN,Sartén,Caliente,480,2,0.9,864.0
2025-10-19,2025,WC_PLANCHA,Plancha,Caliente,480,1,0.9,432.0
2025-10-19,2025,WC_HORNO,Horno,Caliente,480,1,0.92,441.6
2025-10-19,2025,WC_TABLA,Tabla,Fria,480,2,0.93,892.8
2025-10-19,2025,WC_EMPLATE,Emplatado,General,480,2,0.95,912.0
2025-10-20,2025,WC_SARTEN,Sartén,Caliente,480,2,0.9,864.0
2025-10-20,2025,WC_PLANCHA,Plancha,Caliente,480,1,0.9,432.0
2025-10-20,2025,WC_HORNO,Horno,Caliente,480,1,0.92,441.6
2025-10-20,2025,WC_TABLA,Tabla,Fria,480,2,0.93,892.8
2025-10-20,2025,WC_EMPLATE,Emplatado,General,480,2,0.95,912.0
2025-10-21,2025,WC_SARTEN,Sartén,Caliente,480,2,0.9,864.0
2025-10-21,2025,WC_PLANCHA,Plancha,Caliente,480,1,0.9,432.0
2025-10-21,2025,WC_HORNO,Horno,Caliente,480,1,0.92,441.6
2025-10-21,2025,WC_TABLA,Tabla,Fria,480,2,0.93,892.8
2025-10-21,2025,WC_EMPLATE,Emplatado,General,480,2,0.95,912.0
2025-10-22,2025,WC_SARTEN,Sartén,Caliente,480,2,0.9,864.0
2025-10-22,2025,WC_PLANCHA,Plancha,Caliente,480,1,0.9,432.0
2025-10-22,2025,WC_HORNO,Horno,Caliente,480,1,0.92,441.6
2025-10-22,2025,WC_TABLA,Tabla,Fria,480,2,0.93,892.8
2025-10-22,2025,WC_EMPLATE,Emplatado,General,480,2,0.95,912.0
2025-10-23,2025,WC_SARTEN,Sartén,Caliente,480,2,0.9,864.0
2025-10-23,2025,WC_PLANCHA,Plancha,Caliente,480,1,0.9,432.0
2025-10-23,2025,WC_HORNO,Horno,Caliente,480,1,0.92,441.6
2025-10-23,2025,WC_TABLA,Tabla,Fria,480,2,0.93,892.8
2025-10-23,2025,WC_EMPLATE,Emplatado,General,480,2,0.95,912.0
2025-10-24,2025,WC_SARTEN,Sartén,Caliente,480,2,0.9,864.0
2025-10-24,2025,WC_PLANCHA,Plancha,Caliente,480,1,0.9,432.0
2025-10-24,2025,WC_HORNO,Horno,Caliente,480,1,0.92,441.6
2025-10-24,2025,WC_TABLA,Tabla,Fria,480,2,0.93,892.8
2025-10-24,2025,WC_EMPLATE,Emplatado,General,480,2,0.95,912.0
2025-10-25,2025,WC_SARTEN,Sartén,Caliente,480,2,0.9,864.0
2025-10-25,2025,WC_PLANCHA,Plancha,Caliente,480,1,0.9,432.0
2025-10-25,2025,WC_HORNO,Horno,Caliente,480,1,0.92,441.6
2025-10-25,2025,WC_TABLA,Tabla,Fria,480,2,0.93,892.8
2025-10-25,2025,WC_EMPLATE,Emplatado,General,480,2,0.95,912.0
2025-10-26,2025,WC_SARTEN,Sartén,Caliente,480,2,0.9,864.0
2025-10-26,2025,WC_PLANCHA,Plancha,Caliente,480,1,0.9,432.0
2025-10-26,2025,WC_HORNO,Horno,Caliente,480,1,0.92,441.6
2025-10-26,2025,WC_TABLA,Tabla,Fria,480,2,0.93,892.8
2025-10-26,2025,WC_EMPLATE,Emplatado,General,480,2,0.95,912.0
2025-10-27,2025,WC_SARTEN,Sartén,Caliente,480,2,0.9,864.0
2025-10-27,2025,WC_PLANCHA,Plancha,Caliente,480,1,0.9,432.0
2025-10-27,2025,WC_HORNO,Horno,Caliente,480,1,0.92,441.6
2025-10-27,2025,WC_TABLA,Tabla,Fria,480,2,0.93,892.8
2025-10-27,2025,WC_EMPLATE,Emplatado,General,480,2,0.95,912.0
2025-10-28,2025,WC_SARTEN,Sartén,Caliente,480,2,0.9,864.0
2025-10-28,2025,WC_PLANCHA,Plancha,Caliente,480,1,0.9,432.0
2025-10-28,2025,WC_HORNO,Horno,Caliente,480,1,0.92,441.6
2025-10-28,2025,WC_TABLA,Tabla,Fria,480,2,0.93,892.8
2025-10-28,2025,WC_EMPLATE,Emplatado,General,480,2,0.95,912.0
2025-10-29,2025,WC_SARTEN,Sartén,Caliente,480,2,0.9,864.0
2025-10-29,2025,WC_PLANCHA,Plancha,Caliente,480,1,0.9,432.0
2025-10-29,2025,WC_HORNO,Horno,Caliente,480,1,0.92,441.6
2025-10-29,2025,WC_TABLA,Tabla,Fria,480,2,0.93,892.8
2025-10-29,2025,WC_EMPLATE,Emplatado,General,480,2,0.95,912.0
2025-10-30,2025,WC_SARTEN,Sartén,Caliente,480,2,0.9,864.0
2025-10-30,2025,WC_PLANCHA,Plancha,Caliente,480,1,0.9,432.0
2025-10-30,2025,WC_HORNO,Horno,Caliente,480,1,0.92,441.6
2025-10-30,2025,WC_TABLA,Tabla,Fria,480,2,0.93,892.8
2025-10-30,2025,WC_EMPLATE,Emplatado,General,480,2,0.95,912.0
2025-10-31,2025,WC_SARTEN,Sartén,Caliente,480,2,0.9,864.0
2025-10-31,2025,WC_PLANCHA,Plancha,Caliente,480,1,0.9,432.0
2025-10-31,2025,WC_HORNO,Horno,Caliente,480,1,0.92,441.6
2025-10-31,2025,WC_TABLA,Tabla,Fria,480,2,0.93,892.8
2025-10-31,2025,WC_EMPLATE,Emplatado,General,480,2,0.95,912.0
2025-11-01,2025,WC_SARTEN,Sartén,Caliente,480,2,0.874,838.8
2025-11-01,2025,WC_PLANCHA,Plancha,Caliente,480,1,0.857,411.5
2025-11-01,2025,WC_HORNO,Horno,Caliente,480,1,0.891,427.5
2025-11-01,2025,WC_TABLA,Tabla,Fria,480,2,0.938,900.2
2025-11-01,2025,WC_EMPLATE,Emplatado,General,480,2,0.943,904.8
2025-11-02,2025,WC_SARTEN,Sartén,Caliente,480,2,0.9,864.0
2025-11-02,2025,WC_PLANCHA,Plancha,Caliente,480,1,0.9,432.0
2025-11-02,2025,WC_HORNO,Horno,Caliente,480,1,0.92,441.6
2025-11-02,2025,WC_TABLA,Tabla,Fria,480,2,0.93,892.8
2025-11-02,2025,WC_EMPLATE,Emplatado,General,480,2,0.95,912.0
2025-11-03,2025,WC_SARTEN,Sartén,Caliente,480,2,0.9,864.0
2025-11-03,2025,WC_PLANCHA,Plancha,Caliente,480,1,0.9,432.0
2025-11-03,2025,WC_HORNO,Horno,Caliente,480,1,0.92,441.6
2025-11-03,2025,WC_TABLA,Tabla,Fria,480,2,0.93,892.8
2025-11-03,2025,WC_EMPLATE,Emplatado,General,480,2,0.95,912.0
2025-11-04,2025,WC_SARTEN,Sartén,Caliente,480,2,0.9,864.0
2025-11-04,2025,WC_PLANCHA,Plancha,Caliente,480,1,0.9,432.0
2025-11-04,2025,WC_HORNO,Horno,Caliente,480,1,0.92,441.6
2025-11-04,2025,WC_TABLA,Tabla,Fria,480,2,0.93,892.8
2025-11-04,2025,WC_EMPLATE,Emplatado,General,480,2,0.95,912.0
2025-11-05,2025,WC_SARTEN,Sartén,Caliente,480,2,0.9,864.0
2025-11-05,2025,WC_PLANCHA,Plancha,Caliente,480,1,0.9,432.0
2025-11-05,2025,WC_HORNO,Horno,Caliente,480,1,0.92,441.6
2025-11-05,2025,WC_TABLA,Tabla,Fria,480,2,0.93,892.8
2025-11-05,2025,WC_EMPLATE,Emplatado,General,480,2,0.95,912.0
2025-11-06,2025,WC_SARTEN,Sartén,Caliente,480,2,0.9,864.0
2025-11-06,2025,WC_PLANCHA,Plancha,Caliente,480,1,0.9,432.0
2025-11-06,2025,WC_HORNO,Horno,Caliente,480,1,0.92,441.6
2025-11-06,2025,WC_TABLA,Tabla,Fria,480,2,0.93,892.8
2025-11-06,2025,WC_EMPLATE,Emplatado,General,480,2,0.95,912.0
2025-11-07,2025,WC_SARTEN,Sartén,Caliente,480,2,0.9,864.0
2025-11-07,2025,WC_PLANCHA,Plancha,Caliente,480,1,0.9,432.0
2025-11-07,2025,WC_HORNO,Horno,Caliente,480,1,0.92,441.6
2025-11-07,2025,WC_TABLA,Tabla,Fria,480,2,0.93,892.8
2025-11-07,2025,WC_EMPLATE,Emplatado,General,480,2,0.95,912.0
2025-11-08,2025,WC_SARTEN,Sartén,Caliente,480,2,0.9,864.0
2025-11-08,2025,WC_PLANCHA,Plancha,Caliente,480,1,0.9,432.0
2025-11-08,2025,WC_HORNO,Horno,Caliente,480,1,0.92,441.6
2025-11-08,2025,WC_TABLA,Tabla,Fria,480,2,0.93,892.8
2025-11-08,2025,WC_EMPLATE,Emplatado,General,480,2,0.95,912.0
2025-11-09,2025,WC_SARTEN,Sartén,Caliente,480,2,0.9,864.0
2025-11-09,2025,WC_PLANCHA,Plancha,Caliente,480,1,0.9,432.0
2025-11-09,2025,WC_HORNO,Horno,Caliente,480,1,0.92,441.6
2025-11-09,2025,WC_TABLA,Tabla,Fria,480,2,0.93,892.8
2025-11-09,2025,WC_EMPLATE,Emplatado,General,480,2,0.95,912.0
2025-11-10,2025,WC_SARTEN,Sartén,Caliente,480,2,0.9,864.0
2025-11-10,2025,WC_PLANCHA,Plancha,Caliente,480,1,0.9,432.0
2025-11-10,2025,WC_HORNO,Horno,Caliente,480,1,0.92,441.6
2025-11-10,2025,WC_TABLA,Tabla,Fria,480,2,0.93,892.8
2025-11-10,2025,WC_EMPLATE,Emplatado,General,480,2,0.95,912.0
2025-11-11,2025,WC_SARTEN,Sartén,Caliente,480,2,0.9,864.0
2025-11-11,2025,WC_PLANCHA,Plancha,Caliente,480,1,0.9,432.0
2025-11-11,2025,WC_HORNO,Horno,Caliente,480,1,0.92,441.6
2025-11-11,2025,WC_TABLA,Tabla,Fria,480,2,0.93,892.8
2025-11-11,2025,WC_EMPLATE,Emplatado,General,480,2,0.95,912.0
2025-11-12,2025,WC_SARTEN,Sartén,Caliente,480,2,0.9,864.0
2025-11-12,2025,WC_PLANCHA,Plancha,Caliente,480,1,0.9,432.0
2025-11-12,2025,WC_HORNO,Horno,Caliente,480,1,0.92,441.6
2025-11-12,2025,WC_TABLA,Tabla,Fria,480,2,0.93,892.8
2025-11-12,2025,WC_EMPLATE,Emplatado,General,480,2,0.95,912.0
2025-11-13,2025,WC_SARTEN,Sartén,Caliente,480,2,0.9,864.0
2025-11-13,2025,WC_PLANCHA,Plancha,Caliente,480,1,0.9,432.0
2025-11-13,2025,WC_HORNO,Horno,Caliente,480,1,0.92,441.6
2025-11-13,2025,WC_TABLA,Tabla,Fria,480,2,0.93,892.8
2025-11-13,2025,WC_EMPLATE,Emplatado,General,480,2,0.95,912.0
2025-11-14,2025,WC_SARTEN,Sartén,Caliente,480,2,0.9,864.0
2025-11-14,2025,WC_PLANCHA,Plancha,Caliente,480,1,0.9,432.0
2025-11-14,2025,WC_HORNO,Horno,Caliente,480,1,0.92,441.6
2025-11-14,2025,WC_TABLA,Tabla,Fria,480,2,0.93,892.8
2025-11-14,2025,WC_EMPLATE,Emplatado,General,480,2,0.95,912.0
2025-11-15,2025,WC_SARTEN,Sartén,Caliente,480,2,0.9,864.0
2025-11-15,2025,WC_PLANCHA,Plancha,Caliente,480,1,0.9,432.0
2025-11-15,2025,WC_HORNO,Horno,Caliente,480,1,0.92,441.6
2025-11-15,2025,WC_TABLA,Tabla,Fria,480,2,0.93,892.8
2025-11-15,2025,WC_EMPLATE,Emplatado,General,480,2,0.95,912.0
2025-11-16,2025,WC_SARTEN,Sartén,Caliente,480,2,0.9,864.0
2025-11-16,2025,WC_PLANCHA,Plancha,Caliente,480,1,0.9,432.0
2025-11-16,2025,WC_HORNO,Horno,Caliente,480,1,0.92,441.6
2025-11-16,2025,WC_TABLA,Tabla,Fria,480,2,0.93,892.8
2025-11-16,2025,WC_EMPLATE,Emplatado,General,480,2,0.95,912.0
2025-11-17,2025,WC_SARTEN,Sartén,Caliente,480,2,0.9,864.0
2025-11-17,2025,WC_PLANCHA,Plancha,Caliente,480,1,0.9,432.0
2025-11-17,2025,WC_HORNO,Horno,Caliente,480,1,0.92,441.6
2025-11-17,2025,WC_TABLA,Tabla,Fria,480,2,0.93,892.8
2025-11-17,2025,WC_EMPLATE,Emplatado,General,480,2,0.95,912.0
2025-11-18,2025,WC_SARTEN,Sartén,Caliente,480,2,0.9,864.0
2025-11-18,2025,WC_PLANCHA,Plancha,Caliente,480,1,0.9,432.0
2025-11-18,2025,WC_HORNO,Horno,Caliente,480,1,0.92,441.6
2025-11-18,2025,WC_TABLA,Tabla,Fria,480,2,0.93,892.8
2025-11-18,2025,WC_EMPLATE,Emplatado,General,480,2,0.95,912.0
2025-11-19,2025,WC_SARTEN,Sartén,Caliente,480,2,0.9,864.0
2025-11-19,2025,WC_PLANCHA,Plancha,Caliente,480,1,0.9,432.0
2025-11-19,2025,WC_HORNO,Horno,Caliente,480,1,0.92,441.6
2025-11-19,2025,WC_TABLA,Tabla,Fria,480,2,0.93,892.8
2025-11-19,2025,WC_EMPLATE,Emplatado,General,480,2,0.95,912.0
2025-11-20,2025,WC_SARTEN,Sartén,Caliente,480,2,0.9,864.0
2025-11-20,2025,WC_PLANCHA,Plancha,Caliente,480,1,0.9,432.0
2025-11-20,2025,WC_HORNO,Horno,Caliente,480,1,0.92,441.6
2025-11-20,2025,WC_TABLA,Tabla,Fria,480,2,0.93,892.8
2025-11-20,2025,WC_EMPLATE,Emplatado,General,480,2,0.95,912.0
2025-11-21,2025,WC_SARTEN,Sartén,Caliente,480,2,0.9,864.0
2025-11-21,2025,WC_PLANCHA,Plancha,Caliente,480,1,0.9,432.0
2025-11-21,2025,WC_HORNO,Horno,Caliente,480,1,0.92,441.6
2025-11-21,2025,WC_TABLA,Tabla,Fria,480,2,0.93,892.8
2025-11-21,2025,WC_EMPLATE,Emplatado,General,480,2,0.95,912.0
2025-11-22,2025,WC_SARTEN,Sartén,Caliente,480,2,0.9,864.0
2025-11-22,2025,WC_PLANCHA,Plancha,Caliente,480,1,0.9,432.0
2025-11-22,2025,WC_HORNO,Horno,Caliente,480,1,0.92,441.6
2025-11-22,2025,WC_TABLA,Tabla,Fria,480,2,0.93,892.8
2025-11-22,2025,WC_EMPLATE,Emplatado,General,480,2,0.95,912.0
2025-11-23,2025,WC_SARTEN,Sartén,Caliente,480,2,0.9,864.0
2025-11-23,2025,WC_PLANCHA,Plancha,Caliente,480,1,0.9,432.0
2025-11-23,2025,WC_HORNO,Horno,Caliente,480,1,0.92,441.6
2025-11-23,2025,WC_TABLA,Tabla,Fria,480,2,0.93,892.8
2025-11-23,2025,WC_EMPLATE,Emplatado,General,480,2,0.95,912.0
2025-11-24,2025,WC_SARTEN,Sartén,Caliente,480,2,0.9,864.0
2025-11-24,2025,WC_PLANCHA,Plancha,Caliente,480,1,0.9,432.0
2025-11-24,2025,WC_HORNO,Horno,Caliente,480,1,0.92,441.6
2025-11-24,2025,WC_TABLA,Tabla,Fria,480,2,0.93,892.8
2025-11-24,2025,WC_EMPLATE,Emplatado,General,480,2,0.95,912.0
2025-11-25,2025,WC_SARTEN,Sartén,Caliente,480,2,0.9,864.0
2025-11-25,2025,WC_PLANCHA,Plancha,Caliente,480,1,0.9,432.0
2025-11-25,2025,WC_HORNO,Horno,Caliente,480,1,0.92,441.6
2025-11-25,2025,WC_TABLA,Tabla,Fria,480,2,0.93,892.8
2025-11-25,2025,WC_EMPLATE,Emplatado,General,480,2,0.95,912.0
2025-11-26,2025,WC_SARTEN,Sartén,Caliente,480,2,0.9,864.0
2025-11-26,2025,WC_PLANCHA,Plancha,Caliente,480,1,0.9,432.0
2025-11-26,2025,WC_HORNO,Horno,Caliente,480,1,0.92,441.6
2025-11-26,2025,WC_TABLA,Tabla,Fria,480,2,0.93,892.8
2025-11-26,2025,WC_EMPLATE,Emplatado,General,480,2,0.95,912.0
2025-11-27,2025,WC_SARTEN,Sartén,Caliente,480,2,0.9,864.0
2025-11-27,2025,WC_PLANCHA,Plancha,Caliente,480,1,0.9,432.0
2025-11-27,2025,WC_HORNO,Horno,Caliente,480,1,0.92,441.6
2025-11-27,2025,WC_TABLA,Tabla,Fria,480,2,0.93,892.8
2025-11-27,2025,WC_EMPLATE,Emplatado,General,480,2,0.95,912.0
2025-11-28,2025,WC_SARTEN,Sartén,Caliente,480,2,0.9,864.0
2025-11-28,2025,WC_PLANCHA,Plancha,Caliente,480,1,0.9,432.0
2025-11-28,2025,WC_HORNO,Horno,Caliente,480,1,0.92,441.6
2025-11-28,2025,WC_TABLA,Tabla,Fria,480,2,0.93,892.8
2025-11-28,2025,WC_EMPLATE,Emplatado,General,480,2,0.95,912.0
2025-11-29,2025,WC_SARTEN,Sartén,Caliente,480,2,0.9,864.0
2025-11-29,2025,WC_PLANCHA,Plancha,Caliente,480,1,0.9,432.0
2025-11-29,2025,WC_HORNO,Horno,Caliente,480,1,0.92,441.6
2025-11-29,2025,WC_TABLA,Tabla,Fria,480,2,0.93,892.8
2025-11-29,2025,WC_EMPLATE,Emplatado,General,480,2,0.95,912.0
2025-11-30,2025,WC_SARTEN,Sartén,Caliente,480,2,0.9,864.0
2025-11-30,2025,WC_PLANCHA,Plancha,Caliente,480,1,0.9,432.0
2025-11-30,2025,WC_HORNO,Horno,Caliente,480,1,0.92,441.6
2025-11-30,2025,WC_TABLA,Tabla,Fria,480,2,0.93,892.8
2025-11-30,2025,WC_EMPLATE,Emplatado,General,480,2,0.95,912.0
2025-12-01,2025,WC_SARTEN,Sartén,Caliente,480,2,0.9,864.0
2025-12-01,2025,WC_PLANCHA,Plancha,Caliente,480,1,0.9,432.0
2025-12-01,2025,WC_HORNO,Horno,Caliente,480,1,0.92,441.6
2025-12-01,2025,WC_TABLA,Tabla,Fria,480,2,0.93,892.8
2025-12-01,2025,WC_EMPLATE,Emplatado,General,480,2,0.95,912.0
2025-12-02,2025,WC_SARTEN,Sartén,Caliente,480,2,0.9,864.0
2025-12-02,2025,WC_PLANCHA,Plancha,Caliente,480,1,0.9,432.0
2025-12-02,2025,WC_HORNO,Horno,Caliente,480,1,0.92,441.6
2025-12-02,2025,WC_TABLA,Tabla,Fria,480,2,0.93,892.8
2025-12-02,2025,WC_EMPLATE,Emplatado,General,480,2,0.95,912.0
2025-12-03,2025,WC_SARTEN,Sartén,Caliente,480,2,0.9,864.0
2025-12-03,2025,WC_PLANCHA,Plancha,Caliente,480,1,0.9,432.0
2025-12-03,2025,WC_HORNO,Horno,Caliente,480,1,0.92,441.6
2025-12-03,2025,WC_TABLA,Tabla,Fria,480,2,0.93,892.8
2025-12-03,2025,WC_EMPLATE,Emplatado,General,480,2,0.95,912.0
2025-12-04,2025,WC_SARTEN,Sartén,Caliente,480,2,0.9,864.0
2025-12-04,2025,WC_PLANCHA,Plancha,Caliente,480,1,0.9,432.0
2025-12-04,2025,WC_HORNO,Horno,Caliente,480,1,0.92,441.6
2025-12-04,2025,WC_TABLA,Tabla,Fria,480,2,0.93,892.8
2025-12-04,2025,WC_EMPLATE,Emplatado,General,480,2,0.95,912.0
2025-12-05,2025,WC_SARTEN,Sartén,Caliente,480,2,0.9,864.0
2025-12-05,2025,WC_PLANCHA,Plancha,Caliente,480,1,0.9,432.0
2025-12-05,2025,WC_HORNO,Horno,Caliente,480,1,0.92,441.6
2025-12-05,2025,WC_TABLA,Tabla,Fria,480,2,0.93,892.8
2025-12-05,2025,WC_EMPLATE,Emplatado,General,480,2,0.95,912.0
2025-12-06,2025,WC_SARTEN,Sartén,Caliente,480,2,0.9,864.0
2025-12-06,2025,WC_PLANCHA,Plancha,Caliente,480,1,0.9,432.0
2025-12-06,2025,WC_HORNO,Horno,Caliente,480,1,0.92,441.6
2025-12-06,2025,WC_TABLA,Tabla,Fria,480,2,0.93,892.8
2025-12-06,2025,WC_EMPLATE,Emplatado,General,480,2,0.95,912.0
2025-12-07,2025,WC_SARTEN,Sartén,Caliente,480,2,0.9,864.0
2025-12-07,2025,WC_PLANCHA,Plancha,Caliente,480,1,0.9,432.0
2025-12-07,2025,WC_HORNO,Horno,Caliente,480,1,0.92,441.6
2025-12-07,2025,WC_TABLA,Tabla,Fria,480,2,0.93,892.8
2025-12-07,2025,WC_EMPLATE,Emplatado,General,480,2,0.95,912.0
2025-12-08,2025,WC_SARTEN,Sartén,Caliente,480,2,0.935,897.9
2025-12-08,2025,WC_PLANCHA,Plancha,Caliente,480,1,0.929,445.7
2025-12-08,2025,WC_HORNO,Horno,Caliente,480,1,0.905,434.6
2025-12-08,2025,WC_TABLA,Tabla,Fria,480,2,0.908,871.3
2025-12-08,2025,WC_EMPLATE,Emplatado,General,480,2,0.939,901.0
2025-12-09,2025,WC_SARTEN,Sartén,Caliente,480,2,0.9,864.0
2025-12-09,2025,WC_PLANCHA,Plancha,Caliente,480,1,0.9,432.0
2025-12-09,2025,WC_HORNO,Horno,Caliente,480,1,0.92,441.6
2025-12-09,2025,WC_TABLA,Tabla,Fria,480,2,0.93,892.8
2025-12-09,2025,WC_EMPLATE,Emplatado,General,480,2,0.95,912.0
2025-12-10,2025,WC_SARTEN,Sartén,Caliente,480,2,0.9,864.0
2025-12-10,2025,WC_PLANCHA,Plancha,Caliente,480,1,0.9,432.0
2025-12-10,2025,WC_HORNO,Horno,Caliente,480,1,0.92,441.6
2025-12-10,2025,WC_TABLA,Tabla,Fria,480,2,0.93,892.8
2025-12-10,2025,WC_EMPLATE,Emplatado,General,480,2,0.95,912.0
2025-12-11,2025,WC_SARTEN,Sartén,Caliente,480,2,0.9,864.0
2025-12-11,2025,WC_PLANCHA,Plancha,Caliente,480,1,0.9,432.0
2025-12-11,2025,WC_HORNO,Horno,Caliente,480,1,0.92,441.6
2025-12-11,2025,WC_TABLA,Tabla,Fria,480,2,0.93,892.8
2025-12-11,2025,WC_EMPLATE,Emplatado,General,480,2,0.95,912.0
2025-12-12,2025,WC_SARTEN,Sartén,Caliente,480,2,0.9,864.0
2025-12-12,2025,WC_PLANCHA,Plancha,Caliente,480,1,0.9,432.0
2025-12-12,2025,WC_HORNO,Horno,Caliente,480,1,0.92,441.6
2025-12-12,2025,WC_TABLA,Tabla,Fria,480,2,0.93,892.8
2025-12-12,2025,WC_EMPLATE,Emplatado,General,480,2,0.95,912.0
2025-12-13,2025,WC_SARTEN,Sartén,Caliente,480,2,0.9,864.0
2025-12-13,2025,WC_PLANCHA,Plancha,Caliente,480,1,0.9,432.0
2025-12-13,2025,WC_HORNO,Horno,Caliente,480,1,0.92,441.6
2025-12-13,2025,WC_TABLA,Tabla,Fria,480,2,0.93,892.8
2025-12-13,2025,WC_EMPLATE,Emplatado,General,480,2,0.95,912.0
2025-12-14,2025,WC_SARTEN,Sartén,Caliente,480,2,0.9,864.0
2025-12-14,2025,WC_PLANCHA,Plancha,Caliente,480,1,0.9,432.0
2025-12-14,2025,WC_HORNO,Horno,Caliente,480,1,0.92,441.6
2025-12-14,2025,WC_TABLA,Tabla,Fria,480,2,0.93,892.8
2025-12-14,2025,WC_EMPLATE,Emplatado,General,480,2,0.95,912.0
2025-12-15,2025,WC_SARTEN,Sartén,Caliente,480,2,0.9,864.0
2025-12-15,2025,WC_PLANCHA,Plancha,Caliente,480,1,0.9,432.0
2025-12-15,2025,WC_HORNO,Horno,Caliente,480,1,0.92,441.6
2025-12-15,2025,WC_TABLA,Tabla,Fria,480,2,0.93,892.8
2025-12-15,2025,WC_EMPLATE,Emplatado,General,480,2,0.95,912.0
2025-12-16,2025,WC_SARTEN,Sartén,Caliente,480,2,0.9,864.0
2025-12-16,2025,WC_PLANCHA,Plancha,Caliente,480,1,0.9,432.0
2025-12-16,2025,WC_HORNO,Horno,Caliente,480,1,0.92,441.6
2025-12-16,2025,WC_TABLA,Tabla,Fria,480,2,0.93,892.8
2025-12-16,2025,WC_EMPLATE,Emplatado,General,480,2,0.95,912.0
2025-12-17,2025,WC_SARTEN,Sartén,Caliente,480,2,0.9,864.0
2025-12-17,2025,WC_PLANCHA,Plancha,Caliente,480,1,0.9,432.0
2025-12-17,2025,WC_HORNO,Horno,Caliente,480,1,0.92,441.6
2025-12-17,2025,WC_TABLA,Tabla,Fria,480,2,0.93,892.8
2025-12-17,2025,WC_EMPLATE,Emplatado,General,480,2,0.95,912.0
2025-12-18,2025,WC_SARTEN,Sartén,Caliente,480,2,0.9,864.0
2025-12-18,2025,WC_PLANCHA,Plancha,Caliente,480,1,0.9,432.0
2025-12-18,2025,WC_HORNO,Horno,Caliente,480,1,0.92,441.6
2025-12-18,2025,WC_TABLA,Tabla,Fria,480,2,0.93,892.8
2025-12-18,2025,WC_EMPLATE,Emplatado,General,480,2,0.95,912.0
2025-12-19,2025,WC_SARTEN,Sartén,Caliente,480,2,0.9,864.0
2025-12-19,2025,WC_PLANCHA,Plancha,Caliente,480,1,0.9,432.0
2025-12-19,2025,WC_HORNO,Horno,Caliente,480,1,0.92,441.6
2025-12-19,2025,WC_TABLA,Tabla,Fria,480,2,0.93,892.8
2025-12-19,2025,WC_EMPLATE,Emplatado,General,480,2,0.95,912.0
2025-12-20,2025,WC_SARTEN,Sartén,Caliente,480,2,0.9,864.0
2025-12-20,2025,WC_PLANCHA,Plancha,Caliente,480,1,0.9,432.0
2025-12-20,2025,WC_HORNO,Horno,Caliente,480,1,0.92,441.6
2025-12-20,2025,WC_TABLA,Tabla,Fria,480,2,0.93,892.8
2025-12-20,2025,WC_EMPLATE,Emplatado,General,480,2,0.95,912.0
2025-12-21,2025,WC_SARTEN,Sartén,Caliente,480,2,0.9,864.0
2025-12-21,2025,WC_PLANCHA,Plancha,Caliente,480,1,0.9,432.0
2025-12-21,2025,WC_HORNO,Horno,Caliente,480,1,0.92,441.6
2025-12-21,2025,WC_TABLA,Tabla,Fria,480,2,0.93,892.8
2025-12-21,2025,WC_EMPLATE,Emplatado,General,480,2,0.95,912.0
2025-12-22,2025,WC_SARTEN,Sartén,Caliente,480,2,0.9,864.0
2025-12-22,2025,WC_PLANCHA,Plancha,Caliente,480,1,0.9,432.0
2025-12-22,2025,WC_HORNO,Horno,Caliente,480,1,0.92,441.6
2025-12-22,2025,WC_TABLA,Tabla,Fria,480,2,0.93,892.8
2025-12-22,2025,WC_EMPLATE,Emplatado,General,480,2,0.95,912.0
2025-12-23,2025,WC_SARTEN,Sartén,Caliente,480,2,0.9,864.0
2025-12-23,2025,WC_PLANCHA,Plancha,Caliente,480,1,0.9,432.0
2025-12-23,2025,WC_HORNO,Horno,Caliente,480,1,0.92,441.6
2025-12-23,2025,WC_TABLA,Tabla,Fria,480,2,0.93,892.8
2025-12-23,2025,WC_EMPLATE,Emplatado,General,480,2,0.95,912.0
2025-12-24,2025,WC_SARTEN,Sartén,Caliente,480,2,0.9,864.0
2025-12-24,2025,WC_PLANCHA,Plancha,Caliente,480,1,0.9,432.0
2025-12-24,2025,WC_HORNO,Horno,Caliente,480,1,0.92,441.6
2025-12-24,2025,WC_TABLA,Tabla,Fria,480,2,0.93,892.8
2025-12-24,2025,WC_EMPLATE,Emplatado,General,480,2,0.95,912.0
2025-12-25,2025,WC_SARTEN,Sartén,Caliente,480,2,0.908,871.8
2025-12-25,2025,WC_PLANCHA,Plancha,Caliente,480,1,0.879,422.0
2025-12-25,2025,WC_HORNO,Horno,Caliente,480,1,0.931,447.1
2025-12-25,2025,WC_TABLA,Tabla,Fria,480,2,0.922,884.7
2025-12-25,2025,WC_EMPLATE,Emplatado,General,480,2,0.955,916.7
2025-12-26,2025,WC_SARTEN,Sartén,Caliente,480,2,0.9,864.0
2025-12-26,2025,WC_PLANCHA,Plancha,Caliente,480,1,0.9,432.0
2025-12-26,2025,WC_HORNO,Horno,Caliente,480,1,0.92,441.6
2025-12-26,2025,WC_TABLA,Tabla,Fria,480,2,0.93,892.8
2025-12-26,2025,WC_EMPLATE,Emplatado,General,480,2,0.95,912.0
2025-12-27,2025,WC_SARTEN,Sartén,Caliente,480,2,0.9,864.0
2025-12-27,2025,WC_PLANCHA,Plancha,Caliente,480,1,0.9,432.0
2025-12-27,2025,WC_HORNO,Horno,Caliente,480,1,0.92,441.6
2025-12-27,2025,WC_TABLA,Tabla,Fria,480,2,0.93,892.8
2025-12-27,2025,WC_EMPLATE,Emplatado,General,480,2,0.95,912.0
2025-12-28,2025,WC_SARTEN,Sartén,Caliente,480,2,0.9,864.0
2025-12-28,2025,WC_PLANCHA,Plancha,Caliente,480,1,0.9,432.0
2025-12-28,2025,WC_HORNO,Horno,Caliente,480,1,0.92,441.6
2025-12-28,2025,WC_TABLA,Tabla,Fria,480,2,0.93,892.8
2025-12-28,2025,WC_EMPLATE,Emplatado,General,480,2,0.95,912.0
2025-12-29,2025,WC_SARTEN,Sartén,Caliente,480,2,0.9,864.0
2025-12-29,2025,WC_PLANCHA,Plancha,Caliente,480,1,0.9,432.0
2025-12-29,2025,WC_HORNO,Horno,Caliente,480,1,0.92,441.6
2025-12-29,2025,WC_TABLA,Tabla,Fria,480,2,0.93,892.8
2025-12-29,2025,WC_EMPLATE,Emplatado,General,480,2,0.95,912.0
2025-12-30,2025,WC_SARTEN,Sartén,Caliente,480,2,0.9,864.0
2025-12-30,2025,WC_PLANCHA,Plancha,Caliente,480,1,0.9,432.0
2025-12-30,2025,WC_HORNO,Horno,Caliente,480,1,0.92,441.6
2025-12-30,2025,WC_TABLA,Tabla,Fria,480,2,0.93,892.8
2025-12-30,2025,WC_EMPLATE,Emplatado,General,480,2,0.95,912.0
2025-12-31,2025,WC_SARTEN,Sartén,Caliente,480,2,0.9,864.0
2025-12-31,2025,WC_PLANCHA,Plancha,Caliente,480,1,0.9,432.0
2025-12-31,2025,WC_HORNO,Horno,Caliente,480,1,0.92,441.6
2025-12-31,2025,WC_TABLA,Tabla,Fria,480,2,0.93,892.8
2025-12-31,2025,WC_EMPLATE,Emplatado,General,480,2,0.95,912.0
